{
  "steersLeft": true,
  "leftEye": [
    [
      0.35701935319094297,
      0.3507999256888164
    ],
    [
      0.3711382434374411,
      0.34504522340212956
    ],
    [
      0.3964717583400302,
      0.3436561265519722
    ],
    [
      0.42239536192759286,
      0.3528080331835483
    ],
    [
      0.3991972998941047,
      0.3594233290577696
    ],
    [
      0.373917871310575,
      0.35764671150010885
    ]
  ],
  "rightEye": [
    [
      0.5349054296424149,
      0.3522868486181603
    ],
    [
      0.5606386354988179,
      0.34296081988348626
    ],
    [
      0.5856462976891621,
      0.34212513928335136
    ],
    [
      0.611424161407864,
      0.34858394284767535
    ],
    [
      0.5875131321277274,
      0.3575227551865814
    ],
    [
      0.5572950979536304,
      0.3565958470000546
    ]
  ],
  "mouth": [
    [
      0.4001156948504474,
      0.502675730195679
    ],
    [
      0.41838257369549875,
      0.49314062915510365
    ],
    [
      0.4453340719598167,
      0.4857400517759817
    ],
    [
      0.4621734037522725,
      0.4889139623132049
    ],
    [
      0.4796848564328747,
      0.48657703077285397
    ],
    [
      0.5175415608578141,
      0.49159860044235243
    ],
    [
      0.5524102006179805,
      0.5004727566812237
    ],
    [
      0.5182200702583971,
      0.5107252624941327
    ],
    [
      0.4889299906625135,
      0.5198701953151074
    ],
    [
      0.46461805908019027,
      0.5214200955580793
    ],
    [
      0.44008161912240473,
      0.5197256675282711
    ],
    [
      0.41904457172335885,
      0.5149354153525272
    ],
    [
      0.4059185319223509,
      0.5028496747835979
    ],
    [
      0.4419947316981624,
      0.49966121814542563
    ],
    [
      0.46219499198632796,
      0.49845139641041775
    ],
    [
      0.48849703777981734,
      0.4979540293101822
    ],
    [
      0.5484762349016512,
      0.4983604072015519
    ],
    [
      0.4864607380185956,
      0.5041578094965687
    ],
    [
      0.4636367743112008,
      0.5036802632340281
    ],
    [
      0.4429516043254252,
      0.5031584294702713
    ]
  ]
}
