{
  "steersLeft": false,
  "leftEye": [
    [
      0.44508230808800947,
      0.3197231828904736
    ],
    [
      0.45964568164964986,
      0.3149134526523855
    ],
    [
      0.47563503896226766,
      0.31502242061946006
    ],
    [
      0.4917797684951164,
      0.3224423283771558
    ],
    [
      0.4780481171934743,
      0.32724353363152386
    ],
    [
      0.4595592100135679,
      0.32577310937014825
    ]
  ],
  "rightEye": [
    [
      0.5615443917066716,
      0.32120193611796705
    ],
    [
      0.5793684435658065,
      0.3134752715046035
    ],
    [
      0.5950278888972801,
      0.3124937757305234
    ],
    [
      0.6051262511030037,
      0.31824575901871915
    ],
    [
      0.5944995188510496,
      0.3247602400878373
    ],
    [
      0.5776770169520931,
      0.3249141459812191
    ]
  ],
  "mouth": [
    [
      0.48815287502988497,
      0.4184658062081889
    ],
    [
      0.508214197844003,
      0.4134478553811109
    ],
    [
      0.5284801808401066,
      0.40951619846619414
    ],
    [
      0.5373903683886898,
      0.4113861636242781
    ],
    [
      0.5461684440743366,
      0.40961479175617455
    ],
    [
      0.5614062035107981,
      0.4128466159356332
    ],
    [
      0.5707455078838453,
      0.417179930737363
    ],
    [
      0.5607609317853527,
      0.42508324641388323
    ],
    [
      0.5498815285806578,
      0.43000347355634355
    ],
    [
      0.5363284227753365,
      0.4313529300094298
    ],
    [
      0.522055639193158,
      0.4310285529532971
    ],
    [
      0.5076534142383146,
      0.4267442924475221
    ],
    [
      0.49255563300026395,
      0.41850073298095525
    ],
    [
      0.5231493404190904,
      0.4183102466390353
    ],
    [
      0.534807017375591,
      0.4182621759950484
    ],
    [
      0.5466711154895464,
      0.41739419579641523
    ],
    [
      0.5684240003770294,
      0.41631014004887623
    ],
    [
      0.5468521089352831,
      0.41819448933500974
    ],
    [
      0.53568079018168,
      0.41858984614689904
    ],
    [
      0.5237875101885232,
      0.41859705959466226
    ]
  ]
}
