{
  "steersLeft": false,
  "leftEye": [
    [
      0.5103031369683492,
      0.3776011468615851
    ],
    [
      0.5366972701291479,
      0.3703231160279574
    ],
    [
      0.5630224171276347,
      0.3708498474052744
    ],
    [
      0.5887530962387235,
      0.38419908254175467
    ],
    [
      0.5659940700592491,
      0.3906849305488781
    ],
    [
      0.5335563554835016,
      0.3875734917912797
    ]
  ],
  "rightEye": [
    [
      0.7110494062581417,
      0.38790520455915917
    ],
    [
      0.7427340091822539,
      0.37592610551401123
    ],
    [
      0.7704924421018768,
      0.3770882528587233
    ],
    [
      0.7869783957475037,
      0.38792346045262915
    ],
    [
      0.7671062924807405,
      0.3962581265924319
    ],
    [
      0.7378793177750758,
      0.39582056696656226
    ]
  ],
  "mouth": [
    [
      0.5435882585228553,
      0.5503301062546347
    ],
    [
      0.5858979661526948,
      0.5431474715209796
    ],
    [
      0.628646213415843,
      0.5407863686470665
    ],
    [
      0.6473873219614287,
      0.5454075357638053
    ],
    [
      0.6663158617299612,
      0.544176871185724
    ],
    [
      0.6985774647936058,
      0.551363150511461
    ],
    [
      0.716501692966091,
      0.5604830615795882
    ],
    [
      0.6910015576154753,
      0.578208601035576
    ],
    [
      0.6651363234509604,
      0.5870864321501249
    ],
    [
      0.6354717854751866,
      0.5882502206590424
    ],
    [
      0.6070954061843536,
      0.5852199838521341
    ],
    [
      0.5774313716458546,
      0.5735209530464053
    ],
    [
      0.5499622168354223,
      0.5508268905018336
    ],
    [
      0.61656857012714,
      0.5539161433540184
    ],
    [
      0.6418970181114003,
      0.555716418154813
    ],
    [
      0.6678733441012041,
      0.5566437033751449
    ],
    [
      0.7131943846733113,
      0.5589849805463478
    ],
    [
      0.6634875816319178,
      0.5682619823153504
    ],
    [
      0.6386409688865924,
      0.5679561439557145
    ],
    [
      0.6123189493014788,
      0.5657259609768848
    ]
  ]
}
