{
  "steersLeft": true,
  "leftEye": [
    [
      0.4031616984060813,
      0.2795726151762358
    ],
    [
      0.4093376498358816,
      0.2757157212176265
    ],
    [
      0.4237219051985577,
      0.2746800898283474
    ],
    [
      0.43900483232963916,
      0.2799708803071177
    ],
    [
      0.4264986751743506,
      0.2847577362941641
    ],
    [
      0.412083717436628,
      0.28399397786486696
    ]
  ],
  "rightEye": [
    [
      0.5003547372861133,
      0.2753812587087947
    ],
    [
      0.514708027137379,
      0.26884321213548334
    ],
    [
      0.528641962203919,
      0.26698840749892816
    ],
    [
      0.5432614426805874,
      0.2706516371495276
    ],
    [
      0.5305297776613211,
      0.2776197684551522
    ],
    [
      0.5134900816809904,
      0.2777628230978337
    ]
  ],
  "mouth": [
    [
      0.4405023225819052,
      0.36278367932922795
    ],
    [
      0.44785637310439746,
      0.3580582878127783
    ],
    [
      0.4606862819647214,
      0.3532935248428244
    ],
    [
      0.4690000002045749,
      0.3548258311406859
    ],
    [
      0.47756365100162473,
      0.3528822238890549
    ],
    [
      0.4982822282943407,
      0.3548257431457387
    ],
    [
      0.5175368558234779,
      0.3582419332675177
    ],
    [
      0.5008640095255203,
      0.36690473411923524
    ],
    [
      0.4864974876742348,
      0.3733796286045702
    ],
    [
      0.4731440126313003,
      0.3750489933179991
    ],
    [
      0.46049188057806356,
      0.374933631942262
    ],
    [
      0.4495854233570139,
      0.37094774996181135
    ],
    [
      0.44348936200687994,
      0.3625728811479339
    ],
    [
      0.4608536836808838,
      0.3617151064029412
    ],
    [
      0.4705744766387756,
      0.3607742769985289
    ],
    [
      0.4833619923513081,
      0.3598352074930598
    ],
    [
      0.5154553720021462,
      0.3571825369571499
    ],
    [
      0.48212424588352604,
      0.3621602979820771
    ],
    [
      0.4707585499231451,
      0.3629305177546377
    ],
    [
      0.4610624259993815,
      0.3630073247728085
    ]
  ]
}
