{
  "steersLeft": true,
  "leftEye": [
    [
      0.3903098192812938,
      0.2600095433646718
    ],
    [
      0.39706492994416137,
      0.25709070592024597
    ],
    [
      0.40722186390350223,
      0.25652662493797146
    ],
    [
      0.41841706216558816,
      0.26158746859711324
    ],
    [
      0.4094933389575959,
      0.2654042343307335
    ],
    [
      0.39819754718867423,
      0.2642427788050371
    ]
  ],
  "rightEye": [
    [
      0.46406184332145645,
      0.26099867455321235
    ],
    [
      0.4747337922128927,
      0.2556015153385032
    ],
    [
      0.48459965948490813,
      0.25540645698593367
    ],
    [
      0.49439671222718123,
      0.25910002431324786
    ],
    [
      0.4854394815868328,
      0.26370774699687777
    ],
    [
      0.4736486977776778,
      0.26361193558823276
    ]
  ],
  "mouth": [
    [
      0.41576505506188893,
      0.3439612451826314
    ],
    [
      0.42433687254675906,
      0.33921559242847094
    ],
    [
      0.4357278005648898,
      0.33533233685713104
    ],
    [
      0.44197489103690246,
      0.3368091945343145
    ],
    [
      0.447984270358197,
      0.3357663928354889
    ],
    [
      0.4618787331150563,
      0.3386600252362944
    ],
    [
      0.47345543446903016,
      0.34327013556135244
    ],
    [
      0.46239893988655456,
      0.3463433719650881
    ],
    [
      0.45288315277817043,
      0.3495306703637514
    ],
    [
      0.44330339340422537,
      0.34993407336228516
    ],
    [
      0.43356532177018187,
      0.35000336221620754
    ],
    [
      0.42515142812849716,
      0.34805170022150916
    ],
    [
      0.41765988223550626,
      0.3436101312534166
    ],
    [
      0.4340345164537809,
      0.34262129747771985
    ],
    [
      0.44212920907641284,
      0.34211810830075967
    ],
    [
      0.4513098441778529,
      0.3418594758681633
    ],
    [
      0.472487771413827,
      0.3422282677944474
    ],
    [
      0.4507413053951548,
      0.34102257280312903
    ],
    [
      0.4426084249163657,
      0.3406582615264165
    ],
    [
      0.43454790003484184,
      0.3407827190730799
    ]
  ]
}
