{
  "steersLeft": true,
  "leftEye": [
    [
      0.3217197295589031,
      0.336769670911478
    ],
    [
      0.3262362841858895,
      0.33116913942920195
    ],
    [
      0.3425917154682744,
      0.3311614077253657
    ],
    [
      0.36069600080352177,
      0.34076059150044236
    ],
    [
      0.3452319525985901,
      0.34606483937005983
    ],
    [
      0.3291053372338481,
      0.3440526604956283
    ]
  ],
  "rightEye": [
    [
      0.42941443040183436,
      0.3390899139183065
    ],
    [
      0.44610865592851073,
      0.3299466291746282
    ],
    [
      0.4634231648193628,
      0.32815980684244644
    ],
    [
      0.48297383917130493,
      0.3352318212469534
    ],
    [
      0.4657397898287703,
      0.34399234140157714
    ],
    [
      0.44479580424236226,
      0.3434669317951292
    ]
  ],
  "mouth": [
    [
      0.35477174641789244,
      0.4476913540106813
    ],
    [
      0.3586430270860802,
      0.44300566605622455
    ],
    [
      0.3693954871753532,
      0.4381140039376848
    ],
    [
      0.3786978081026612,
      0.4405759987828883
    ],
    [
      0.38873589404601033,
      0.43862731037822916
    ],
    [
      0.41362390170762037,
      0.4420675683962564
    ],
    [
      0.4398619824142446,
      0.4475360903804621
    ],
    [
      0.41649909607231483,
      0.4560042931094333
    ],
    [
      0.39823333663968014,
      0.462926076376956
    ],
    [
      0.38374509905655185,
      0.4639401611435333
    ],
    [
      0.3705064534476536,
      0.46273061575620655
    ],
    [
      0.3609657830383779,
      0.45732246795198267
    ],
    [
      0.358632362772559,
      0.4477488165057578
    ],
    [
      0.3720075800619111,
      0.4485413771369742
    ],
    [
      0.3816046323233148,
      0.4487158893652429
    ],
    [
      0.39565779081200864,
      0.44848188433188263
    ],
    [
      0.43663889075553597,
      0.4457688550313323
    ],
    [
      0.3945001111119009,
      0.4478386223115389
    ],
    [
      0.3818585840694226,
      0.4473159512627857
    ],
    [
      0.37179388921149964,
      0.4468540321261103
    ]
  ]
}
