{
  "steersLeft": true,
  "leftEye": [
    [
      0.4006677727633289,
      0.2570079597300934
    ],
    [
      0.4064878983031716,
      0.251993849737721
    ],
    [
      0.42061950030264544,
      0.2509818027209569
    ],
    [
      0.43610714133361855,
      0.25752656487532954
    ],
    [
      0.4230005345017761,
      0.26245766485712935
    ],
    [
      0.408568430524573,
      0.2614436326618914
    ]
  ],
  "rightEye": [
    [
      0.4985431799079345,
      0.2566331474264108
    ],
    [
      0.5137334308504328,
      0.2501054221949328
    ],
    [
      0.5282789239841185,
      0.24959168149465916
    ],
    [
      0.5439995966966379,
      0.2553402203866514
    ],
    [
      0.5293605200280961,
      0.26153387493526276
    ],
    [
      0.5115402147026018,
      0.2599703309421369
    ]
  ],
  "mouth": [
    [
      0.42346074889394036,
      0.35452949992557703
    ],
    [
      0.43038880071029645,
      0.3489690907905568
    ],
    [
      0.4423866182218545,
      0.34399271813172994
    ],
    [
      0.4507633703806506,
      0.3462608527312316
    ],
    [
      0.4590596967233403,
      0.34466707265146523
    ],
    [
      0.4802588825243981,
      0.3491241771760618
    ],
    [
      0.5006669087029976,
      0.3547170310982001
    ],
    [
      0.48031828952591993,
      0.3586136939777771
    ],
    [
      0.4644917435352442,
      0.36228765317146583
    ],
    [
      0.45204822063023326,
      0.36280930048905785
    ],
    [
      0.43979138149042285,
      0.3619515973101254
    ],
    [
      0.4305452730118308,
      0.3594732004867736
    ],
    [
      0.4262441784842523,
      0.3543766260290582
    ],
    [
      0.4424591434886965,
      0.35389443981639623
    ],
    [
      0.4521553564181346,
      0.35305004187944855
    ],
    [
      0.4651927520712158,
      0.3530780616885944
    ],
    [
      0.498956533489169,
      0.3531595449302262
    ],
    [
      0.4626747454280982,
      0.35074226432660693
    ],
    [
      0.45138163521153063,
      0.35001046086340387
    ],
    [
      0.44175505758522127,
      0.3498150192849538
    ]
  ]
}
