{
  "steersLeft": false,
  "leftEye": [
    [
      0.4055655706173669,
      0.3409677734630213
    ],
    [
      0.41815509922297917,
      0.33623545342989175
    ],
    [
      0.43145292281652137,
      0.33571319811428424
    ],
    [
      0.4447960041552727,
      0.3413131742228662
    ],
    [
      0.4332403522239956,
      0.3450694691283233
    ],
    [
      0.4184974378974535,
      0.34416312918288106
    ]
  ],
  "rightEye": [
    [
      0.5028027382318002,
      0.34094123345590066
    ],
    [
      0.5173486538678601,
      0.3351987493616753
    ],
    [
      0.5298394099164692,
      0.33511707316025485
    ],
    [
      0.5393023031178115,
      0.34069339022087225
    ],
    [
      0.5300751873303762,
      0.3438359168208315
    ],
    [
      0.5160765105168975,
      0.3435456580229724
    ]
  ],
  "mouth": [
    [
      0.4449831412021554,
      0.4092244786697201
    ],
    [
      0.46229495730937,
      0.4032997039756788
    ],
    [
      0.4784795016865935,
      0.400331641225636
    ],
    [
      0.4861482349303882,
      0.4018892279001924
    ],
    [
      0.49419618609983196,
      0.40075869223231425
    ],
    [
      0.50852597822207,
      0.40379827428873477
    ],
    [
      0.5184149776914531,
      0.4085921095768781
    ],
    [
      0.5077574291988836,
      0.41193927079221027
    ],
    [
      0.4978410391661868,
      0.41425172067483834
    ],
    [
      0.4868336928843711,
      0.4147119012698903
    ],
    [
      0.4755393441516217,
      0.41476609444752943
    ],
    [
      0.462510473685943,
      0.4128399987791763
    ],
    [
      0.44901870443494146,
      0.4090209947077038
    ],
    [
      0.4753734395616712,
      0.4067462770268759
    ],
    [
      0.4852332444027726,
      0.4068624728289955
    ],
    [
      0.49614962417792785,
      0.40654340443957543
    ],
    [
      0.5168324137385286,
      0.4077345469519225
    ],
    [
      0.49556137757087965,
      0.4064862236005893
    ],
    [
      0.4861506808261623,
      0.4061707542472321
    ],
    [
      0.4759541576668334,
      0.40628280885080503
    ]
  ]
}
