{
  "steersLeft": false,
  "leftEye": [
    [
      0.4601998872872101,
      0.3164493644128012
    ],
    [
      0.48072980962007433,
      0.30653479675902007
    ],
    [
      0.504739205706471,
      0.3037556918181091
    ],
    [
      0.5307716167414044,
      0.3128826360242962
    ],
    [
      0.5112713814626458,
      0.3228470904307726
    ],
    [
      0.483129323938785,
      0.3232874195164505
    ]
  ],
  "rightEye": [
    [
      0.6377033890337352,
      0.3002932488371031
    ],
    [
      0.6619208448406471,
      0.2860539532405776
    ],
    [
      0.6850180689596446,
      0.28211995253185107
    ],
    [
      0.7009901749726153,
      0.2890527052510187
    ],
    [
      0.6868486629742079,
      0.3008019774284578
    ],
    [
      0.6625475376212283,
      0.30390381709918884
    ]
  ],
  "mouth": [
    [
      0.5513982386779326,
      0.4780622791292799
    ],
    [
      0.5820151511559287,
      0.46404331087618494
    ],
    [
      0.6131113088805787,
      0.453692867895766
    ],
    [
      0.6281107937851216,
      0.45509606945153064
    ],
    [
      0.6421893701977244,
      0.45119946055009824
    ],
    [
      0.6676043141132944,
      0.4550454617247871
    ],
    [
      0.6829193736974353,
      0.46345218192828047
    ],
    [
      0.6717976284987361,
      0.4830488845055693
    ],
    [
      0.6560419111169236,
      0.4947982729691453
    ],
    [
      0.6335663525404357,
      0.4990920920567232
    ],
    [
      0.6099874646656581,
      0.5002110437796481
    ],
    [
      0.5838203100632755,
      0.4941676299919498
    ],
    [
      0.558078188059153,
      0.47778475063514825
    ],
    [
      0.6079245579036667,
      0.469526620857282
    ],
    [
      0.6267899073625001,
      0.4671912463715509
    ],
    [
      0.6465613553416572,
      0.464488896095247
    ],
    [
      0.6792720173665707,
      0.46288658941602134
    ],
    [
      0.6474959596605597,
      0.4748709689048806
    ],
    [
      0.6292123839307813,
      0.4776651852292712
    ],
    [
      0.6091591117027556,
      0.47945313109731436
    ]
  ]
}
