{
  "steersLeft": false,
  "leftEye": [
    [
      0.46394140135246237,
      0.34208962129843024
    ],
    [
      0.48405817950456576,
      0.33744530718851196
    ],
    [
      0.503230589107573,
      0.33879206902625475
    ],
    [
      0.5211270350595698,
      0.3500179157886342
    ],
    [
      0.5045199730463241,
      0.35472544287946767
    ],
    [
      0.4824931096935222,
      0.3506100740846944
    ]
  ],
  "rightEye": [
    [
      0.6016142651456485,
      0.35558573111991526
    ],
    [
      0.6239145344763005,
      0.347463205659352
    ],
    [
      0.64197790497253,
      0.3482434011335851
    ],
    [
      0.6512012956629929,
      0.3569703998733543
    ],
    [
      0.639923901435154,
      0.36292280205485783
    ],
    [
      0.6200655285917852,
      0.36168159332615607
    ]
  ],
  "mouth": [
    [
      0.5011008049878781,
      0.460207910926454
    ],
    [
      0.5307092889076362,
      0.4550666368795023
    ],
    [
      0.5578606036381362,
      0.4526325173884228
    ],
    [
      0.5683861508578061,
      0.45609049568459203
    ],
    [
      0.5800564641664822,
      0.45484004844974263
    ],
    [
      0.5962826024526048,
      0.4605253779422283
    ],
    [
      0.6034723791162167,
      0.4683087195449629
    ],
    [
      0.5923267783318841,
      0.47652055359000484
    ],
    [
      0.5792837872136347,
      0.4806965761724382
    ],
    [
      0.5625723163980829,
      0.4811210210963352
    ],
    [
      0.5458778152513923,
      0.47935628491906024
    ],
    [
      0.5264421037481776,
      0.4725502647348484
    ],
    [
      0.5064168711303045,
      0.460324798902075
    ],
    [
      0.5495739127609176,
      0.46268250560163826
    ],
    [
      0.5643334053153913,
      0.4642970661406698
    ],
    [
      0.5785815020016967,
      0.46397201229666424
    ],
    [
      0.6011982103177993,
      0.4670214816382837
    ],
    [
      0.5778548633718512,
      0.46631485389498
    ],
    [
      0.5644972209126572,
      0.4655398902466744
    ],
    [
      0.5493637997617359,
      0.46405626602070654
    ]
  ]
}
