{
  "steersLeft": true,
  "leftEye": [
    [
      0.3975659161779975,
      0.32248764747029385
    ],
    [
      0.4072582847947614,
      0.31885395674174616
    ],
    [
      0.4227117062296508,
      0.3171818047799652
    ],
    [
      0.43930460070560795,
      0.3221783275490222
    ],
    [
      0.4261505337245362,
      0.3273913967862646
    ],
    [
      0.410174747928836,
      0.32666197986997475
    ]
  ],
  "rightEye": [
    [
      0.5062665821201366,
      0.31692272682260497
    ],
    [
      0.5219124606843448,
      0.3108229680061893
    ],
    [
      0.5363818275428456,
      0.3090270505370743
    ],
    [
      0.5516299733670289,
      0.31309800851937686
    ],
    [
      0.5387424520888376,
      0.31922566619082765
    ],
    [
      0.5209767340316424,
      0.3197213738879606
    ]
  ],
  "mouth": [
    [
      0.44648443452765935,
      0.40774301980790956
    ],
    [
      0.4583923652093835,
      0.4029826612971904
    ],
    [
      0.47282244454686057,
      0.3990137713811423
    ],
    [
      0.48148069904413404,
      0.4005035372058492
    ],
    [
      0.4904624740207697,
      0.398724797503236
    ],
    [
      0.5110668785140088,
      0.40054239739790026
    ],
    [
      0.5293530044269611,
      0.40438033687543323
    ],
    [
      0.5142061470943006,
      0.41009616360121814
    ],
    [
      0.5007378361664495,
      0.4150043199752905
    ],
    [
      0.48711903176939986,
      0.4162307584476023
    ],
    [
      0.4731101182554661,
      0.41638747553586986
    ],
    [
      0.46073550489699217,
      0.41343943145319906
    ],
    [
      0.4497495603554661,
      0.40745221403532367
    ],
    [
      0.4721552538349381,
      0.40712293847447106
    ],
    [
      0.4828833557477886,
      0.40654414984896936
    ],
    [
      0.4955832774264498,
      0.40576382277767603
    ],
    [
      0.5275686718178613,
      0.40287515010125324
    ],
    [
      0.495508795303021,
      0.40364532667415925
    ],
    [
      0.484446153514528,
      0.4041627918744923
    ],
    [
      0.4733645088895927,
      0.40449588138000525
    ]
  ]
}
