{
  "steersLeft": false,
  "leftEye": [
    [
      0.46710228740163184,
      0.3684729346963584
    ],
    [
      0.4797810875752507,
      0.3641611935260247
    ],
    [
      0.4929535970729238,
      0.36342330709004533
    ],
    [
      0.5063697177372438,
      0.3699156361346377
    ],
    [
      0.49504547010631705,
      0.37365220850242853
    ],
    [
      0.4796093824209634,
      0.3724548030254755
    ]
  ],
  "rightEye": [
    [
      0.5672893550995212,
      0.37019573911427556
    ],
    [
      0.5831465573773207,
      0.36422818446314725
    ],
    [
      0.5959992498541921,
      0.36480164397779485
    ],
    [
      0.6049070515453017,
      0.37067436273456983
    ],
    [
      0.5954326572810064,
      0.3743881292573285
    ],
    [
      0.5809478304832103,
      0.37374916128409824
    ]
  ],
  "mouth": [
    [
      0.49889517803051997,
      0.4579409944920741
    ],
    [
      0.5169030457672986,
      0.451228292218504
    ],
    [
      0.5354290723614568,
      0.44736478878903574
    ],
    [
      0.5432473946574301,
      0.44930799930685167
    ],
    [
      0.5514953474662881,
      0.4480431394127892
    ],
    [
      0.567113247726253,
      0.4524774135155623
    ],
    [
      0.5770375804142496,
      0.4593452139430671
    ],
    [
      0.5662433394731811,
      0.46420170845268577
    ],
    [
      0.5554302983580295,
      0.46752399874106737
    ],
    [
      0.5422791112360121,
      0.4683345299125918
    ],
    [
      0.5291504284807933,
      0.4678910354456355
    ],
    [
      0.5160099444281797,
      0.46433491457319376
    ],
    [
      0.5021930729243314,
      0.4580025945981425
    ],
    [
      0.5304778882973684,
      0.4560170726307367
    ],
    [
      0.5416620746313756,
      0.4559515674592462
    ],
    [
      0.5531554214518654,
      0.45584191006658636
    ],
    [
      0.5757455803319599,
      0.4581092410144332
    ],
    [
      0.5530068256204733,
      0.45699980798351597
    ],
    [
      0.5423150549351751,
      0.45701836033136295
    ],
    [
      0.5306188709889584,
      0.4568190047693116
    ]
  ]
}
