{
  "steersLeft": false,
  "leftEye": [
    [
      0.4457425589141039,
      0.30071776707876247
    ],
    [
      0.4651880083735122,
      0.29513041354836234
    ],
    [
      0.4837820372859182,
      0.2931258445666783
    ],
    [
      0.5021133815770961,
      0.30140501646907103
    ],
    [
      0.486988892652999,
      0.30852529185486793
    ],
    [
      0.46444727803842717,
      0.3073263524198123
    ]
  ],
  "rightEye": [
    [
      0.585129290123757,
      0.2987655411609216
    ],
    [
      0.607706441459379,
      0.2891788318298912
    ],
    [
      0.6263246358458087,
      0.2899703976440849
    ],
    [
      0.6372829920111046,
      0.29693299435870174
    ],
    [
      0.6252278331066083,
      0.3036602096559371
    ],
    [
      0.6054674769203042,
      0.3045496270734936
    ]
  ],
  "mouth": [
    [
      0.48977731635209487,
      0.44637879653946055
    ],
    [
      0.5204484533202339,
      0.43897800589656105
    ],
    [
      0.5488062026375314,
      0.43422333523823653
    ],
    [
      0.5604819421921907,
      0.4369598228222003
    ],
    [
      0.5722550740220453,
      0.43487209546524963
    ],
    [
      0.5929128394531815,
      0.4394922738759213
    ],
    [
      0.6046990173648957,
      0.4454556561400446
    ],
    [
      0.5907508921309539,
      0.4537099229958345
    ],
    [
      0.5768796078154556,
      0.4599247438127019
    ],
    [
      0.5574960516884219,
      0.4615331951554691
    ],
    [
      0.5385041550575259,
      0.4616234028829438
    ],
    [
      0.5182807133361768,
      0.45619745004172146
    ],
    [
      0.49487897658911517,
      0.44636630654617937
    ],
    [
      0.5405018930096284,
      0.4470294552454524
    ],
    [
      0.5570699132616551,
      0.4464968619479498
    ],
    [
      0.5731515514038873,
      0.44545687516338883
    ],
    [
      0.6033902535737057,
      0.44393569390167653
    ],
    [
      0.5726026337318196,
      0.4438656700033445
    ],
    [
      0.5576160353447526,
      0.44425136099587
    ],
    [
      0.5401941011825883,
      0.4441514810175984
    ]
  ]
}
