{
  "steersLeft": false,
  "leftEye": [
    [
      0.4170832284035456,
      0.32252647440798937
    ],
    [
      0.4390083283349611,
      0.31593751660383634
    ],
    [
      0.4607920982144986,
      0.3139775829067524
    ],
    [
      0.4830358958138141,
      0.32162672054906
    ],
    [
      0.4651405631145389,
      0.32748478030599537
    ],
    [
      0.43984856035188175,
      0.3268814323625095
    ]
  ],
  "rightEye": [
    [
      0.5846033728689232,
      0.31856121597058934
    ],
    [
      0.6092460598429373,
      0.3096124375303006
    ],
    [
      0.6300885645991405,
      0.3089812744380346
    ],
    [
      0.6455500315706192,
      0.3170847748681228
    ],
    [
      0.6310386246907309,
      0.32207378910504125
    ],
    [
      0.6070945344018694,
      0.3224202933877267
    ]
  ],
  "mouth": [
    [
      0.48265096694694726,
      0.45028285222963504
    ],
    [
      0.5133501161934828,
      0.4378058896794737
    ],
    [
      0.5432313479293345,
      0.43080354024096085
    ],
    [
      0.5567948462139992,
      0.4331511142954128
    ],
    [
      0.5708025122013057,
      0.43144950383844777
    ],
    [
      0.595316836250193,
      0.43874264244543704
    ],
    [
      0.6112078465638744,
      0.4506279429015067
    ],
    [
      0.5944804275004648,
      0.4553861757489956
    ],
    [
      0.5762614690436386,
      0.4586876732287628
    ],
    [
      0.5552989166050234,
      0.4589756540237558
    ],
    [
      0.5347657621372346,
      0.4592712871652877
    ],
    [
      0.512101986632266,
      0.4561339381732223
    ],
    [
      0.4890710030311814,
      0.4499059081940918
    ],
    [
      0.5357773433952051,
      0.44286418498237784
    ],
    [
      0.5542173826408568,
      0.44260474027768
    ],
    [
      0.5730580653991356,
      0.44256892880372967
    ],
    [
      0.6079392583943125,
      0.44901188417099447
    ],
    [
      0.5714548226402971,
      0.44449266463990755
    ],
    [
      0.5536514809478399,
      0.44392820041787406
    ],
    [
      0.5350221100219104,
      0.4442641120435279
    ]
  ]
}
