{
  "steersLeft": true,
  "leftEye": [
    [
      0.39313857152548,
      0.13939918994741762
    ],
    [
      0.3981359731730872,
      0.1372847339918232
    ],
    [
      0.40764828588956836,
      0.13812377438534745
    ],
    [
      0.41771624660105283,
      0.14358322454116795
    ],
    [
      0.4086299044594446,
      0.14577828077827285
    ],
    [
      0.3983640703553822,
      0.1438869665156117
    ]
  ],
  "rightEye": [
    [
      0.46027455650443494,
      0.14685277733429353
    ],
    [
      0.4703316559804624,
      0.14265383253401387
    ],
    [
      0.4802466997116252,
      0.1429955733266828
    ],
    [
      0.49055315247638004,
      0.14704175269034644
    ],
    [
      0.4805910003137267,
      0.15053986888446413
    ],
    [
      0.4685879472780118,
      0.14965253026112602
    ]
  ],
  "mouth": [
    [
      0.4093765090436903,
      0.20016110956299712
    ],
    [
      0.41399361855079986,
      0.1982547302460755
    ],
    [
      0.4215170047490965,
      0.1967707999892511
    ],
    [
      0.4268013806900882,
      0.19841155024828228
    ],
    [
      0.43217328144469275,
      0.19800417031738585
    ],
    [
      0.4446263762051501,
      0.2012500395575329
    ],
    [
      0.45660867321200926,
      0.20494456787373685
    ],
    [
      0.4451498731451689,
      0.20658753490028706
    ],
    [
      0.4354320004504372,
      0.20901826938413431
    ],
    [
      0.42739619768269654,
      0.20860233207862416
    ],
    [
      0.4196882210512738,
      0.20748590438699627
    ],
    [
      0.41386461539257074,
      0.20478064117566033
    ],
    [
      0.4111366865930754,
      0.20027140189694703
    ],
    [
      0.42134684913950315,
      0.20178485917112907
    ],
    [
      0.4272095619884703,
      0.20247975873916582
    ],
    [
      0.43497840761301554,
      0.20296055279436737
    ],
    [
      0.45533940889627195,
      0.20382730889428932
    ],
    [
      0.4344848198071599,
      0.2019632682070042
    ],
    [
      0.4276688860520514,
      0.20080446113633693
    ],
    [
      0.42142942374699194,
      0.2000619336661644
    ]
  ]
}
