{
  "steersLeft": false,
  "leftEye": [
    [
      0.40445918882360365,
      0.34582360286447217
    ],
    [
      0.42043907825513843,
      0.33519166215278595
    ],
    [
      0.44058839669448285,
      0.33311240528213104
    ],
    [
      0.4628155612168773,
      0.34287554055811004
    ],
    [
      0.4454005313649554,
      0.35157068211807785
    ],
    [
      0.422381750344361,
      0.35151556003885465
    ]
  ],
  "rightEye": [
    [
      0.5540825672339829,
      0.33656849541993117
    ],
    [
      0.5751339548094259,
      0.32376012465520493
    ],
    [
      0.5952226724524915,
      0.32216783163650603
    ],
    [
      0.6126418555913924,
      0.33211024954003904
    ],
    [
      0.5968285439623949,
      0.34119326037452463
    ],
    [
      0.5741019559791779,
      0.34135191819860866
    ]
  ],
  "mouth": [
    [
      0.46539808745829947,
      0.5058584358861212
    ],
    [
      0.48604733767120134,
      0.489620144384218
    ],
    [
      0.5103233372571505,
      0.4783392058308984
    ],
    [
      0.5221001250616666,
      0.4803824502685582
    ],
    [
      0.5341202830852815,
      0.4768386951090357
    ],
    [
      0.5589655929341449,
      0.4854947884318245
    ],
    [
      0.5779873497491094,
      0.49863317801086987
    ],
    [
      0.5607407945740766,
      0.5082183701461319
    ],
    [
      0.5443168877698061,
      0.5166821922108077
    ],
    [
      0.5256514705797696,
      0.5193348153241062
    ],
    [
      0.5060474105324759,
      0.5201452926957015
    ],
    [
      0.48786284479163655,
      0.5153607115902921
    ],
    [
      0.47035414901993433,
      0.5054222901884695
    ],
    [
      0.506577493929714,
      0.49568760253867655
    ],
    [
      0.5219935777533156,
      0.49384923371067796
    ],
    [
      0.539454219374777,
      0.4929330905905627
    ],
    [
      0.5749640543773052,
      0.4968793066476062
    ],
    [
      0.5391884338038633,
      0.4970457763150062
    ],
    [
      0.5231715987150227,
      0.4977845801614211
    ],
    [
      0.5069112942241109,
      0.49897742612798235
    ]
  ]
}
