{
  "steersLeft": false,
  "leftEye": [
    [
      0.4841745226206719,
      0.3096036382730631
    ],
    [
      0.49734512825778426,
      0.3061318805870302
    ],
    [
      0.5108507827248355,
      0.3047726133356053
    ],
    [
      0.5237534472920218,
      0.30862022476718554
    ],
    [
      0.5132749643568456,
      0.31277029796813277
    ],
    [
      0.49826967466212335,
      0.3124002688107525
    ]
  ],
  "rightEye": [
    [
      0.5809257745908274,
      0.30587076473255226
    ],
    [
      0.5954421739100436,
      0.30054643344568416
    ],
    [
      0.6077411862103445,
      0.3002333185262122
    ],
    [
      0.6155660272453977,
      0.3045885595974353
    ],
    [
      0.6083010950333383,
      0.30764049222780765
    ],
    [
      0.5948914474901235,
      0.3080663367463323
    ]
  ],
  "mouth": [
    [
      0.5303180307257768,
      0.38107859416633066
    ],
    [
      0.550109049170273,
      0.37511842734191025
    ],
    [
      0.5669953613934524,
      0.37075728319132256
    ],
    [
      0.5744934467965996,
      0.3719502194756363
    ],
    [
      0.5827434548704136,
      0.37059246250311345
    ],
    [
      0.5948137600048302,
      0.373232007795429
    ],
    [
      0.6014054551188067,
      0.3781166395141314
    ],
    [
      0.5961658779309482,
      0.38231071109112186
    ],
    [
      0.5887272422362384,
      0.38551070518575775
    ],
    [
      0.5766293535985174,
      0.3864893226088137
    ],
    [
      0.5647632571237609,
      0.38713197605416944
    ],
    [
      0.5505695303520798,
      0.3850891695633122
    ],
    [
      0.534607682871552,
      0.3807046187963353
    ],
    [
      0.5629815805748033,
      0.37795701548451
    ],
    [
      0.5732948528428199,
      0.37717597935151037
    ],
    [
      0.58297306938838,
      0.37631898539215275
    ],
    [
      0.6001124965484597,
      0.37726084728207215
    ],
    [
      0.5844427075562078,
      0.37700914495809845
    ],
    [
      0.5754359678456906,
      0.3771405771148811
    ],
    [
      0.5646351027156458,
      0.37780354083421747
    ]
  ]
}
