{
  "steersLeft": false,
  "leftEye": [
    [
      0.4055041917872352,
      0.3127337427122906
    ],
    [
      0.42569905069044867,
      0.3053190032086173
    ],
    [
      0.4454777611712823,
      0.30495550362103463
    ],
    [
      0.4641009494672288,
      0.3142728735403697
    ],
    [
      0.44780699867489115,
      0.3208888899791522
    ],
    [
      0.4255610950987046,
      0.3192010223703264
    ]
  ],
  "rightEye": [
    [
      0.545043066521705,
      0.314999511029619
    ],
    [
      0.5669499053230923,
      0.3061176843389091
    ],
    [
      0.5846221271052666,
      0.30583636608167164
    ],
    [
      0.5951265663819936,
      0.31461306273274603
    ],
    [
      0.5836995971201547,
      0.3205109229549224
    ],
    [
      0.5645516780149421,
      0.3201119257293056
    ]
  ],
  "mouth": [
    [
      0.4644559017113768,
      0.44849964878018816
    ],
    [
      0.4924403880371061,
      0.43497987116809256
    ],
    [
      0.5168995974244662,
      0.42754331518930144
    ],
    [
      0.5275140601283833,
      0.4300008923623508
    ],
    [
      0.5388616280694865,
      0.4280593833316123
    ],
    [
      0.5533394717930364,
      0.43507424498309033
    ],
    [
      0.560367257232976,
      0.44675321950389096
    ],
    [
      0.5513353690079573,
      0.45494793206488743
    ],
    [
      0.5400136917576447,
      0.46055959913269523
    ],
    [
      0.5238870337359013,
      0.4617917634544375
    ],
    [
      0.5078056243796951,
      0.46175228202950064
    ],
    [
      0.4887394362770425,
      0.45764745090673475
    ],
    [
      0.47036694095926884,
      0.4483470697418102
    ],
    [
      0.510927349989673,
      0.44030755713162784
    ],
    [
      0.5248624499001601,
      0.44018636614058415
    ],
    [
      0.5378580876019664,
      0.4392650210664597
    ],
    [
      0.5572838152604006,
      0.44553728387195274
    ],
    [
      0.5359035325859974,
      0.44517161416887296
    ],
    [
      0.5240894278465607,
      0.44512515063320646
    ],
    [
      0.5091956758740148,
      0.44537797433043896
    ]
  ]
}
