{
  "steersLeft": true,
  "leftEye": [
    [
      0.37446290705071605,
      0.31782844039500174
    ],
    [
      0.3864244439095802,
      0.3109316797238438
    ],
    [
      0.40690578188885,
      0.310085782717966
    ],
    [
      0.4281502294488314,
      0.319510012807401
    ],
    [
      0.40982279453257764,
      0.32556616127818494
    ],
    [
      0.38854224899596945,
      0.32378360582778665
    ]
  ],
  "rightEye": [
    [
      0.5176229649644114,
      0.31701227352732964
    ],
    [
      0.5394008893441811,
      0.3078495940801797
    ],
    [
      0.5593795907613237,
      0.3069167438774427
    ],
    [
      0.5783694571377578,
      0.31403072844970814
    ],
    [
      0.5603306415165848,
      0.32240648395107996
    ],
    [
      0.5366748546018633,
      0.32141488938161417
    ]
  ],
  "mouth": [
    [
      0.41375395055915326,
      0.44339479274411103
    ],
    [
      0.43025870499739505,
      0.4349432403050997
    ],
    [
      0.4531291929750928,
      0.42829667515320635
    ],
    [
      0.4661597536575331,
      0.4311634758178199
    ],
    [
      0.4797950548447243,
      0.4286253174702549
    ],
    [
      0.5087713517364058,
      0.43338496344913885
    ],
    [
      0.532972515601456,
      0.4411920380828187
    ],
    [
      0.5089822088881416,
      0.4529888972637051
    ],
    [
      0.48758788549052856,
      0.4609043327823902
    ],
    [
      0.4675960089288594,
      0.462802070146158
    ],
    [
      0.4484211969752527,
      0.4620000723242863
    ],
    [
      0.4304875768628748,
      0.45619794252933554
    ],
    [
      0.4185343481596642,
      0.4435794377830676
    ],
    [
      0.4504521982868554,
      0.4412709074661791
    ],
    [
      0.46649867431085307,
      0.4405461881172622
    ],
    [
      0.48585708827850704,
      0.4396269600848736
    ],
    [
      0.5300151412246523,
      0.4396290879275413
    ],
    [
      0.4837737017148378,
      0.44462585910238844
    ],
    [
      0.4660644429345898,
      0.44506785378583996
    ],
    [
      0.4502437403549865,
      0.4447432682903259
    ]
  ]
}
