{
  "steersLeft": false,
  "leftEye": [
    [
      0.5498825987240177,
      0.31814178252299286
    ],
    [
      0.5706464612885337,
      0.3135528480983718
    ],
    [
      0.5899211471165379,
      0.3119326497650841
    ],
    [
      0.6081886882791667,
      0.32023441463962415
    ],
    [
      0.5927971718528426,
      0.3268185381291913
    ],
    [
      0.5699869969353284,
      0.32537638436229077
    ]
  ],
  "rightEye": [
    [
      0.6923002485651455,
      0.31878913467569464
    ],
    [
      0.7158373573326028,
      0.3096871228274572
    ],
    [
      0.7342131995318468,
      0.31052088722065896
    ],
    [
      0.7453724044052247,
      0.3159640974589336
    ],
    [
      0.734315203415433,
      0.3222546217759022
    ],
    [
      0.7139349674116268,
      0.3242117825229137
    ]
  ],
  "mouth": [
    [
      0.6024581915624592,
      0.47960229417925865
    ],
    [
      0.6316173585721451,
      0.47128854696529116
    ],
    [
      0.6587325246838134,
      0.46672098621383523
    ],
    [
      0.6711080046737506,
      0.46929962303705386
    ],
    [
      0.6819912593054717,
      0.4680484985978412
    ],
    [
      0.7000677368488207,
      0.473506159002274
    ],
    [
      0.7083996199670571,
      0.480859042375083
    ],
    [
      0.700354157356823,
      0.49151019953500535
    ],
    [
      0.6874643349034227,
      0.4997107750184859
    ],
    [
      0.6683399561209284,
      0.5016791238130166
    ],
    [
      0.6481541322225364,
      0.4996157318327264
    ],
    [
      0.6273257738168798,
      0.49241564133970556
    ],
    [
      0.6070160559315155,
      0.47967773067278235
    ],
    [
      0.649725921609498,
      0.47833604846093875
    ],
    [
      0.6661638399528176,
      0.47805436791451295
    ],
    [
      0.6829991286432193,
      0.478855948619008
    ],
    [
      0.7084491975528081,
      0.4796045708662253
    ],
    [
      0.6821165526597837,
      0.48567870373259875
    ],
    [
      0.6688715907665185,
      0.4861579633292922
    ],
    [
      0.6501551775409644,
      0.48499710782928945
    ]
  ]
}
