{
  "steersLeft": true,
  "leftEye": [
    [
      0.3810662811183935,
      0.26006905721562446
    ],
    [
      0.3854481446227491,
      0.25579374956702855
    ],
    [
      0.39852176617013463,
      0.25540530006992607
    ],
    [
      0.41214153185718716,
      0.26108415250710837
    ],
    [
      0.4004242005488904,
      0.2655153481066461
    ],
    [
      0.3877766038673844,
      0.26449911220493577
    ]
  ],
  "rightEye": [
    [
      0.4671523946727839,
      0.2594420972411806
    ],
    [
      0.4804987982516776,
      0.25335718073339963
    ],
    [
      0.49354205456214467,
      0.25222095536787287
    ],
    [
      0.5075414587135205,
      0.257114569379195
    ],
    [
      0.4947583529695355,
      0.26304594062649916
    ],
    [
      0.4790587165323128,
      0.26227367920321476
    ]
  ],
  "mouth": [
    [
      0.40802702449730105,
      0.34494577092260686
    ],
    [
      0.41317094693056666,
      0.33969005755941245
    ],
    [
      0.4228064975764557,
      0.33504957705833427
    ],
    [
      0.4305574028608766,
      0.33681204524816244
    ],
    [
      0.43851691475796184,
      0.3353045683289469
    ],
    [
      0.4567275727946984,
      0.33864819549261566
    ],
    [
      0.4755092788060847,
      0.3436958260345082
    ],
    [
      0.4593616811349475,
      0.3507049919857413
    ],
    [
      0.4456634590943653,
      0.35628870933404044
    ],
    [
      0.434016293384203,
      0.35715849634668245
    ],
    [
      0.4234188533223935,
      0.3564734472107086
    ],
    [
      0.41453654601876394,
      0.3528124981840553
    ],
    [
      0.4112442716615719,
      0.3449294881993749
    ],
    [
      0.4240776625535817,
      0.34375146322555145
    ],
    [
      0.4321259932619156,
      0.34314937128604367
    ],
    [
      0.4435392026151687,
      0.3426787432126298
    ],
    [
      0.4733527590160312,
      0.3424197085812146
    ],
    [
      0.44242547912245717,
      0.34509670029256445
    ],
    [
      0.4325161757045424,
      0.3450608291254445
    ],
    [
      0.42423591693452706,
      0.3446854659109395
    ]
  ]
}
