{
  "steersLeft": false,
  "leftEye": [
    [
      0.40770028688556464,
      0.3790988575031025
    ],
    [
      0.4306752042356561,
      0.37154878958472737
    ],
    [
      0.45412478294575237,
      0.37099389679191525
    ],
    [
      0.47951100036777583,
      0.3821129757371872
    ],
    [
      0.45847447670796837,
      0.3894421436036618
    ],
    [
      0.43004938699168155,
      0.3879418470460572
    ]
  ],
  "rightEye": [
    [
      0.5867541776062257,
      0.37922698321350934
    ],
    [
      0.6121993542629698,
      0.36676705690118694
    ],
    [
      0.6359085759924065,
      0.36572206512012323
    ],
    [
      0.6536104934096536,
      0.37341425924043975
    ],
    [
      0.6356633881001423,
      0.3835462549729557
    ],
    [
      0.6099608592736688,
      0.38494452020105285
    ]
  ],
  "mouth": [
    [
      0.47325065764945123,
      0.5390840792896798
    ],
    [
      0.5035402578068779,
      0.5313524956886168
    ],
    [
      0.5313947384151326,
      0.5255655645159426
    ],
    [
      0.5449075894785481,
      0.5291982703675971
    ],
    [
      0.5587934069347418,
      0.5262736550932677
    ],
    [
      0.5831934470912623,
      0.5313037521007112
    ],
    [
      0.6023879802993789,
      0.5365655242736569
    ],
    [
      0.5817020638042771,
      0.5446327311949669
    ],
    [
      0.5618688524420902,
      0.5497246368711346
    ],
    [
      0.5423032551841468,
      0.5504546457061085
    ],
    [
      0.5224002465911273,
      0.5505218112624296
    ],
    [
      0.5004013115559315,
      0.5463497159004835
    ],
    [
      0.4802570939147089,
      0.5382204754029548
    ],
    [
      0.5248625482096579,
      0.5389356198971539
    ],
    [
      0.5419457754706086,
      0.5389410994615661
    ],
    [
      0.5617480402678776,
      0.537845043456176
    ],
    [
      0.5987899263515749,
      0.5352659474318529
    ],
    [
      0.5583778923643963,
      0.5334777897273852
    ],
    [
      0.5417490035461429,
      0.5335495556642763
    ],
    [
      0.5240927423597357,
      0.5337096693542461
    ]
  ]
}
