{
  "steersLeft": false,
  "leftEye": [
    [
      0.3520041499689002,
      0.3596133521159193
    ],
    [
      0.37385965626838946,
      0.3550894191691305
    ],
    [
      0.39882800739691104,
      0.3556987946790914
    ],
    [
      0.42497386876479304,
      0.36608707904879095
    ],
    [
      0.4021111917092156,
      0.37252880556887485
    ],
    [
      0.3728443475201069,
      0.36951428781880585
    ]
  ],
  "rightEye": [
    [
      0.5433199013719782,
      0.36856221688841895
    ],
    [
      0.5709830725400906,
      0.3592094511017322
    ],
    [
      0.5967455549103431,
      0.35922459027689746
    ],
    [
      0.6172856517854152,
      0.3664946687706758
    ],
    [
      0.5955490885931096,
      0.3760454068506063
    ],
    [
      0.567502915315514,
      0.37544723722532936
    ]
  ],
  "mouth": [
    [
      0.4131588022688691,
      0.5184585943935668
    ],
    [
      0.4401537088772686,
      0.5117362216078477
    ],
    [
      0.47039402723042917,
      0.5077052178085296
    ],
    [
      0.4850887564634357,
      0.5109261035302558
    ],
    [
      0.5000763138272367,
      0.5093346183308758
    ],
    [
      0.5296388058288264,
      0.5155181502865753
    ],
    [
      0.5510994310628164,
      0.5226283215546373
    ],
    [
      0.527521727399754,
      0.5317317526634938
    ],
    [
      0.5057459957578818,
      0.5382039522018384
    ],
    [
      0.48305269502698084,
      0.5388230361508682
    ],
    [
      0.460285873189926,
      0.537666029805129
    ],
    [
      0.43901930347477985,
      0.5304317901763976
    ],
    [
      0.41892855498174636,
      0.5183933057647628
    ],
    [
      0.4635054331996201,
      0.5201815752838654
    ],
    [
      0.4825418022065461,
      0.521206966143037
    ],
    [
      0.5038416218314811,
      0.521007007238611
    ],
    [
      0.5479001253012766,
      0.5205861251911524
    ],
    [
      0.5029895475269736,
      0.5212833159034489
    ],
    [
      0.483264282824034,
      0.520122256471579
    ],
    [
      0.4633028628004357,
      0.5194555737179407
    ]
  ]
}
