{
  "steersLeft": false,
  "leftEye": [
    [
      0.48593227739452255,
      0.36513320422925966
    ],
    [
      0.5023706690595461,
      0.3608634874217457
    ],
    [
      0.5187036335745344,
      0.36027350254570306
    ],
    [
      0.5336847829689061,
      0.3674100695913962
    ],
    [
      0.520493339452505,
      0.3724906515562748
    ],
    [
      0.502206744146223,
      0.3704648217180295
    ]
  ],
  "rightEye": [
    [
      0.6017849094326582,
      0.366193216861833
    ],
    [
      0.6202484454894068,
      0.3591785842115877
    ],
    [
      0.6350524392758786,
      0.3592391302566754
    ],
    [
      0.643577733446986,
      0.3650902502294582
    ],
    [
      0.6345819693466644,
      0.36991156991767915
    ],
    [
      0.618652258309125,
      0.3699566760788333
    ]
  ],
  "mouth": [
    [
      0.5227817407414541,
      0.4663234945906819
    ],
    [
      0.5498000403625304,
      0.4603459110470671
    ],
    [
      0.5752195292809813,
      0.4566832964718938
    ],
    [
      0.5856208907099606,
      0.4586472668398809
    ],
    [
      0.596537027932558,
      0.4565987518647235
    ],
    [
      0.6137072579402638,
      0.4586534627803591
    ],
    [
      0.6216512383631455,
      0.462770650951769
    ],
    [
      0.6123575913939805,
      0.47452617741308317
    ],
    [
      0.6012798813815402,
      0.48156285276401584
    ],
    [
      0.5840761562308113,
      0.4839821105462669
    ],
    [
      0.5675085900152299,
      0.4836289133862879
    ],
    [
      0.5481054484777965,
      0.478272665606481
    ],
    [
      0.5277596708390401,
      0.46628200748692694
    ],
    [
      0.5682059946271543,
      0.46574179000375765
    ],
    [
      0.5831546440076677,
      0.46538626579700915
    ],
    [
      0.5972378476468432,
      0.4639673383220569
    ],
    [
      0.6202176869515867,
      0.46214481813438807
    ],
    [
      0.59766631860199,
      0.46913533801166635
    ],
    [
      0.5841789259336452,
      0.4703026018028631
    ],
    [
      0.5691357166659071,
      0.4703089119542257
    ]
  ]
}
