{
  "steersLeft": false,
  "leftEye": [
    [
      0.46771024815752377,
      0.22019822054771027
    ],
    [
      0.4794469849852638,
      0.21723584830876128
    ],
    [
      0.4919019097038139,
      0.21814013629786042
    ],
    [
      0.5041911498073557,
      0.2252116194208032
    ],
    [
      0.4931596996308027,
      0.22832037862678783
    ],
    [
      0.47848865112152045,
      0.22597193408633315
    ]
  ],
  "rightEye": [
    [
      0.5597305007670363,
      0.2280901421609863
    ],
    [
      0.5750092915486243,
      0.2226008243959913
    ],
    [
      0.5873462921383741,
      0.22330233578145559
    ],
    [
      0.594264335030646,
      0.22857134323183897
    ],
    [
      0.5856362708663803,
      0.2330153598769966
    ],
    [
      0.5723214307745612,
      0.23213832127763803
    ]
  ],
  "mouth": [
    [
      0.4906037163965251,
      0.31152501024752627
    ],
    [
      0.5084542082338136,
      0.30734318114033155
    ],
    [
      0.526332088901017,
      0.3047299826562027
    ],
    [
      0.5343679262737535,
      0.3067936987408077
    ],
    [
      0.5420899413973405,
      0.3059673161017967
    ],
    [
      0.5562135451469844,
      0.30943306370009793
    ],
    [
      0.564406091303649,
      0.31447788406957045
    ],
    [
      0.553898525341852,
      0.32093869502718964
    ],
    [
      0.5438321591130109,
      0.3244248516613848
    ],
    [
      0.5313881446021219,
      0.32484343379077046
    ],
    [
      0.5191818560700335,
      0.32373856218492725
    ],
    [
      0.5070232551815205,
      0.3194754907212764
    ],
    [
      0.4936813904729502,
      0.3115007312347662
    ],
    [
      0.520963829675935,
      0.3121172660755703
    ],
    [
      0.5318426340687422,
      0.31251288634221697
    ],
    [
      0.5426696716305398,
      0.3125525637892443
    ],
    [
      0.5633476392880004,
      0.3133891441567692
    ],
    [
      0.5423419283449089,
      0.3144899692604857
    ],
    [
      0.5320421257589736,
      0.3141338227578734
    ],
    [
      0.5216357948694508,
      0.3132784763972644
    ]
  ]
}
