{
  "steersLeft": false,
  "leftEye": [
    [
      0.42902194395121984,
      0.38441343762592484
    ],
    [
      0.44490903020771955,
      0.3856897248234586
    ],
    [
      0.4624378653894295,
      0.3885304057246258
    ],
    [
      0.4796793743907278,
      0.39561145467706593
    ],
    [
      0.4625060869389323,
      0.3978446611926003
    ],
    [
      0.4430832225115544,
      0.3931677596041244
    ]
  ],
  "rightEye": [
    [
      0.5643348139734244,
      0.4057652331950895
    ],
    [
      0.5858692254661262,
      0.4038808735886502
    ],
    [
      0.6035306387280047,
      0.40583837183220983
    ],
    [
      0.6173556410928025,
      0.4098766236518939
    ],
    [
      0.6008917942833866,
      0.41499811841148376
    ],
    [
      0.580673846743444,
      0.4119962057456088
    ]
  ],
  "mouth": [
    [
      0.44585606183210263,
      0.4910162571332369
    ],
    [
      0.4664568615898733,
      0.48688343946348395
    ],
    [
      0.4908514550282221,
      0.485958418628678
    ],
    [
      0.5028830773182414,
      0.4901729739630023
    ],
    [
      0.5160282330705236,
      0.4903298827620915
    ],
    [
      0.5403398022772544,
      0.49808834746253244
    ],
    [
      0.5567086670988262,
      0.5075951351551367
    ],
    [
      0.535185657978412,
      0.5164710669247388
    ],
    [
      0.5149614652027533,
      0.5198366793653062
    ],
    [
      0.49577775589989936,
      0.5185050808780177
    ],
    [
      0.47801015096211247,
      0.5147552326217453
    ],
    [
      0.4616044041132801,
      0.5065450375574059
    ],
    [
      0.44966623367168246,
      0.49203317811960184
    ],
    [
      0.4844894526725061,
      0.49520460888572837
    ],
    [
      0.500857841450702,
      0.49786491346016265
    ],
    [
      0.5179621139473681,
      0.4996227579209035
    ],
    [
      0.5539717350500548,
      0.5055995197680757
    ],
    [
      0.5151754013627244,
      0.5064716956705458
    ],
    [
      0.49851311247178404,
      0.5041870591535563
    ],
    [
      0.48230948003908963,
      0.5010784950953949
    ]
  ]
}
