{
  "steersLeft": false,
  "leftEye": [
    [
      0.5236417834172761,
      0.33379159713835826
    ],
    [
      0.537972809800283,
      0.3302863503387146
    ],
    [
      0.5509630856674929,
      0.33031993481008837
    ],
    [
      0.5637483694280552,
      0.33717188899730305
    ],
    [
      0.5528441988961549,
      0.34125563606452647
    ],
    [
      0.5369096172975425,
      0.33955061706067124
    ]
  ],
  "rightEye": [
    [
      0.6205296122431886,
      0.3377159158829494
    ],
    [
      0.6362929435658423,
      0.3312580726234731
    ],
    [
      0.6492420104850676,
      0.331341037609039
    ],
    [
      0.6553651289047132,
      0.3363040091760052
    ],
    [
      0.6477208073758512,
      0.34142829587192575
    ],
    [
      0.6342803580858472,
      0.3417208121560094
    ]
  ],
  "mouth": [
    [
      0.5581668637232892,
      0.42954702138472034
    ],
    [
      0.5778035401033803,
      0.42403833706725325
    ],
    [
      0.596451563574531,
      0.42035569982125504
    ],
    [
      0.6033595352326016,
      0.4222230386614021
    ],
    [
      0.610470336164887,
      0.4211316608414265
    ],
    [
      0.6221710622567015,
      0.4252389180603479
    ],
    [
      0.6271023037557136,
      0.43079473847798866
    ],
    [
      0.6201066016931132,
      0.4354538831403021
    ],
    [
      0.6122030034306538,
      0.4385807639682119
    ],
    [
      0.6006546789002142,
      0.439304820785591
    ],
    [
      0.5889033606216105,
      0.4389772521356845
    ],
    [
      0.5764073371955938,
      0.43523355592986596
    ],
    [
      0.5615866636419728,
      0.42954286632386685
    ],
    [
      0.5902888069331161,
      0.4289301515142101
    ],
    [
      0.6004658299116856,
      0.42874533985670826
    ],
    [
      0.6102087732433951,
      0.4285094550085848
    ],
    [
      0.6261182561173521,
      0.42973060695869164
    ],
    [
      0.6098557299113304,
      0.42800148860188636
    ],
    [
      0.6009626234753946,
      0.4277735732967112
    ],
    [
      0.5904929191041351,
      0.4276490440794604
    ]
  ]
}
