{
  "steersLeft": false,
  "leftEye": [
    [
      0.43575772593444845,
      0.2342001135422469
    ],
    [
      0.44891160552468296,
      0.23162445297081152
    ],
    [
      0.4615289405800275,
      0.23247811664248078
    ],
    [
      0.47360041800792796,
      0.2398064212742602
    ],
    [
      0.4624233090887766,
      0.24315542565638024
    ],
    [
      0.44746426546788687,
      0.24037266546478872
    ]
  ],
  "rightEye": [
    [
      0.530282169692349,
      0.24341219618145035
    ],
    [
      0.5464444274764011,
      0.2383901060266551
    ],
    [
      0.5591600396977229,
      0.2391664683211794
    ],
    [
      0.5657257877554208,
      0.24481874776834417
    ],
    [
      0.5573463193745777,
      0.24922464091918345
    ],
    [
      0.5433252359461319,
      0.24813470009621155
    ]
  ],
  "mouth": [
    [
      0.45825139976574814,
      0.3204301727605188
    ],
    [
      0.47659297462863986,
      0.31609345720856374
    ],
    [
      0.49438707142159716,
      0.3141554118122924
    ],
    [
      0.501643733420211,
      0.3165969183103922
    ],
    [
      0.5092186253940335,
      0.315888365327089
    ],
    [
      0.5219414672818504,
      0.3203484467948755
    ],
    [
      0.5282055103163286,
      0.3265836167864997
    ],
    [
      0.5188156871392581,
      0.3324710629404567
    ],
    [
      0.5093436487646308,
      0.3352913994741516
    ],
    [
      0.4975455987481417,
      0.33539103006831034
    ],
    [
      0.4858896668801693,
      0.3339828489126922
    ],
    [
      0.47396688730957864,
      0.32888392149842666
    ],
    [
      0.4614152959209831,
      0.320448943742027
    ],
    [
      0.48876187448362146,
      0.32186765864990546
    ],
    [
      0.4989261267145688,
      0.32288456454043046
    ],
    [
      0.5087926805108711,
      0.3231389697843142
    ],
    [
      0.5271343266020041,
      0.325391446310391
    ],
    [
      0.5083327597565935,
      0.32452732108254423
    ],
    [
      0.4988973683121312,
      0.32383080077969506
    ],
    [
      0.48871139146757775,
      0.3227509536566697
    ]
  ]
}
