{
  "steersLeft": true,
  "leftEye": [
    [
      0.43459698776982464,
      0.3019489644567434
    ],
    [
      0.4428709807928208,
      0.29936494247832796
    ],
    [
      0.45468733680987566,
      0.3000973785485567
    ],
    [
      0.46695366529323,
      0.30572419815586577
    ],
    [
      0.45594378142626957,
      0.3082881774175436
    ],
    [
      0.44298977518817706,
      0.30627573851468015
    ]
  ],
  "rightEye": [
    [
      0.5214330945402544,
      0.3091246388764842
    ],
    [
      0.5360880591104552,
      0.3056526475338925
    ],
    [
      0.5478130060190071,
      0.30635672481020965
    ],
    [
      0.5579723899167479,
      0.31136790231208294
    ],
    [
      0.5466968246646,
      0.31481884135969646
    ],
    [
      0.5325780824841975,
      0.3129076644486941
    ]
  ],
  "mouth": [
    [
      0.4509560228256687,
      0.3792907148959966
    ],
    [
      0.4614523431105189,
      0.37570922314423444
    ],
    [
      0.4747351142523753,
      0.373296991258102
    ],
    [
      0.48202997717422297,
      0.37525634964347043
    ],
    [
      0.4895379560430774,
      0.3745922283675208
    ],
    [
      0.5056561070868191,
      0.3781674167269347
    ],
    [
      0.5190407970963081,
      0.38340543222182416
    ],
    [
      0.5042022154675522,
      0.3876260517164262
    ],
    [
      0.4921294645983176,
      0.39027145734619995
    ],
    [
      0.4804767379585593,
      0.3902988712784249
    ],
    [
      0.4694332028913452,
      0.38908502170716963
    ],
    [
      0.46039307921648165,
      0.3855449614932035
    ],
    [
      0.45337300946624026,
      0.37931041461499865
    ],
    [
      0.4719114423719432,
      0.38014498635056587
    ],
    [
      0.48142616113960257,
      0.380434437609464
    ],
    [
      0.4919469792319569,
      0.38073241851016393
    ],
    [
      0.5178206831278636,
      0.3821061567994431
    ],
    [
      0.49126576710100645,
      0.3811831045914067
    ],
    [
      0.48137253057935664,
      0.38054643607761435
    ],
    [
      0.47215348304003857,
      0.3796061433796234
    ]
  ]
}
