{
  "steersLeft": false,
  "leftEye": [
    [
      0.45557138233109684,
      0.24649812838649746
    ],
    [
      0.46792075044521064,
      0.24316025943615271
    ],
    [
      0.4808598272787026,
      0.24341307092530992
    ],
    [
      0.49389102703608406,
      0.24937285991289604
    ],
    [
      0.4827230750196142,
      0.2534619728355339
    ],
    [
      0.4677220725143828,
      0.25188981136316213
    ]
  ],
  "rightEye": [
    [
      0.549098416262567,
      0.24801542084950806
    ],
    [
      0.5634724499096473,
      0.24191969199483537
    ],
    [
      0.575843522335532,
      0.2409917388379587
    ],
    [
      0.5831447918120861,
      0.24503061627472175
    ],
    [
      0.5752134872617387,
      0.25076784758407267
    ],
    [
      0.5620098329413388,
      0.2512248975822106
    ]
  ],
  "mouth": [
    [
      0.49018205393317965,
      0.32868980573306716
    ],
    [
      0.5077311859847474,
      0.3245508871739367
    ],
    [
      0.5248537046981785,
      0.3213207839922082
    ],
    [
      0.532414237958093,
      0.32263568060939796
    ],
    [
      0.5398738590110599,
      0.3211420298624024
    ],
    [
      0.5523046504012853,
      0.32300057216427835
    ],
    [
      0.5593017544968283,
      0.3259384409793289
    ],
    [
      0.5512351832815525,
      0.3340003799241198
    ],
    [
      0.5426252979186574,
      0.338815084925043
    ],
    [
      0.5310345532934898,
      0.3405053791217166
    ],
    [
      0.5194491544788397,
      0.3402642589036209
    ],
    [
      0.5068970147952135,
      0.3364717863038275
    ],
    [
      0.4939801078245588,
      0.3286424970157793
    ],
    [
      0.5207068647641256,
      0.3283750927722316
    ],
    [
      0.5304973555236701,
      0.3284515553917284
    ],
    [
      0.5403779544947316,
      0.32738039601681346
    ],
    [
      0.5574486525584605,
      0.32550091752150395
    ],
    [
      0.5399610133813301,
      0.3284151699057972
    ],
    [
      0.5305387895685526,
      0.32923256643373133
    ],
    [
      0.5207635335663091,
      0.3293779440232805
    ]
  ]
}
