{
  "steersLeft": true,
  "leftEye": [
    [
      0.39149865422279473,
      0.29144225745139574
    ],
    [
      0.39698565266238584,
      0.2886752815777968
    ],
    [
      0.40805564519336,
      0.28933648383879096
    ],
    [
      0.41896811792992844,
      0.29420356722198615
    ],
    [
      0.4090866286063491,
      0.2969599714901906
    ],
    [
      0.39794580486559833,
      0.29552801818082836
    ]
  ],
  "rightEye": [
    [
      0.46575935517780154,
      0.29584858780669876
    ],
    [
      0.4775771813694993,
      0.2915819379155466
    ],
    [
      0.4885221001008137,
      0.2912481779388162
    ],
    [
      0.4991697969041708,
      0.29503161354721186
    ],
    [
      0.48875086650710836,
      0.29965750725223694
    ],
    [
      0.47594474032773904,
      0.29842756897269784
    ]
  ],
  "mouth": [
    [
      0.41188582089034587,
      0.3610023754304925
    ],
    [
      0.41762827103060896,
      0.3582449479438611
    ],
    [
      0.42664978185541896,
      0.35582432531397645
    ],
    [
      0.4327444998531449,
      0.3575272977200579
    ],
    [
      0.43912419743227604,
      0.35679430665242945
    ],
    [
      0.4532936184153257,
      0.3599364840878144
    ],
    [
      0.46688548627298126,
      0.3634467624941581
    ],
    [
      0.45371428686524634,
      0.3680715809527006
    ],
    [
      0.44278953401829735,
      0.37165737436547075
    ],
    [
      0.4333842397046873,
      0.3720440964252846
    ],
    [
      0.4244077502294804,
      0.37072836140452
    ],
    [
      0.41741497406165695,
      0.36728716634591896
    ],
    [
      0.414597318698648,
      0.36119198548534265
    ],
    [
      0.4262001863129442,
      0.3620008285029958
    ],
    [
      0.4330367232234522,
      0.36223417185487483
    ],
    [
      0.4421007217882872,
      0.3624937274366748
    ],
    [
      0.46478607832768243,
      0.3626164740074883
    ],
    [
      0.4410932515080898,
      0.36350394380479867
    ],
    [
      0.43304009450340575,
      0.36301864592229144
    ],
    [
      0.42599503946477585,
      0.36212360480412675
    ]
  ]
}
