{
  "steersLeft": false,
  "leftEye": [
    [
      0.4347268287409652,
      0.31911617529013026
    ],
    [
      0.44802375731929567,
      0.31400441623292924
    ],
    [
      0.46489513632140966,
      0.3135280400337796
    ],
    [
      0.481999467770455,
      0.3230102323301425
    ],
    [
      0.4671252764691759,
      0.3285838804019662
    ],
    [
      0.4484965986593805,
      0.3263480390268756
    ]
  ],
  "rightEye": [
    [
      0.5560741404144858,
      0.3202450840671079
    ],
    [
      0.5737945798930297,
      0.3098241484460347
    ],
    [
      0.590210739035956,
      0.30911153890176446
    ],
    [
      0.6041001626517052,
      0.31510568765905117
    ],
    [
      0.5908951835214257,
      0.32322553457074943
    ],
    [
      0.5723448626325782,
      0.32418733299723757
    ]
  ],
  "mouth": [
    [
      0.47447399473389085,
      0.4285543304232457
    ],
    [
      0.4939504246485234,
      0.42600725998290023
    ],
    [
      0.5149767141699659,
      0.4236175345829134
    ],
    [
      0.5255278380505345,
      0.42636116362266996
    ],
    [
      0.5362798281223055,
      0.42420399476775866
    ],
    [
      0.5579207096236234,
      0.42520278121034927
    ],
    [
      0.5744468965871649,
      0.4266216452313781
    ],
    [
      0.5578531104246609,
      0.43952930353785874
    ],
    [
      0.5425190784280131,
      0.4474589723040789
    ],
    [
      0.526291657079302,
      0.44933128858565724
    ],
    [
      0.5105476582663353,
      0.4488954545016177
    ],
    [
      0.4934912485228524,
      0.44228484727143186
    ],
    [
      0.4789864125990069,
      0.42895276184629855
    ],
    [
      0.5113009480189511,
      0.43236704936882286
    ],
    [
      0.5245712730415609,
      0.43301382769111446
    ],
    [
      0.540074832614593,
      0.4313552989269944
    ],
    [
      0.572241708954776,
      0.42582992736669306
    ],
    [
      0.5391132417972788,
      0.4335596865258662
    ],
    [
      0.5251468527033868,
      0.4345040275565138
    ],
    [
      0.5114914926120325,
      0.43389038697639937
    ]
  ]
}
