{
  "steersLeft": true,
  "leftEye": [
    [
      0.36473462980331284,
      0.22061756540448216
    ],
    [
      0.3758976191071497,
      0.21674449665525317
    ],
    [
      0.39271746515009387,
      0.21564443567960784
    ],
    [
      0.4101255497378141,
      0.22134008604768207
    ],
    [
      0.39476232656749644,
      0.2259171774241908
    ],
    [
      0.37681529920131235,
      0.2248441973388884
    ]
  ],
  "rightEye": [
    [
      0.4891865180587436,
      0.2217738597629128
    ],
    [
      0.5073533137164448,
      0.2170412079050748
    ],
    [
      0.5236140526320703,
      0.21698547229240522
    ],
    [
      0.5392255110700679,
      0.2224620452483472
    ],
    [
      0.523368521351572,
      0.22790158923177947
    ],
    [
      0.5041805198682517,
      0.22548185183742264
    ]
  ],
  "mouth": [
    [
      0.39351366226459356,
      0.3201510775031689
    ],
    [
      0.40738210052097057,
      0.3136992447878153
    ],
    [
      0.4267615882076575,
      0.3092234862306111
    ],
    [
      0.437394301358613,
      0.3118020232721241
    ],
    [
      0.448606522873508,
      0.31045997647879764
    ],
    [
      0.47448868373413605,
      0.3150246162822632
    ],
    [
      0.49853732173106224,
      0.32166678750571165
    ],
    [
      0.47364337574133636,
      0.32567754093299445
    ],
    [
      0.45402601807116594,
      0.32928325588900953
    ],
    [
      0.43816382837732065,
      0.3296307287104173
    ],
    [
      0.42168457494201234,
      0.3286561533849149
    ],
    [
      0.4075177967665886,
      0.325717260060174
    ],
    [
      0.3968836045115338,
      0.319859237812348
    ],
    [
      0.4229964825006647,
      0.3187630455353231
    ],
    [
      0.437278711684346,
      0.31821451750803376
    ],
    [
      0.4544718639576241,
      0.3182580870334618
    ],
    [
      0.4962326926562048,
      0.3202793997109568
    ],
    [
      0.4538685859285874,
      0.3189933227750603
    ],
    [
      0.4384381097437507,
      0.3182613518198094
    ],
    [
      0.4241371606488116,
      0.31764073496751744
    ]
  ]
}
