{
  "steersLeft": false,
  "leftEye": [
    [
      0.4166820353020283,
      0.21496050884750612
    ],
    [
      0.4262510185332645,
      0.21223231336876675
    ],
    [
      0.435849673605777,
      0.2117517657013854
    ],
    [
      0.44551030550040255,
      0.21703146186885172
    ],
    [
      0.4372798115358895,
      0.22044198269785759
    ],
    [
      0.42603005890712714,
      0.21922063080559873
    ]
  ],
  "rightEye": [
    [
      0.4875349117631389,
      0.21688510094836938
    ],
    [
      0.4991413147417976,
      0.21184482691077594
    ],
    [
      0.508545096477706,
      0.2123142579043807
    ],
    [
      0.514788704564669,
      0.2160811040344965
    ],
    [
      0.5078124534069896,
      0.22007571271338466
    ],
    [
      0.49763008871866254,
      0.2201154512314792
    ]
  ],
  "mouth": [
    [
      0.44547578055881853,
      0.2956243691720515
    ],
    [
      0.45721515008227537,
      0.2904718741798246
    ],
    [
      0.4680033749726706,
      0.28739259575905596
    ],
    [
      0.47298873451921225,
      0.2888589855685865
    ],
    [
      0.47840183918379636,
      0.2880269298253984
    ],
    [
      0.48741338116755106,
      0.29119646299812096
    ],
    [
      0.49237546263988885,
      0.2959890535224354
    ],
    [
      0.4873648781765955,
      0.3002810317885855
    ],
    [
      0.48114048640600315,
      0.303470454328034
    ],
    [
      0.47251646413167875,
      0.30395711760225524
    ],
    [
      0.46445716625681316,
      0.3038434575123345
    ],
    [
      0.45614503095984854,
      0.3005877141035953
    ],
    [
      0.4480357874696936,
      0.295418179289962
    ],
    [
      0.46531702638408434,
      0.29438061158070794
    ],
    [
      0.47175966060488417,
      0.2941264505223731
    ],
    [
      0.47884239984810634,
      0.2938322694384423
    ],
    [
      0.4917988611002827,
      0.2949899316947902
    ],
    [
      0.4786694109825876,
      0.2944197698486467
    ],
    [
      0.4726924783064803,
      0.29440969302910963
    ],
    [
      0.46571188526973767,
      0.29422170346873816
    ]
  ]
}
