{
  "steersLeft": true,
  "leftEye": [
    [
      0.442525868294979,
      0.25164342675699153
    ],
    [
      0.4515265751337057,
      0.2488527092679142
    ],
    [
      0.4635654999258316,
      0.2494820266980926
    ],
    [
      0.47639630288841045,
      0.2545422562502645
    ],
    [
      0.46537190739185946,
      0.257847171106185
    ],
    [
      0.4519603401421793,
      0.2564494322907772
    ]
  ],
  "rightEye": [
    [
      0.530766553213356,
      0.2537630689369916
    ],
    [
      0.5442254407953364,
      0.24899818799221987
    ],
    [
      0.5561951844753431,
      0.24786558566966135
    ],
    [
      0.565623799496446,
      0.25109545044041925
    ],
    [
      0.5558120351459016,
      0.25676428203959206
    ],
    [
      0.5423118251860582,
      0.2566156839700681
    ]
  ],
  "mouth": [
    [
      0.4721985603832324,
      0.32387437750966436
    ],
    [
      0.48264195167450463,
      0.31925449116263344
    ],
    [
      0.4967730194256245,
      0.3158166273012871
    ],
    [
      0.5037478007223427,
      0.3169373410455516
    ],
    [
      0.5106055090048659,
      0.31578924405601555
    ],
    [
      0.5248803724213024,
      0.3181561257473654
    ],
    [
      0.5351921968178927,
      0.32223716090934756
    ],
    [
      0.5242506013182415,
      0.3288972665107296
    ],
    [
      0.514222811818124,
      0.33320994969177103
    ],
    [
      0.5035715596517301,
      0.334317704545498
    ],
    [
      0.4925442004600454,
      0.33386906314934445
    ],
    [
      0.48305624802851715,
      0.33051693941109417
    ],
    [
      0.47480215244528584,
      0.3237602178487579
    ],
    [
      0.4940205369651915,
      0.3224798208450832
    ],
    [
      0.5029872389304684,
      0.3223705914244378
    ],
    [
      0.5127341900910072,
      0.321857992983709
    ],
    [
      0.5334619915988839,
      0.32143785486617715
    ],
    [
      0.5122549041365646,
      0.3242402411139191
    ],
    [
      0.5030447981238135,
      0.324604995152425
    ],
    [
      0.4942998228930335,
      0.32457020084535987
    ]
  ]
}
