{
  "steersLeft": false,
  "leftEye": [
    [
      0.46852437639560995,
      0.35332007800352466
    ],
    [
      0.48088019650576236,
      0.35034525683469153
    ],
    [
      0.4927210739134311,
      0.3495917555384052
    ],
    [
      0.5049626353489495,
      0.3543376849640463
    ],
    [
      0.49516665273200483,
      0.3587942164594275
    ],
    [
      0.4812655241429478,
      0.3579879323123617
    ]
  ],
  "rightEye": [
    [
      0.5583042282578995,
      0.35109416138270944
    ],
    [
      0.5723873711403383,
      0.3451481674420915
    ],
    [
      0.5835640497861113,
      0.3440490979818148
    ],
    [
      0.5895123810259654,
      0.3479844075262189
    ],
    [
      0.5830970047663149,
      0.352725824308134
    ],
    [
      0.5710886326798478,
      0.3538894077527837
    ]
  ],
  "mouth": [
    [
      0.5081502563486939,
      0.43449336833860436
    ],
    [
      0.5276229964869523,
      0.43026299105771665
    ],
    [
      0.5456252731179588,
      0.42685340450738907
    ],
    [
      0.5525476736990341,
      0.4279862172901283
    ],
    [
      0.5591964639976095,
      0.4267713532758367
    ],
    [
      0.570895678314005,
      0.4283167771435262
    ],
    [
      0.5764170058191042,
      0.4321023632014282
    ],
    [
      0.5712369744839126,
      0.43769724097841056
    ],
    [
      0.5642356845134616,
      0.44151619043825574
    ],
    [
      0.5529523169174132,
      0.44245642121972256
    ],
    [
      0.5408693787846536,
      0.44287494862421073
    ],
    [
      0.5277018548846213,
      0.44016061082397406
    ],
    [
      0.5120522516834628,
      0.43438827826273374
    ],
    [
      0.540564280928158,
      0.43411050126011536
    ],
    [
      0.5508079232523655,
      0.43393178200756405
    ],
    [
      0.5598930490929949,
      0.43267355485124753
    ],
    [
      0.5751454935729394,
      0.4311160431306983
    ],
    [
      0.5604707654973761,
      0.4315666926700893
    ],
    [
      0.5521544354287165,
      0.43191396902633844
    ],
    [
      0.5417014906133879,
      0.43242585827326013
    ]
  ]
}
