{
  "steersLeft": false,
  "leftEye": [
    [
      0.4740440036942389,
      0.2693910966516823
    ],
    [
      0.48714819857661656,
      0.2671543221131479
    ],
    [
      0.4985682674476959,
      0.26733045999626753
    ],
    [
      0.5090815533241848,
      0.27360543295817646
    ],
    [
      0.499531559460668,
      0.27726974508983193
    ],
    [
      0.48513605714473085,
      0.27537006845642287
    ]
  ],
  "rightEye": [
    [
      0.5597351819213208,
      0.2740904672048754
    ],
    [
      0.5742500759832125,
      0.2684107562121211
    ],
    [
      0.5859723327652738,
      0.2688671975196744
    ],
    [
      0.5912842107361362,
      0.2730476824154558
    ],
    [
      0.5840062060358059,
      0.2779747686896443
    ],
    [
      0.5717815981433197,
      0.2781605182222135
    ]
  ],
  "mouth": [
    [
      0.4936728883122082,
      0.3527390003652394
    ],
    [
      0.5127961782595591,
      0.3502810353908813
    ],
    [
      0.5301126161605074,
      0.34883328255990653
    ],
    [
      0.5367294789551157,
      0.35089840385499305
    ],
    [
      0.5435650287777776,
      0.349934717233906
    ],
    [
      0.5540478372856423,
      0.35276979827712174
    ],
    [
      0.5580840056427101,
      0.3556216825272084
    ],
    [
      0.5507358825805291,
      0.36119874576476
    ],
    [
      0.5427858031352231,
      0.36453748082445064
    ],
    [
      0.5316337022370476,
      0.36533430658185867
    ],
    [
      0.5208767561872397,
      0.3644471426731436
    ],
    [
      0.5096732270922443,
      0.3599599335210722
    ],
    [
      0.4967315882568569,
      0.35245223439876067
    ],
    [
      0.5240212706032066,
      0.3556525043412342
    ],
    [
      0.5331494201836638,
      0.3563837187147719
    ],
    [
      0.5421852379294306,
      0.3559774181287173
    ],
    [
      0.5571597195202693,
      0.3546429375557249
    ],
    [
      0.5416007922349025,
      0.3546539922970874
    ],
    [
      0.5330173339445513,
      0.35449303526284964
    ],
    [
      0.5234589778955474,
      0.35400864637402485
    ]
  ]
}
