{
  "steersLeft": false,
  "leftEye": [
    [
      0.4536398136791428,
      0.3085461464103254
    ],
    [
      0.46377366568513195,
      0.3043475616367057
    ],
    [
      0.4737071086085394,
      0.3037127320083335
    ],
    [
      0.48310091787301207,
      0.3096295434998532
    ],
    [
      0.474968940829689,
      0.313372961471394
    ],
    [
      0.4634684999747028,
      0.31240173731376397
    ]
  ],
  "rightEye": [
    [
      0.5242971901078449,
      0.3072020330508552
    ],
    [
      0.5349495294018635,
      0.300549892112117
    ],
    [
      0.5441333007633773,
      0.2999992331641522
    ],
    [
      0.5495770160868376,
      0.3047620087073898
    ],
    [
      0.5440843789490761,
      0.308941086294578
    ],
    [
      0.5341945064378756,
      0.3095469988589762
    ]
  ],
  "mouth": [
    [
      0.4800466313600797,
      0.375053949944986
    ],
    [
      0.49567207738162267,
      0.370523967739202
    ],
    [
      0.5093378300805366,
      0.3674441166702709
    ],
    [
      0.5147639296005632,
      0.3688884733838158
    ],
    [
      0.5205480731029236,
      0.3673307856809514
    ],
    [
      0.5287110166794725,
      0.36952652600761504
    ],
    [
      0.5325659149174865,
      0.37300631405789214
    ],
    [
      0.5279361929105038,
      0.37855374753537063
    ],
    [
      0.5220519590547864,
      0.38201250018645444
    ],
    [
      0.5139326537859726,
      0.38315486302168494
    ],
    [
      0.5053882854760713,
      0.3834198307901069
    ],
    [
      0.49455236901816885,
      0.38062452341916386
    ],
    [
      0.48293717854803353,
      0.37505184534747993
    ],
    [
      0.5058610482119505,
      0.3738844282836475
    ],
    [
      0.5131797417556828,
      0.3738680462658745
    ],
    [
      0.5205016078722828,
      0.3726732059792625
    ],
    [
      0.5313218589801102,
      0.3725457350559453
    ],
    [
      0.5201772030380616,
      0.3735290051259339
    ],
    [
      0.5136141373457512,
      0.37388677612609145
    ],
    [
      0.5060196768553442,
      0.3741738791838607
    ]
  ]
}
