{
  "steersLeft": false,
  "leftEye": [
    [
      0.4903296514300305,
      0.17768243833086442
    ],
    [
      0.4992304097437062,
      0.1739819851662177
    ],
    [
      0.5085087962336851,
      0.17269553881091407
    ],
    [
      0.5180615980218242,
      0.17662026694750696
    ],
    [
      0.5106281818997214,
      0.18010739049691615
    ],
    [
      0.49980966323301335,
      0.17999229126451566
    ]
  ],
  "rightEye": [
    [
      0.5581958078525027,
      0.17257943310893117
    ],
    [
      0.568471434546587,
      0.16721476676368863
    ],
    [
      0.5770457359364015,
      0.16671702561895618
    ],
    [
      0.5826506986970099,
      0.1702211543106848
    ],
    [
      0.5775674510581194,
      0.17359427945379927
    ],
    [
      0.5680854842628935,
      0.1743340975012167
    ]
  ],
  "mouth": [
    [
      0.5207272165547622,
      0.2372339120464529
    ],
    [
      0.5350000257449757,
      0.23328112857025038
    ],
    [
      0.5481739016585544,
      0.23015908089374273
    ],
    [
      0.5538745251354902,
      0.23101712766491844
    ],
    [
      0.5596110749424802,
      0.22954205213537887
    ],
    [
      0.5698102828644368,
      0.23019892031471298
    ],
    [
      0.5757923716629295,
      0.23224021885682128
    ],
    [
      0.5708544897486261,
      0.23870638752957127
    ],
    [
      0.5644871201843311,
      0.2424156053668314
    ],
    [
      0.555415541075836,
      0.24403939726122967
    ],
    [
      0.5463421274883186,
      0.24450505718802293
    ],
    [
      0.5354987228415861,
      0.24238873472579275
    ],
    [
      0.5234319349325598,
      0.23700024335840422
    ],
    [
      0.5451811700742215,
      0.23579704042481212
    ],
    [
      0.5531081815666019,
      0.23514657800500766
    ],
    [
      0.5609252046597782,
      0.2339452622018825
    ],
    [
      0.5750356959323936,
      0.23190251685974952
    ],
    [
      0.5613363957679788,
      0.23499632048360092
    ],
    [
      0.5539852500043748,
      0.236128818929029
    ],
    [
      0.5462142361806975,
      0.23669951863442779
    ]
  ]
}
