{
  "steersLeft": true,
  "leftEye": [
    [
      0.37560148333640736,
      0.34765716581305367
    ],
    [
      0.38569678817143777,
      0.3416982032843847
    ],
    [
      0.4057450639458,
      0.342164808019036
    ],
    [
      0.4273224488118847,
      0.35214061528587387
    ],
    [
      0.40889649450331716,
      0.35770634384866246
    ],
    [
      0.3878335239294206,
      0.35540123789270484
    ]
  ],
  "rightEye": [
    [
      0.5162808814597692,
      0.3526381117073634
    ],
    [
      0.5375579139418218,
      0.34330041129865824
    ],
    [
      0.5584132023534409,
      0.34256940765780836
    ],
    [
      0.5785152016400339,
      0.34966548696113275
    ],
    [
      0.5591219845556382,
      0.3591120240508815
    ],
    [
      0.5353502444875683,
      0.357650469853682
    ]
  ],
  "mouth": [
    [
      0.4171033189091194,
      0.48897055823852803
    ],
    [
      0.42819816349517426,
      0.4825299524258342
    ],
    [
      0.4475296382563139,
      0.4775738635184218
    ],
    [
      0.4603068949580794,
      0.4802197998797503
    ],
    [
      0.4727091083378982,
      0.47832833597238067
    ],
    [
      0.5033233149836758,
      0.48340078083552346
    ],
    [
      0.5314337613605491,
      0.49030997242254565
    ],
    [
      0.5048684490892553,
      0.5019903366002595
    ],
    [
      0.48351842777540177,
      0.5095688978759392
    ],
    [
      0.4643511495173789,
      0.5108935048728812
    ],
    [
      0.44546696302657407,
      0.5090756334564848
    ],
    [
      0.43099788849679477,
      0.5023468659015629
    ],
    [
      0.42180399384327644,
      0.48900036541459413
    ],
    [
      0.4464341123286614,
      0.4894356735783856
    ],
    [
      0.46117996192074745,
      0.4897044201677684
    ],
    [
      0.48059530638462333,
      0.4899642207482933
    ],
    [
      0.5279617927013089,
      0.48893153513092263
    ],
    [
      0.4797526882091032,
      0.4930704331214116
    ],
    [
      0.46253620007226925,
      0.49271775985840893
    ],
    [
      0.4476259018131976,
      0.49189370519330994
    ]
  ]
}
