{
  "steersLeft": true,
  "leftEye": [
    [
      0.56611033892207,
      0.29608259402866416
    ],
    [
      0.5719732042094121,
      0.29339979810116235
    ],
    [
      0.5825123030288738,
      0.29206302055665767
    ],
    [
      0.5940012728994581,
      0.2969502645314068
    ],
    [
      0.5846680364567377,
      0.30168315781250127
    ],
    [
      0.573551967444306,
      0.30039715706165326
    ]
  ],
  "rightEye": [
    [
      0.6407619037195323,
      0.29710166843762525
    ],
    [
      0.6511896704365392,
      0.2904118961061136
    ],
    [
      0.6617777564807591,
      0.28988395492898217
    ],
    [
      0.6733141087333124,
      0.2932030537160407
    ],
    [
      0.6638544299231591,
      0.29923701342289905
    ],
    [
      0.650538221104868,
      0.2995323915055518
    ]
  ],
  "mouth": [
    [
      0.5941329043731263,
      0.38134669305149016
    ],
    [
      0.6010930903680417,
      0.381291331702126
    ],
    [
      0.6092780428942682,
      0.3794124528599281
    ],
    [
      0.6152239338813761,
      0.38155520366596
    ],
    [
      0.6213925990412076,
      0.38032951941008447
    ],
    [
      0.6373356640226139,
      0.38200506394190986
    ],
    [
      0.6532601032054799,
      0.3819849684056798
    ],
    [
      0.6389072346751564,
      0.38447876348380833
    ],
    [
      0.6278169943530989,
      0.38920545834995013
    ],
    [
      0.6189999743224643,
      0.38951640718569003
    ],
    [
      0.6107378106446512,
      0.38934763337218903
    ],
    [
      0.6020822302383375,
      0.38603103307833214
    ],
    [
      0.5967253749753204,
      0.38107413015675834
    ],
    [
      0.6090552824675212,
      0.38521024817528854
    ],
    [
      0.615872269749306,
      0.38563356943254073
    ],
    [
      0.6262890259389102,
      0.38523128811803975
    ],
    [
      0.6524991671687371,
      0.3809983265902892
    ],
    [
      0.6263232328021331,
      0.38117813441922177
    ],
    [
      0.6179051210177237,
      0.38080210521510816
    ],
    [
      0.6103661469244089,
      0.38012164238479973
    ]
  ]
}
