{
  "steersLeft": true,
  "leftEye": [
    [
      0.3027626288832876,
      0.34100894194417836
    ],
    [
      0.3102458215173826,
      0.33572816432748404
    ],
    [
      0.33033533002656795,
      0.33502868471485797
    ],
    [
      0.35221290845687425,
      0.34326467460924115
    ],
    [
      0.3340719632792018,
      0.34972668610697594
    ],
    [
      0.31398585585476696,
      0.34778586599691125
    ]
  ],
  "rightEye": [
    [
      0.43752788495471934,
      0.3431436962878665
    ],
    [
      0.4580828571052274,
      0.3342511765479016
    ],
    [
      0.4776058645627805,
      0.3339993575989569
    ],
    [
      0.4997051055425464,
      0.34066908540539165
    ],
    [
      0.48012564007813546,
      0.34891273666622424
    ],
    [
      0.4556461184442247,
      0.3478676571101407
    ]
  ],
  "mouth": [
    [
      0.34480448300254374,
      0.49111091553047453
    ],
    [
      0.3514810580016231,
      0.48101260571030247
    ],
    [
      0.3655557292346796,
      0.47279756666616846
    ],
    [
      0.377834438770333,
      0.4762177851088708
    ],
    [
      0.3900781045364463,
      0.47417864587615044
    ],
    [
      0.4191153064749757,
      0.4824889960919539
    ],
    [
      0.44842960864439746,
      0.49387885927777087
    ],
    [
      0.4247509165031215,
      0.5050853946634072
    ],
    [
      0.4030160702628434,
      0.5125832208089611
    ],
    [
      0.3837680468056712,
      0.5135915027486238
    ],
    [
      0.3664891884359727,
      0.5113592677355163
    ],
    [
      0.3525795327963651,
      0.5048197726780551
    ],
    [
      0.349358560676649,
      0.49114428596929083
    ],
    [
      0.3679966625668745,
      0.48805793960539906
    ],
    [
      0.3809889448763978,
      0.48705078957760584
    ],
    [
      0.39908009565400127,
      0.48727721387414724
    ],
    [
      0.4458044750814389,
      0.49170219275291854
    ],
    [
      0.3980196122355831,
      0.49452882822677624
    ],
    [
      0.3822219514679363,
      0.49393956329210004
    ],
    [
      0.36814817459420307,
      0.492358533946522
    ]
  ]
}
