{
  "steersLeft": true,
  "leftEye": [
    [
      0.34110250145973936,
      0.3815920573921973
    ],
    [
      0.35139195016412167,
      0.37656559692042
    ],
    [
      0.36955308473796994,
      0.37675031135205667
    ],
    [
      0.38845624818846036,
      0.38544952635741625
    ],
    [
      0.37182990213377376,
      0.3902127637317791
    ],
    [
      0.35270405568071406,
      0.3878374429548604
    ]
  ],
  "rightEye": [
    [
      0.46813713531783574,
      0.38763242359799044
    ],
    [
      0.48752127582868915,
      0.3802277257380132
    ],
    [
      0.5053240217019777,
      0.3802341799717881
    ],
    [
      0.5232624013317309,
      0.3873893255466994
    ],
    [
      0.5058071090470947,
      0.393827220302426
    ],
    [
      0.48437733523329435,
      0.3918409009490667
    ]
  ],
  "mouth": [
    [
      0.3740270322996037,
      0.4967796583178148
    ],
    [
      0.3855013099713499,
      0.49059132012998996
    ],
    [
      0.4017735598365106,
      0.4853043475959538
    ],
    [
      0.41183749583831264,
      0.4882856982253024
    ],
    [
      0.4221368245122253,
      0.48676746714413344
    ],
    [
      0.4448629966095057,
      0.4926543450751927
    ],
    [
      0.46508854122451015,
      0.4998143216890543
    ],
    [
      0.4449575997158093,
      0.5051981205782213
    ],
    [
      0.4270606703951171,
      0.5100775727060555
    ],
    [
      0.4118470280904687,
      0.5106011750978143
    ],
    [
      0.39673027903069225,
      0.5090826527838009
    ],
    [
      0.38401953036637954,
      0.5048260791850193
    ],
    [
      0.3776866017902434,
      0.4968567664962373
    ],
    [
      0.40039324176329444,
      0.4965048201693071
    ],
    [
      0.4123093962761824,
      0.4964196945219884
    ],
    [
      0.42698551548126273,
      0.49649750508550655
    ],
    [
      0.4623612140044798,
      0.498030674698465
    ],
    [
      0.4245135566969808,
      0.49624384127792986
    ],
    [
      0.4116506517057994,
      0.4952221279339794
    ],
    [
      0.3992613737491047,
      0.49444434779433
    ]
  ]
}
