{
  "steersLeft": true,
  "leftEye": [
    [
      0.5039862029969288,
      0.18081393315693794
    ],
    [
      0.5071577402559898,
      0.1780802040652767
    ],
    [
      0.5166411508116371,
      0.17838703856507818
    ],
    [
      0.5270279625472909,
      0.1832818934146739
    ],
    [
      0.5182476263466564,
      0.1862759019769033
    ],
    [
      0.5088601148871624,
      0.1850051091317696
    ]
  ],
  "rightEye": [
    [
      0.5664923022509535,
      0.18297692529841386
    ],
    [
      0.5763873665999496,
      0.1782088276906812
    ],
    [
      0.585904475499316,
      0.17750914820922015
    ],
    [
      0.5968575577116044,
      0.1811220903319102
    ],
    [
      0.5867746137312662,
      0.18590473736652174
    ],
    [
      0.5750494469514237,
      0.18569108611669832
    ]
  ],
  "mouth": [
    [
      0.5230349297158341,
      0.25312481477536464
    ],
    [
      0.5262494943109759,
      0.2501098577569715
    ],
    [
      0.5330886317551187,
      0.24722681275403202
    ],
    [
      0.5384104281204295,
      0.24866303932685344
    ],
    [
      0.5443653538081122,
      0.24767929313361012
    ],
    [
      0.5587603027629929,
      0.24983804539538831
    ],
    [
      0.5738673861443974,
      0.2533234147136594
    ],
    [
      0.5610667280488573,
      0.2579084551233455
    ],
    [
      0.550533578550387,
      0.2619491179828906
    ],
    [
      0.5417209142217954,
      0.2625322347544375
    ],
    [
      0.533637646477179,
      0.2619067923774248
    ],
    [
      0.5276510585607881,
      0.2588379768625509
    ],
    [
      0.5250175871034454,
      0.25300193668360715
    ],
    [
      0.5340114912795225,
      0.25351526012104236
    ],
    [
      0.5398742603528882,
      0.25334764110394203
    ],
    [
      0.5482795095929649,
      0.25321621006127776
    ],
    [
      0.5725689338321217,
      0.25201463547409453
    ],
    [
      0.5482790357800379,
      0.25341157911713946
    ],
    [
      0.5407759775761406,
      0.2532016763182942
    ],
    [
      0.5347079642679431,
      0.2528218960214245
    ]
  ]
}
