{
  "steersLeft": true,
  "leftEye": [
    [
      0.3713372780170811,
      0.3586989457914259
    ],
    [
      0.3833008387093663,
      0.3537165439892726
    ],
    [
      0.3998272365980838,
      0.35225462886535236
    ],
    [
      0.41692680483130223,
      0.35874765906847067
    ],
    [
      0.4028462580123851,
      0.36458744924688424
    ],
    [
      0.3850692056814879,
      0.3636831121393831
    ]
  ],
  "rightEye": [
    [
      0.49206722814343207,
      0.35498300059599336
    ],
    [
      0.5088567241566617,
      0.3469011187166314
    ],
    [
      0.5247243843960485,
      0.3459497848881499
    ],
    [
      0.5395214507037193,
      0.3506041694382297
    ],
    [
      0.5261381524771186,
      0.35797729823891616
    ],
    [
      0.5077753533308869,
      0.3579061922111475
    ]
  ],
  "mouth": [
    [
      0.40768428134760987,
      0.4596432843676237
    ],
    [
      0.42617424373041446,
      0.457400465437547
    ],
    [
      0.44889236830432366,
      0.4551900875713282
    ],
    [
      0.46142273912262205,
      0.45730504706947694
    ],
    [
      0.47333445657884204,
      0.4547467657414665
    ],
    [
      0.5002049348867948,
      0.4543126727076499
    ],
    [
      0.5215889046561619,
      0.45409897808946525
    ],
    [
      0.5005038497307783,
      0.4704594628646876
    ],
    [
      0.48315461335743753,
      0.47990788948963914
    ],
    [
      0.4650536886235109,
      0.4828443299643957
    ],
    [
      0.44731865383948716,
      0.4822371637810668
    ],
    [
      0.4288877689913834,
      0.47563393806165105
    ],
    [
      0.41207750072052185,
      0.459826132657907
    ],
    [
      0.4456977287633693,
      0.46309123640046024
    ],
    [
      0.4615727004261108,
      0.4629713949465364
    ],
    [
      0.48004440995876846,
      0.46138494275726455
    ],
    [
      0.5191429816032908,
      0.453852059805518
    ],
    [
      0.47991397663411295,
      0.46738983240540743
    ],
    [
      0.4631042225280443,
      0.4691240043956964
    ],
    [
      0.44761974874219257,
      0.46867298944145147
    ]
  ]
}
