{
  "steersLeft": true,
  "leftEye": [
    [
      0.449672067839847,
      0.20428490933576526
    ],
    [
      0.45527126772900917,
      0.20035841691544107
    ],
    [
      0.4720746534189669,
      0.20057140508105614
    ],
    [
      0.4897669008569795,
      0.2075235493564018
    ],
    [
      0.4750073903787779,
      0.21183260043237595
    ],
    [
      0.459076130579598,
      0.21018315484154168
    ]
  ],
  "rightEye": [
    [
      0.5557180271109847,
      0.20767292031940413
    ],
    [
      0.5716748241159619,
      0.20108465923239835
    ],
    [
      0.5876780050253464,
      0.19996697282773118
    ],
    [
      0.6061069545837022,
      0.20482827431865838
    ],
    [
      0.590157996362845,
      0.21172451346134227
    ],
    [
      0.5709954770069731,
      0.21103363260749622
    ]
  ],
  "mouth": [
    [
      0.4949958697604704,
      0.30602596116607916
    ],
    [
      0.49893167327768567,
      0.30031880652912973
    ],
    [
      0.5098152985430695,
      0.2953855726968454
    ],
    [
      0.5187718911515852,
      0.2974881196044236
    ],
    [
      0.52865725736353,
      0.2963996853137863
    ],
    [
      0.550845685658715,
      0.30073295746793194
    ],
    [
      0.5729207121678899,
      0.3071595993958425
    ],
    [
      0.5554681751737155,
      0.315104585002969
    ],
    [
      0.5385371885433371,
      0.32096980921475654
    ],
    [
      0.5243596998090068,
      0.32203907640591534
    ],
    [
      0.5111583364649485,
      0.32030036352346014
    ],
    [
      0.5012570374190659,
      0.31568039770898765
    ],
    [
      0.4984533904495761,
      0.30623647150556466
    ],
    [
      0.5119777393531703,
      0.30478622215924317
    ],
    [
      0.5216578187641601,
      0.3043202597449695
    ],
    [
      0.5347132871261606,
      0.30435303522287405
    ],
    [
      0.5699220953860429,
      0.30578840450222683
    ],
    [
      0.5337924054872051,
      0.30921519870887015
    ],
    [
      0.5218244966284037,
      0.3088682243895812
    ],
    [
      0.5115690908800605,
      0.3077768140855502
    ]
  ]
}
