{
  "steersLeft": false,
  "leftEye": [
    [
      0.42578299578135903,
      0.28223164626248387
    ],
    [
      0.4368297241795682,
      0.278354051081118
    ],
    [
      0.44985037369725206,
      0.27735827161990034
    ],
    [
      0.46410568079692144,
      0.2820761967498706
    ],
    [
      0.45294458868154497,
      0.2869399331689758
    ],
    [
      0.43779895038037225,
      0.2867713182950365
    ]
  ],
  "rightEye": [
    [
      0.5238307077928951,
      0.2776371021829116
    ],
    [
      0.538376310508801,
      0.2713269477742717
    ],
    [
      0.5513287871508509,
      0.26985917373468543
    ],
    [
      0.5610236204518712,
      0.27296360523496865
    ],
    [
      0.5513812381664687,
      0.27965717950495567
    ],
    [
      0.5373220467754669,
      0.2803953338048006
    ]
  ],
  "mouth": [
    [
      0.4669637653759155,
      0.37448274130971526
    ],
    [
      0.48242583236903297,
      0.36944070921864086
    ],
    [
      0.4989850936047428,
      0.36558299635284985
    ],
    [
      0.50697610078709,
      0.36674807188083164
    ],
    [
      0.5143915752937412,
      0.3650695472611315
    ],
    [
      0.5292758324203212,
      0.36673283674130697
    ],
    [
      0.5392508022094328,
      0.3699067106101372
    ],
    [
      0.5291016399253264,
      0.3775210185068175
    ],
    [
      0.5194133272888559,
      0.38275242220319566
    ],
    [
      0.5075140724182791,
      0.3843748925133293
    ],
    [
      0.49487734383179705,
      0.3845476665934587
    ],
    [
      0.48292536905221883,
      0.38131218407356715
    ],
    [
      0.47008680236975164,
      0.374176086639782
    ],
    [
      0.4954049798735581,
      0.3734777067959833
    ],
    [
      0.5056457171605806,
      0.3727390579763474
    ],
    [
      0.5164528111365873,
      0.371737730723566
    ],
    [
      0.5375326911297615,
      0.3689124834825684
    ],
    [
      0.5158880341962311,
      0.3724793270121555
    ],
    [
      0.5059930097711994,
      0.3733052995119903
    ],
    [
      0.4957555832339613,
      0.37367653650166266
    ]
  ]
}
