{
  "steersLeft": false,
  "leftEye": [
    [
      0.40967376668169175,
      0.27172011293338283
    ],
    [
      0.42753768851342827,
      0.26638959296584547
    ],
    [
      0.44425960391180597,
      0.2650788147935754
    ],
    [
      0.46027902201018334,
      0.2719754984206441
    ],
    [
      0.4465226015592469,
      0.2782691755411288
    ],
    [
      0.4276429937834138,
      0.27696134551639773
    ]
  ],
  "rightEye": [
    [
      0.5325181851292938,
      0.27106597725129133
    ],
    [
      0.5521543064230501,
      0.26414497140702614
    ],
    [
      0.5682448829247583,
      0.2648314969914957
    ],
    [
      0.5760608256937017,
      0.2717488441317043
    ],
    [
      0.5670793059864636,
      0.2762368603256666
    ],
    [
      0.5498945401233933,
      0.2761777296658952
    ]
  ],
  "mouth": [
    [
      0.46299885431527205,
      0.38750771602104
    ],
    [
      0.4880929282726221,
      0.37456949691577607
    ],
    [
      0.5109246691859762,
      0.3677760469999113
    ],
    [
      0.5204213711498572,
      0.37000535849314276
    ],
    [
      0.5312586470142983,
      0.3681787251158639
    ],
    [
      0.5460245771807651,
      0.37429508969813613
    ],
    [
      0.5518894046568341,
      0.3857366914147059
    ],
    [
      0.5453685448285115,
      0.3930914721527076
    ],
    [
      0.535502575440196,
      0.3977041049543204
    ],
    [
      0.5196302180420356,
      0.39932235549596995
    ],
    [
      0.5047391820063954,
      0.3992181464245772
    ],
    [
      0.486883991688884,
      0.3949012640165003
    ],
    [
      0.46785694507639114,
      0.3869562005883142
    ],
    [
      0.5049744516259105,
      0.37947699743202085
    ],
    [
      0.5178979177040735,
      0.37849808887403363
    ],
    [
      0.5311430976843162,
      0.3781851968561843
    ],
    [
      0.5507090001865088,
      0.38409849232982857
    ],
    [
      0.5314082057067738,
      0.384472960028013
    ],
    [
      0.5196903761124843,
      0.3845235551827837
    ],
    [
      0.5057860470190045,
      0.384963199891231
    ]
  ]
}
