{
  "steersLeft": true,
  "leftEye": [
    [
      0.3580425569088927,
      0.35446935333135976
    ],
    [
      0.37017599645517996,
      0.3498667227817593
    ],
    [
      0.3881090223205748,
      0.34912001080161
    ],
    [
      0.4072377184112811,
      0.35614043517568644
    ],
    [
      0.3916383952711874,
      0.361717843825323
    ],
    [
      0.37196133541619625,
      0.36048657973160936
    ]
  ],
  "rightEye": [
    [
      0.488424582771515,
      0.3527398238615209
    ],
    [
      0.5079633323608764,
      0.344789111622297
    ],
    [
      0.5257744820902573,
      0.3432466936852621
    ],
    [
      0.5412334899783803,
      0.3490974163284897
    ],
    [
      0.5261978270713983,
      0.35638145691931855
    ],
    [
      0.5055611785007735,
      0.3566777442054376
    ]
  ],
  "mouth": [
    [
      0.40482684623978493,
      0.46316508352936575
    ],
    [
      0.4212107385574917,
      0.4589068503306693
    ],
    [
      0.4403513744544988,
      0.45463905404647925
    ],
    [
      0.4503826703019272,
      0.45665708395905547
    ],
    [
      0.4607791327347006,
      0.45515598259209317
    ],
    [
      0.48357195262769553,
      0.4579711158842592
    ],
    [
      0.5037924876847691,
      0.4620871486954934
    ],
    [
      0.4844179892798212,
      0.4652003202612632
    ],
    [
      0.46930471763188397,
      0.4691856856314489
    ],
    [
      0.45351222870098606,
      0.4694409594030217
    ],
    [
      0.43789238261081675,
      0.4699533926249969
    ],
    [
      0.4229039044666594,
      0.46710662370317874
    ],
    [
      0.40813217886273434,
      0.4622370264896195
    ],
    [
      0.4375007794920868,
      0.46405463568086597
    ],
    [
      0.4503343253503772,
      0.46332183058208587
    ],
    [
      0.46591045597993,
      0.462700970827402
    ],
    [
      0.5023978056691534,
      0.4602652630540438
    ],
    [
      0.465608987134803,
      0.45803847839316714
    ],
    [
      0.4522204542989213,
      0.4575500875762708
    ],
    [
      0.4391112791385738,
      0.4578508701860286
    ]
  ]
}
