{
  "steersLeft": false,
  "leftEye": [
    [
      0.49729677193843846,
      0.3580355874711451
    ],
    [
      0.512630884252282,
      0.3534991926744067
    ],
    [
      0.5262215536459953,
      0.35193641815801924
    ],
    [
      0.5395426683293814,
      0.3577280932531497
    ],
    [
      0.528591980895219,
      0.36309527457669066
    ],
    [
      0.5123819432993714,
      0.362404606209902
    ]
  ],
  "rightEye": [
    [
      0.5975375755860057,
      0.3540760060927316
    ],
    [
      0.6132230326799258,
      0.34678537695781253
    ],
    [
      0.6263951963419795,
      0.34624500047351864
    ],
    [
      0.6329261229360832,
      0.35107527449977977
    ],
    [
      0.6261007375164174,
      0.3560615293168183
    ],
    [
      0.6123919056564171,
      0.3571248107057356
    ]
  ],
  "mouth": [
    [
      0.5438209475608702,
      0.44976231609523165
    ],
    [
      0.5661689933123933,
      0.4434918827217764
    ],
    [
      0.5855340835320069,
      0.4386545516571426
    ],
    [
      0.5927617241560539,
      0.4399621629314793
    ],
    [
      0.6009755823178715,
      0.4380487492374708
    ],
    [
      0.6121987393551465,
      0.44085482593370673
    ],
    [
      0.6171993654550101,
      0.4450513834983056
    ],
    [
      0.6121849118324958,
      0.44997672162505875
    ],
    [
      0.6052867816197551,
      0.4539345684099652
    ],
    [
      0.593117778309787,
      0.45550705246183876
    ],
    [
      0.5808214852754977,
      0.4563543298424053
    ],
    [
      0.5662733829102694,
      0.4537586659698154
    ],
    [
      0.5482144925839406,
      0.44948924849766553
    ],
    [
      0.5797941677494535,
      0.4474127201916958
    ],
    [
      0.590051201791097,
      0.4466607232995438
    ],
    [
      0.6002277119195448,
      0.44528854466126316
    ],
    [
      0.6158488409733079,
      0.44422144507255373
    ],
    [
      0.6011233673820898,
      0.4426061720540882
    ],
    [
      0.5919065492670658,
      0.4430528804890023
    ],
    [
      0.5810313029018047,
      0.44400043622096547
    ]
  ]
}
