{
  "steersLeft": false,
  "leftEye": [
    [
      0.4446215416704021,
      0.27894860738545013
    ],
    [
      0.4586101106818426,
      0.27344767761400646
    ],
    [
      0.4715130354689271,
      0.2713049182871914
    ],
    [
      0.484229369507835,
      0.2763586150066008
    ],
    [
      0.4747144775700321,
      0.2822331753841013
    ],
    [
      0.4593641173397803,
      0.28244258446285697
    ]
  ],
  "rightEye": [
    [
      0.5387229916213859,
      0.2698851872741738
    ],
    [
      0.5529520836203049,
      0.26263583258406414
    ],
    [
      0.5647758064521349,
      0.26168766030192087
    ],
    [
      0.5699312758293908,
      0.26599045675089045
    ],
    [
      0.5652458135119287,
      0.271111116954345
    ],
    [
      0.5529858794157801,
      0.27273433627416716
    ]
  ],
  "mouth": [
    [
      0.4991478365352201,
      0.37279673959133613
    ],
    [
      0.520728776386526,
      0.3655772052488708
    ],
    [
      0.5388900205064938,
      0.3600053018129601
    ],
    [
      0.5462803304465702,
      0.3609935724630062
    ],
    [
      0.5534607617062453,
      0.3588337793192664
    ],
    [
      0.5635193028042865,
      0.3614793437956155
    ],
    [
      0.5663594554895687,
      0.36596509656508236
    ],
    [
      0.56393730159974,
      0.37265180954037463
    ],
    [
      0.5585498060656042,
      0.3769319606688814
    ],
    [
      0.5473148543950295,
      0.37884306077278357
    ],
    [
      0.5355634590925165,
      0.3799542278175231
    ],
    [
      0.5209941282273521,
      0.3774351747399837
    ],
    [
      0.5030515730260703,
      0.37241474499286564
    ],
    [
      0.5338509646730544,
      0.3694150888015297
    ],
    [
      0.5440447411876109,
      0.36791776234369133
    ],
    [
      0.5532046553921567,
      0.3666067941588932
    ],
    [
      0.5657329535252247,
      0.36532855344482157
    ],
    [
      0.5534410170220263,
      0.36540464721968147
    ],
    [
      0.5449728980497444,
      0.36606791113082526
    ],
    [
      0.5348281350149728,
      0.36740554512545504
    ]
  ]
}
