{
  "steersLeft": true,
  "leftEye": [
    [
      0.4115619339669525,
      0.2472200719901733
    ],
    [
      0.41863108714727815,
      0.24273458885554458
    ],
    [
      0.4316156401056956,
      0.24278760405660618
    ],
    [
      0.44501170246432326,
      0.24924096577566288
    ],
    [
      0.4336339728026127,
      0.25310366545046814
    ],
    [
      0.41999183214458846,
      0.25188991984107306
    ]
  ],
  "rightEye": [
    [
      0.5004220945791007,
      0.24862791476093057
    ],
    [
      0.5138404580923205,
      0.24218042971933165
    ],
    [
      0.52665831218403,
      0.24149770222476283
    ],
    [
      0.5386590006022718,
      0.24614730569169097
    ],
    [
      0.5271569557927228,
      0.2521891684691745
    ],
    [
      0.5125053194963975,
      0.2515009845180796
    ]
  ],
  "mouth": [
    [
      0.4404307209606236,
      0.33552409887382956
    ],
    [
      0.4499078884376333,
      0.33196479550395586
    ],
    [
      0.4624962192767845,
      0.32861041880586883
    ],
    [
      0.470025933695503,
      0.3303467460335213
    ],
    [
      0.47745848291390774,
      0.3289139273835685
    ],
    [
      0.49434256439507357,
      0.3314253858016681
    ],
    [
      0.5096131832730805,
      0.33444054476623664
    ],
    [
      0.49491715870596875,
      0.340501092940113
    ],
    [
      0.48260334034412505,
      0.34469711763201205
    ],
    [
      0.4714278358070189,
      0.34555860262003746
    ],
    [
      0.46025244652135766,
      0.3448794999319792
    ],
    [
      0.4503984397484435,
      0.34177953974182435
    ],
    [
      0.44347465156914645,
      0.33552522801709656
    ],
    [
      0.4611370672190879,
      0.33619260301258624
    ],
    [
      0.4700321243445444,
      0.33577534608191
    ],
    [
      0.48140811700233516,
      0.3352747121859049
    ],
    [
      0.5076270551227725,
      0.33365926744368857
    ],
    [
      0.48023263458661086,
      0.33511255181535576
    ],
    [
      0.4702335509412805,
      0.33502722451165645
    ],
    [
      0.46140533965387764,
      0.33468047487930025
    ]
  ]
}
