{
  "steersLeft": true,
  "leftEye": [
    [
      0.4143194360846207,
      0.31774958716882257
    ],
    [
      0.4227341734986919,
      0.31432015309766914
    ],
    [
      0.43772672598739154,
      0.31481991638278306
    ],
    [
      0.4536544578819596,
      0.3223451355719085
    ],
    [
      0.439420093619508,
      0.32611755106354406
    ],
    [
      0.42348414511975546,
      0.32389149606054907
    ]
  ],
  "rightEye": [
    [
      0.522126583824976,
      0.3248300926342496
    ],
    [
      0.5388038155738027,
      0.3190526116839373
    ],
    [
      0.5541833151272321,
      0.3192627402663077
    ],
    [
      0.5694770907208297,
      0.3252010410317474
    ],
    [
      0.5543539571119371,
      0.33099005011738436
    ],
    [
      0.5358512630256355,
      0.32927371557426044
    ]
  ],
  "mouth": [
    [
      0.43907686361202786,
      0.41727280563510283
    ],
    [
      0.44852279480523005,
      0.411600311397676
    ],
    [
      0.46357357118042847,
      0.4075618178539788
    ],
    [
      0.47302842662902245,
      0.41012624612645815
    ],
    [
      0.48236737487074927,
      0.4089475369575812
    ],
    [
      0.5039279631013517,
      0.4144063650421745
    ],
    [
      0.521892371263317,
      0.42167506382575237
    ],
    [
      0.5031195218819118,
      0.43051441286358416
    ],
    [
      0.4870067787720409,
      0.43639110870128983
    ],
    [
      0.4725294349481403,
      0.43681929436825256
    ],
    [
      0.4588167661440543,
      0.43505451217701135
    ],
    [
      0.4477351604675791,
      0.42894689677263514
    ],
    [
      0.44212936192349805,
      0.4174329582768534
    ],
    [
      0.46219911790839213,
      0.41738062395592485
    ],
    [
      0.4734378317593582,
      0.41775875610396807
    ],
    [
      0.48681400306140826,
      0.4182292529755476
    ],
    [
      0.5198002427393994,
      0.4201009380636752
    ],
    [
      0.48525253356514836,
      0.42313137918201554
    ],
    [
      0.472842098398056,
      0.42238510697092096
    ],
    [
      0.4614930795710304,
      0.42118670842959866
    ]
  ]
}
