{
  "steersLeft": false,
  "leftEye": [
    [
      0.4496035333265088,
      0.2010163583217974
    ],
    [
      0.46132502693231014,
      0.19906651191000316
    ],
    [
      0.47175825065345534,
      0.198840443998568
    ],
    [
      0.48104410413815346,
      0.20311685024817974
    ],
    [
      0.4727783324562203,
      0.20591041118122036
    ],
    [
      0.46021047386958525,
      0.20457656969898388
    ]
  ],
  "rightEye": [
    [
      0.5230707071328023,
      0.20224354277970552
    ],
    [
      0.5359295403971108,
      0.1982276393965564
    ],
    [
      0.5455027079979714,
      0.19807050544917462
    ],
    [
      0.5488638227895092,
      0.20096483518343797
    ],
    [
      0.5443520128846931,
      0.2043927679369645
    ],
    [
      0.5343776381512213,
      0.2047616288172667
    ]
  ],
  "mouth": [
    [
      0.4720226742714344,
      0.26287128324841746
    ],
    [
      0.4900621132181328,
      0.25971668551235205
    ],
    [
      0.5059770198097128,
      0.25794454387088434
    ],
    [
      0.5116756828633446,
      0.25912116362803767
    ],
    [
      0.5176587028109574,
      0.25818885056525104
    ],
    [
      0.5254253593285948,
      0.25990820222261457
    ],
    [
      0.526457110170238,
      0.26254169458620175
    ],
    [
      0.5227248879724009,
      0.26918521397168405
    ],
    [
      0.5166331221734333,
      0.27307200110079444
    ],
    [
      0.5065237222736532,
      0.27443415919503283
    ],
    [
      0.49658974159668196,
      0.2738008027490389
    ],
    [
      0.4858280743935746,
      0.27008205535361834
    ],
    [
      0.47492353339663973,
      0.26290005535551864
    ],
    [
      0.5001381844246784,
      0.2633272243532625
    ],
    [
      0.5087796192335687,
      0.2633445236775519
    ],
    [
      0.516085444625422,
      0.26277361750755823
    ],
    [
      0.5258353582028268,
      0.2622656360876265
    ],
    [
      0.5149401364520098,
      0.26529753483133767
    ],
    [
      0.5075846457124923,
      0.26588672723166906
    ],
    [
      0.49912217879302834,
      0.26563654654841856
    ]
  ]
}
