{
  "steersLeft": true,
  "leftEye": [
    [
      0.41180849310662093,
      0.301472482444424
    ],
    [
      0.42393344266980093,
      0.29569582194791016
    ],
    [
      0.4445130726591697,
      0.2943673272024213
    ],
    [
      0.4661601223590389,
      0.3023369706699473
    ],
    [
      0.44827885099953063,
      0.30965403718602197
    ],
    [
      0.42684506275394385,
      0.3086772017048514
    ]
  ],
  "rightEye": [
    [
      0.5526957154049307,
      0.2981158429451187
    ],
    [
      0.571768426230612,
      0.28762536018637797
    ],
    [
      0.5916880587242157,
      0.2858176237163992
    ],
    [
      0.6106759489365297,
      0.2907723894886177
    ],
    [
      0.594056820001741,
      0.30109545946449545
    ],
    [
      0.5715822933811051,
      0.3016264282684132
    ]
  ],
  "mouth": [
    [
      0.4732038572969006,
      0.43398569796978176
    ],
    [
      0.4879991939545162,
      0.4283333097775817
    ],
    [
      0.5063338186478155,
      0.4226624186628954
    ],
    [
      0.5184140928865806,
      0.425023644313396
    ],
    [
      0.5303175122472036,
      0.42248442469806
    ],
    [
      0.5555056677311637,
      0.4253300270584194
    ],
    [
      0.5783329178218816,
      0.42855494876039196
    ],
    [
      0.5575134253218882,
      0.4399591241269561
    ],
    [
      0.5395584864110056,
      0.4480970149892923
    ],
    [
      0.5226517862376843,
      0.44998853801117195
    ],
    [
      0.5061156773705222,
      0.449441749302835
    ],
    [
      0.49008250565568745,
      0.4447095467164866
    ],
    [
      0.47876003180489907,
      0.43414245412552477
    ],
    [
      0.505925564970875,
      0.43413360818195074
    ],
    [
      0.5192836417949266,
      0.43351573128314375
    ],
    [
      0.5364720413633455,
      0.4319711050506305
    ],
    [
      0.574841625225211,
      0.42749679284058767
    ],
    [
      0.5343560101908469,
      0.4326604096430723
    ],
    [
      0.5193743571886171,
      0.43259069832654895
    ],
    [
      0.5063048378893001,
      0.4327461530534932
    ]
  ]
}
