{
  "steersLeft": false,
  "leftEye": [
    [
      0.4359158192505122,
      0.3136319427706262
    ],
    [
      0.4488057035061041,
      0.3085442160514279
    ],
    [
      0.4617585430970538,
      0.3064488069238977
    ],
    [
      0.4743376765749852,
      0.31144247902468153
    ],
    [
      0.4642946523985379,
      0.31691417827013874
    ],
    [
      0.4496057676478061,
      0.31692421048620956
    ]
  ],
  "rightEye": [
    [
      0.5287014549859523,
      0.3072156111661799
    ],
    [
      0.5430514707105275,
      0.3003268389302133
    ],
    [
      0.5548962423602668,
      0.2998889371928225
    ],
    [
      0.5620979184268454,
      0.3047963087277923
    ],
    [
      0.5553377583044594,
      0.3095713186194403
    ],
    [
      0.5426495652906415,
      0.31000667946130667
    ]
  ],
  "mouth": [
    [
      0.4800851654531723,
      0.4048767870592047
    ],
    [
      0.49951489317685555,
      0.3977207126140621
    ],
    [
      0.5170405777621547,
      0.3926310810874706
    ],
    [
      0.5249050591276812,
      0.39397657342120446
    ],
    [
      0.5329910099776778,
      0.39189186371088275
    ],
    [
      0.5453030561208404,
      0.3951759037647678
    ],
    [
      0.5522978532098559,
      0.4006614171850765
    ],
    [
      0.546862475088677,
      0.4079341999743098
    ],
    [
      0.539345409904279,
      0.4128131480494125
    ],
    [
      0.5271768190660631,
      0.4149448038294246
    ],
    [
      0.5150232510460698,
      0.41557118470272086
    ],
    [
      0.5007307687524337,
      0.4122534458058799
    ],
    [
      0.48437473845786927,
      0.4048250979845352
    ],
    [
      0.5131027260387724,
      0.40152685657171877
    ],
    [
      0.523566010853054,
      0.4006394859725495
    ],
    [
      0.5335696046349097,
      0.3995417223099513
    ],
    [
      0.5506178734238366,
      0.3999143178468617
    ],
    [
      0.5348437161473153,
      0.4017451869087861
    ],
    [
      0.5255020990677188,
      0.40266039327770115
    ],
    [
      0.5149480288771274,
      0.4033272348873493
    ]
  ]
}
