{
  "steersLeft": false,
  "leftEye": [
    [
      0.4904294863448801,
      0.2908171149655171
    ],
    [
      0.5027272828743993,
      0.2853831104202059
    ],
    [
      0.5153999869252559,
      0.2830962340167327
    ],
    [
      0.5276942082993912,
      0.2877299727096159
    ],
    [
      0.5182729768717478,
      0.29327100596555267
    ],
    [
      0.503977324474492,
      0.2934997602503888
    ]
  ],
  "rightEye": [
    [
      0.5779252398407058,
      0.2800987929043665
    ],
    [
      0.5907054855494953,
      0.27161748664624535
    ],
    [
      0.6016187621571453,
      0.26998156321022687
    ],
    [
      0.6079483287672524,
      0.2746330445367538
    ],
    [
      0.6030731124075661,
      0.27965542290453516
    ],
    [
      0.5909997470772556,
      0.2814131157598227
    ]
  ],
  "mouth": [
    [
      0.5317332154945587,
      0.3675941324719589
    ],
    [
      0.5528225487100032,
      0.3634173235939766
    ],
    [
      0.569856802930849,
      0.360021576432831
    ],
    [
      0.5774215693262672,
      0.36098352532271644
    ],
    [
      0.5853190875691054,
      0.3583947727689654
    ],
    [
      0.5957560321211463,
      0.35819586819990673
    ],
    [
      0.6001859612377993,
      0.35899280767390196
    ],
    [
      0.5960694322100667,
      0.3692468690263824
    ],
    [
      0.5893146025070348,
      0.3755114977425767
    ],
    [
      0.5779714872635605,
      0.3780601700669171
    ],
    [
      0.5668452101140531,
      0.37921952694786687
    ],
    [
      0.5520038545269059,
      0.37614045802872415
    ],
    [
      0.5361030721608864,
      0.36759286973427613
    ],
    [
      0.5660133796948895,
      0.36647865572548344
    ],
    [
      0.5760019046429876,
      0.36571913070134643
    ],
    [
      0.5856686984061333,
      0.36344133899397935
    ],
    [
      0.598715161992654,
      0.3588897308645426
    ],
    [
      0.5851662742761404,
      0.3659755366030309
    ],
    [
      0.5763460707479631,
      0.367713274110726
    ],
    [
      0.5663571194051863,
      0.36873805589234204
    ]
  ]
}
