{
  "steersLeft": false,
  "leftEye": [
    [
      0.38358238304454856,
      0.2712313262991569
    ],
    [
      0.39976386058388097,
      0.2652648763624777
    ],
    [
      0.4187036864102003,
      0.2643809006415146
    ],
    [
      0.4379984411270957,
      0.2721244651978755
    ],
    [
      0.42210910122863027,
      0.27708060402107765
    ],
    [
      0.40087070117377227,
      0.2755998086156792
    ]
  ],
  "rightEye": [
    [
      0.5228448920307057,
      0.2712416298194221
    ],
    [
      0.5439805708529523,
      0.2638581304323918
    ],
    [
      0.5614903703767016,
      0.26383273557082765
    ],
    [
      0.5753610320969924,
      0.2715375527444643
    ],
    [
      0.5620631377910225,
      0.27599450461214914
    ],
    [
      0.5415654376317699,
      0.2752295288889743
    ]
  ],
  "mouth": [
    [
      0.4412383563355399,
      0.37709034050669527
    ],
    [
      0.4627155768200522,
      0.3661992122600255
    ],
    [
      0.4862976815096563,
      0.35937098688741304
    ],
    [
      0.4966637213263372,
      0.36164170806309637
    ],
    [
      0.5077762278446647,
      0.3601511752649198
    ],
    [
      0.5281036785023484,
      0.36650961187366643
    ],
    [
      0.5419851529839668,
      0.3775319199466325
    ],
    [
      0.529698200372781,
      0.38210490368656613
    ],
    [
      0.5158225956758834,
      0.38642314623237606
    ],
    [
      0.49863347175950473,
      0.38712520901666314
    ],
    [
      0.4811096156460297,
      0.38714581605719356
    ],
    [
      0.46306592315939893,
      0.3834625421009139
    ],
    [
      0.445567876077426,
      0.3769668276640813
    ],
    [
      0.48146167400592005,
      0.3709923387170853
    ],
    [
      0.4957218268360302,
      0.37030489819703644
    ],
    [
      0.5104711541375317,
      0.37013041770551247
    ],
    [
      0.540077498694423,
      0.375720182587347
    ],
    [
      0.5110848040875388,
      0.37369300945661377
    ],
    [
      0.49755999626170977,
      0.37336670974812086
    ],
    [
      0.482491435054348,
      0.37355702563421256
    ]
  ]
}
