{
  "steersLeft": true,
  "leftEye": [
    [
      0.37857666511770593,
      0.32391193209933367
    ],
    [
      0.4000803951688051,
      0.3180671295607905
    ],
    [
      0.427492098157731,
      0.3164837271973521
    ],
    [
      0.45681810976969717,
      0.32605084714416893
    ],
    [
      0.43198842586659725,
      0.3336798058799842
    ],
    [
      0.40123244471917474,
      0.33221041115807454
    ]
  ],
  "rightEye": [
    [
      0.5824863801454699,
      0.32173483537307845
    ],
    [
      0.6111246809356128,
      0.3107461182424072
    ],
    [
      0.6387106773500892,
      0.30930948943458847
    ],
    [
      0.6632937650060335,
      0.3163176488834305
    ],
    [
      0.6400816722903723,
      0.3261157111320635
    ],
    [
      0.6087747430007684,
      0.3269987629518178
    ]
  ],
  "mouth": [
    [
      0.45454838177514695,
      0.4759136232322937
    ],
    [
      0.4790904422310768,
      0.46580980491717106
    ],
    [
      0.5080299833928668,
      0.45811897703974913
    ],
    [
      0.5241147789563517,
      0.46091397212172996
    ],
    [
      0.5409402293554396,
      0.45805976882428673
    ],
    [
      0.574923646146853,
      0.4635907386028669
    ],
    [
      0.6033673644543623,
      0.471357721143039
    ],
    [
      0.5768890703627183,
      0.48095711134123353
    ],
    [
      0.5525046390396043,
      0.48851460073131364
    ],
    [
      0.527966844899235,
      0.4900422019082548
    ],
    [
      0.5040145785113799,
      0.4905628668921655
    ],
    [
      0.4809390560099968,
      0.48538656204610814
    ],
    [
      0.46143427924498587,
      0.47537820315203755
    ],
    [
      0.504365394752943,
      0.47219832336453793
    ],
    [
      0.5240288431714893,
      0.47177359781188577
    ],
    [
      0.5472095961104392,
      0.47049136533046476
    ],
    [
      0.5991881073933021,
      0.46962480081780084
    ],
    [
      0.5467934218391421,
      0.47037555765066197
    ],
    [
      0.5259936899912637,
      0.4707049907423339
    ],
    [
      0.5056583770658332,
      0.4712159720420801
    ]
  ]
}
