{
  "steersLeft": true,
  "leftEye": [
    [
      0.44543092426183256,
      0.31993919599636017
    ],
    [
      0.4579759150146256,
      0.31784375331587666
    ],
    [
      0.4758823658100141,
      0.31929306775414334
    ],
    [
      0.49370380782652,
      0.32842259857365635
    ],
    [
      0.4770350799343064,
      0.3317028511452276
    ],
    [
      0.4578316029314293,
      0.3278392118745316
    ]
  ],
  "rightEye": [
    [
      0.5727573744601456,
      0.33570703659486184
    ],
    [
      0.593746859476561,
      0.3302420593025989
    ],
    [
      0.6110599821874971,
      0.3314143192843144
    ],
    [
      0.6254427053843632,
      0.3375653516191151
    ],
    [
      0.60963655536331,
      0.3435538154053107
    ],
    [
      0.5892674438852213,
      0.34107622478293725
    ]
  ],
  "mouth": [
    [
      0.46975582061078147,
      0.44311479965691386
    ],
    [
      0.48438870196259787,
      0.43710889966053507
    ],
    [
      0.50493793616349,
      0.43294228172636423
    ],
    [
      0.5156205831091842,
      0.4364474842200396
    ],
    [
      0.5267213281850008,
      0.4358874765293817
    ],
    [
      0.5493857012796949,
      0.4429676103499279
    ],
    [
      0.5672030495979553,
      0.4527907957903899
    ],
    [
      0.5487308570810664,
      0.459072025431158
    ],
    [
      0.5309446356215378,
      0.46345884305069046
    ],
    [
      0.5137654739609969,
      0.46332665280630864
    ],
    [
      0.4969896337780525,
      0.46068324810710926
    ],
    [
      0.48287055458290956,
      0.4546138782246837
    ],
    [
      0.47316121205521516,
      0.4435396076861467
    ],
    [
      0.5003588334878469,
      0.4438664495860967
    ],
    [
      0.5144730199145162,
      0.4445391663480421
    ],
    [
      0.5299427859563123,
      0.4456641760810468
    ],
    [
      0.5651782056399297,
      0.4508243018279515
    ],
    [
      0.5292981698566035,
      0.4500732601851924
    ],
    [
      0.5151693051245133,
      0.4487857099167732
    ],
    [
      0.5010545777887665,
      0.4467564183848617
    ]
  ]
}
