{
  "steersLeft": true,
  "leftEye": [
    [
      0.427471471715843,
      0.21221154476473011
    ],
    [
      0.4323435302411911,
      0.2092956752457399
    ],
    [
      0.4420364425101612,
      0.20989040300336853
    ],
    [
      0.45222143452237773,
      0.2157744558368786
    ],
    [
      0.44306619312528517,
      0.21852657162144762
    ],
    [
      0.4328912161457065,
      0.21675625084692254
    ]
  ],
  "rightEye": [
    [
      0.49524966533104303,
      0.21772148919393935
    ],
    [
      0.5063878694145927,
      0.21305667876167003
    ],
    [
      0.5163961243412147,
      0.21317732026607292
    ],
    [
      0.5265681877315184,
      0.21758495687405927
    ],
    [
      0.5166112753449806,
      0.22216366034880083
    ],
    [
      0.5046621153586461,
      0.22082675037570165
    ]
  ],
  "mouth": [
    [
      0.44231346079257444,
      0.2882207787185756
    ],
    [
      0.4469147828166412,
      0.2853874239375581
    ],
    [
      0.4546507893925992,
      0.283275142885607
    ],
    [
      0.4603142352459562,
      0.28531345331058316
    ],
    [
      0.46639741015285674,
      0.2846174355926812
    ],
    [
      0.4803499003989016,
      0.2882222894651174
    ],
    [
      0.493126202895104,
      0.29283606464106016
    ],
    [
      0.4804675667005193,
      0.2975844193570937
    ],
    [
      0.46959058690362043,
      0.3007843931563147
    ],
    [
      0.460650035019794,
      0.30093419206897526
    ],
    [
      0.4524157495744728,
      0.29936308280974433
    ],
    [
      0.4463807487654189,
      0.295377666288059
    ],
    [
      0.44443588315290944,
      0.28847224527814497
    ],
    [
      0.4546733542116649,
      0.2899982783368532
    ],
    [
      0.4610006989204767,
      0.29048103459662195
    ],
    [
      0.4695294566321893,
      0.29097398559786936
    ],
    [
      0.4914749761109191,
      0.2916580404413029
    ],
    [
      0.4683732369563615,
      0.29144442088028555
    ],
    [
      0.46066759232254084,
      0.29069074859806066
    ],
    [
      0.4542023583851342,
      0.289746554390836
    ]
  ]
}
