{
  "steersLeft": false,
  "leftEye": [
    [
      0.44172511447972373,
      0.3189978162453932
    ],
    [
      0.4567201075070483,
      0.31551498926159827
    ],
    [
      0.4710795299970732,
      0.31570985265978674
    ],
    [
      0.48525321539069854,
      0.3221875116176785
    ],
    [
      0.47316714394377607,
      0.32677347508197174
    ],
    [
      0.4560655189033895,
      0.3247357412307483
    ]
  ],
  "rightEye": [
    [
      0.5494307836887511,
      0.3225464354432747
    ],
    [
      0.5674655478089544,
      0.3167220089646312
    ],
    [
      0.581422320921452,
      0.31652442504451
    ],
    [
      0.5880428548746247,
      0.3221396822511285
    ],
    [
      0.5799652922910674,
      0.327151357429118
    ],
    [
      0.5647486324660251,
      0.32690207618949485
    ]
  ],
  "mouth": [
    [
      0.4773173955791466,
      0.4132787437886439
    ],
    [
      0.49992599462811926,
      0.40826426295674273
    ],
    [
      0.5213127932503944,
      0.4051863051573883
    ],
    [
      0.5292005162116339,
      0.4071190231606195
    ],
    [
      0.5373860283891564,
      0.40583539578079614
    ],
    [
      0.5512837612386842,
      0.409240867406943
    ],
    [
      0.5576099163883176,
      0.4141923357689363
    ],
    [
      0.5485852420633197,
      0.41980346592527595
    ],
    [
      0.5391432134634933,
      0.42344157733987675
    ],
    [
      0.5256250394910927,
      0.42437314327187686
    ],
    [
      0.5118984893000494,
      0.4238948051896922
    ],
    [
      0.49788763105368644,
      0.4198787670112606
    ],
    [
      0.48098111171411917,
      0.4130017613433822
    ],
    [
      0.5140913445717737,
      0.41370413718276694
    ],
    [
      0.5259722796921601,
      0.413728003747967
    ],
    [
      0.537117087252435,
      0.4132714742579284
    ],
    [
      0.55665179101984,
      0.412814619045536
    ],
    [
      0.5367902694053271,
      0.41256638900078213
    ],
    [
      0.526128075370795,
      0.4124199619971667
    ],
    [
      0.514222324482385,
      0.4123833774546051
    ]
  ]
}
