{
  "steersLeft": true,
  "leftEye": [
    [
      0.4023834893154817,
      0.289157290584196
    ],
    [
      0.4103872398455171,
      0.28506676318714563
    ],
    [
      0.4240022427747142,
      0.2845929980857605
    ],
    [
      0.4379341631071767,
      0.29101614164274453
    ],
    [
      0.42580771695795516,
      0.2951395275262703
    ],
    [
      0.41112079739071433,
      0.29406781495026085
    ]
  ],
  "rightEye": [
    [
      0.4989444473460207,
      0.29149378804974735
    ],
    [
      0.5130535826134677,
      0.2852258967174724
    ],
    [
      0.5266650692734145,
      0.28538107131606916
    ],
    [
      0.540094951955852,
      0.29027848657241007
    ],
    [
      0.5273454631773214,
      0.29606976004367086
    ],
    [
      0.5116103345153116,
      0.2951137233127551
    ]
  ],
  "mouth": [
    [
      0.42747963165403985,
      0.38656750443785914
    ],
    [
      0.43693607133928775,
      0.3820507514643981
    ],
    [
      0.449825296154302,
      0.37873176940456754
    ],
    [
      0.4586906081791165,
      0.3808109848239838
    ],
    [
      0.46720244702774366,
      0.3796083622783311
    ],
    [
      0.48621927873046716,
      0.3837074867673248
    ],
    [
      0.503098831348713,
      0.3888304479275332
    ],
    [
      0.48720148434634947,
      0.3966189992221986
    ],
    [
      0.47320559980332433,
      0.40157470198565387
    ],
    [
      0.46042217357169546,
      0.4024246949782507
    ],
    [
      0.4478691007401892,
      0.40099691789371367
    ],
    [
      0.4370868680986161,
      0.3963317696688015
    ],
    [
      0.43058087203614165,
      0.3867235846744333
    ],
    [
      0.44914535542113376,
      0.38714461577015896
    ],
    [
      0.45907914334319816,
      0.3870290175511777
    ],
    [
      0.4716557726610662,
      0.3874127492999169
    ],
    [
      0.501062248480785,
      0.3876555120286203
    ],
    [
      0.4712826369100496,
      0.39064739058867426
    ],
    [
      0.4600592341622997,
      0.39042939058981196
    ],
    [
      0.4495290903322055,
      0.38956590359135085
    ]
  ]
}
