{
  "steersLeft": true,
  "leftEye": [
    [
      0.4758894527039263,
      0.18644776120875242
    ],
    [
      0.48085641308675925,
      0.18463163702532434
    ],
    [
      0.4895543882882997,
      0.18472584587089286
    ],
    [
      0.4984590147167911,
      0.18856534635335453
    ],
    [
      0.49076408291723944,
      0.19064938483112362
    ],
    [
      0.4817371239098086,
      0.18954739885959354
    ]
  ],
  "rightEye": [
    [
      0.5361045500053573,
      0.1889693844651924
    ],
    [
      0.5458123326535356,
      0.1856017361215424
    ],
    [
      0.554024681659007,
      0.1857161473317431
    ],
    [
      0.5625163663826445,
      0.18874554722270295
    ],
    [
      0.5543923880100267,
      0.19166887207573474
    ],
    [
      0.5441287554984272,
      0.1911259972180888
    ]
  ],
  "mouth": [
    [
      0.4949737859547901,
      0.24016735441807668
    ],
    [
      0.5009743116858475,
      0.2379236387638178
    ],
    [
      0.5088105153893561,
      0.2361226032358194
    ],
    [
      0.5137284396694567,
      0.23730148305191986
    ],
    [
      0.5187949732314717,
      0.23675935643000107
    ],
    [
      0.5308122584007444,
      0.23844011421246583
    ],
    [
      0.5415197797319544,
      0.24108819848759538
    ],
    [
      0.531572485483725,
      0.24477236431502655
    ],
    [
      0.522859229983225,
      0.24761640372340307
    ],
    [
      0.5147587389504078,
      0.2479509247686674
    ],
    [
      0.5072320708139365,
      0.2473433757198596
    ],
    [
      0.5007982210568159,
      0.24478230712843108
    ],
    [
      0.4967759013818872,
      0.24017614963067274
    ],
    [
      0.5081846286750539,
      0.24060746391852625
    ],
    [
      0.5140873012268544,
      0.24071773458501
    ],
    [
      0.5214642134147944,
      0.24068561094317945
    ],
    [
      0.5406722771471585,
      0.24018429300600966
    ],
    [
      0.5209744579305159,
      0.24116930173193124
    ],
    [
      0.5143079250374661,
      0.24109072320937405
    ],
    [
      0.5083213847739642,
      0.24060136786303166
    ]
  ]
}
