{
  "steersLeft": false,
  "leftEye": [
    [
      0.4863955397541775,
      0.18636803455401604
    ],
    [
      0.5008054312374889,
      0.18215992956602575
    ],
    [
      0.514995955988122,
      0.1814683928870021
    ],
    [
      0.5295954491219865,
      0.18756851187539225
    ],
    [
      0.5176361345028357,
      0.1929847210032814
    ],
    [
      0.5004357097667129,
      0.19195742596549842
    ]
  ],
  "rightEye": [
    [
      0.5937461573566272,
      0.18427539780924934
    ],
    [
      0.6102706018718064,
      0.17693704857294895
    ],
    [
      0.6247153183264237,
      0.17613249789987867
    ],
    [
      0.6330700430485738,
      0.18098269638161432
    ],
    [
      0.6242950067028523,
      0.18680130498728464
    ],
    [
      0.6090152250140783,
      0.18781358417970484
    ]
  ],
  "mouth": [
    [
      0.5311489137516712,
      0.2815125082009116
    ],
    [
      0.5511689639186423,
      0.27496218661268396
    ],
    [
      0.5700993114577523,
      0.2704181414252359
    ],
    [
      0.5779626064593453,
      0.2719337696585333
    ],
    [
      0.5860179150793912,
      0.2700970247396331
    ],
    [
      0.599656317656338,
      0.2734437748179267
    ],
    [
      0.6070556234417402,
      0.27821044897118274
    ],
    [
      0.5996527346605449,
      0.28390404909058603
    ],
    [
      0.5909024821588944,
      0.28783674585006197
    ],
    [
      0.5780720363942746,
      0.2892988289915578
    ],
    [
      0.5649514204044994,
      0.2897564940539021
    ],
    [
      0.5512374603113892,
      0.2866226794334179
    ],
    [
      0.5351636867548673,
      0.28092636569128493
    ],
    [
      0.564949829903928,
      0.27921195759916007
    ],
    [
      0.5754624094729576,
      0.2787107766589175
    ],
    [
      0.5865796414296058,
      0.27778745953124595
    ],
    [
      0.6057989532099212,
      0.27696474227301965
    ],
    [
      0.5870944043178888,
      0.2766293860619587
    ],
    [
      0.5770501485160581,
      0.27694399844565765
    ],
    [
      0.5659944741749378,
      0.2776006391952739
    ]
  ]
}
