{
  "steersLeft": false,
  "leftEye": [
    [
      0.44601232613057584,
      0.34115731759720624
    ],
    [
      0.466112814629592,
      0.3386302510892635
    ],
    [
      0.48538481423753427,
      0.3411629317136754
    ],
    [
      0.5028802877043276,
      0.35270843505157723
    ],
    [
      0.4860044017528512,
      0.3566855597224243
    ],
    [
      0.4633484598619245,
      0.3515530733722521
    ]
  ],
  "rightEye": [
    [
      0.5866003653745138,
      0.3618478126348965
    ],
    [
      0.61120901981101,
      0.35545891050895445
    ],
    [
      0.6302664488777403,
      0.3576126547147173
    ],
    [
      0.6392599164589271,
      0.3660814671933434
    ],
    [
      0.6263781519035078,
      0.3719488625303523
    ],
    [
      0.6056395941417461,
      0.3696333378101695
    ]
  ],
  "mouth": [
    [
      0.4697287638231896,
      0.4776073425367865
    ],
    [
      0.5010590783536595,
      0.47324086596928855
    ],
    [
      0.5309987184532544,
      0.47164472802605634
    ],
    [
      0.5428571651383621,
      0.47555273564125966
    ],
    [
      0.5550635886836838,
      0.47476452308500106
    ],
    [
      0.5743320500890726,
      0.4806247586617599
    ],
    [
      0.5820527029108035,
      0.4881135484191041
    ],
    [
      0.5680465404712173,
      0.5001749820135133
    ],
    [
      0.5530062579217058,
      0.506247567434963
    ],
    [
      0.5333418394851137,
      0.5065857486566498
    ],
    [
      0.5146836108019271,
      0.5038220248240065
    ],
    [
      0.4949750050402648,
      0.4943774742050358
    ],
    [
      0.4745124538822331,
      0.4778245219310426
    ],
    [
      0.5209467386081756,
      0.482661419176607
    ],
    [
      0.5377875373843308,
      0.48455642543222566
    ],
    [
      0.5534018664935666,
      0.48459814372029775
    ],
    [
      0.5804041417620024,
      0.4865718321705821
    ],
    [
      0.5518736042315812,
      0.4901842788692102
    ],
    [
      0.5365822701281671,
      0.4895287191938077
    ],
    [
      0.5198679084841664,
      0.48708521141014977
    ]
  ]
}
