{
  "steersLeft": false,
  "leftEye": [
    [
      0.41587180957325326,
      0.24323131599052117
    ],
    [
      0.4258890532522252,
      0.24069140366892006
    ],
    [
      0.4368895309119532,
      0.24031733470290337
    ],
    [
      0.44851197639496615,
      0.2449343274391199
    ],
    [
      0.4386122399687341,
      0.24831072669462317
    ],
    [
      0.4259600225157294,
      0.24714904560411727
    ]
  ],
  "rightEye": [
    [
      0.4998959775265223,
      0.2445559091129922
    ],
    [
      0.5129303899712453,
      0.24031350126688827
    ],
    [
      0.524018475434712,
      0.24041865979569652
    ],
    [
      0.5321509227491042,
      0.2441121843949079
    ],
    [
      0.523447632314989,
      0.24806358705443932
    ],
    [
      0.5110018326077361,
      0.24771862580602078
    ]
  ],
  "mouth": [
    [
      0.4414628361193093,
      0.31445115194604584
    ],
    [
      0.4562929082200978,
      0.31006033793383686
    ],
    [
      0.47185066878917825,
      0.30712024248820075
    ],
    [
      0.4790147889443748,
      0.30859784909893584
    ],
    [
      0.4860807003693539,
      0.30756148957080104
    ],
    [
      0.5002372041106868,
      0.3103419245060999
    ],
    [
      0.5093661385140669,
      0.3149182432263817
    ],
    [
      0.49955392408569343,
      0.3212475160475713
    ],
    [
      0.4897539252944542,
      0.3249325938894913
    ],
    [
      0.4783026001382706,
      0.32574891778983056
    ],
    [
      0.46698084186126965,
      0.325240984518273
    ],
    [
      0.4558118570537929,
      0.32161536992796735
    ],
    [
      0.4443292205518512,
      0.3144359141878638
    ],
    [
      0.4680326659424865,
      0.31390048096216977
    ],
    [
      0.47774069643116307,
      0.31379345670785197
    ],
    [
      0.48798740063500207,
      0.3134674166756956
    ],
    [
      0.508153077383319,
      0.3140204753082946
    ],
    [
      0.4877232589334434,
      0.3158472305513897
    ],
    [
      0.4781686337575911,
      0.3160327712541668
    ],
    [
      0.4684758767155997,
      0.3158271455063529
    ]
  ]
}
