{
  "steersLeft": true,
  "leftEye": [
    [
      0.39711522945741323,
      0.4314440307552499
    ],
    [
      0.4090239477309966,
      0.42743835051700846
    ],
    [
      0.42579049075464726,
      0.42765214828201803
    ],
    [
      0.4415823443296565,
      0.4360775077441605
    ],
    [
      0.4269320536501845,
      0.43925750304530814
    ],
    [
      0.40952369237139646,
      0.4367355787841224
    ]
  ],
  "rightEye": [
    [
      0.5125290012728132,
      0.4394623132640463
    ],
    [
      0.5314956186722172,
      0.43391923343211436
    ],
    [
      0.5466707340483394,
      0.4345152110256135
    ],
    [
      0.5602984519874181,
      0.4425543961942569
    ],
    [
      0.5464262385279084,
      0.4459192379242764
    ],
    [
      0.5279248398255463,
      0.4437852632743718
    ]
  ],
  "mouth": [
    [
      0.43036697051616113,
      0.5288052403908254
    ],
    [
      0.44477896563324165,
      0.5190628938657765
    ],
    [
      0.46172726900868555,
      0.5134204389139593
    ],
    [
      0.47106425402825175,
      0.5161185293242847
    ],
    [
      0.4807691265768411,
      0.5156769190260055
    ],
    [
      0.4990567610008816,
      0.5228866040313601
    ],
    [
      0.5140353225283442,
      0.5348539529185508
    ],
    [
      0.4984876492216623,
      0.5368822705548799
    ],
    [
      0.48343499177382454,
      0.5391813070826048
    ],
    [
      0.46961996738112816,
      0.5383623564038286
    ],
    [
      0.4567998669517295,
      0.5372604815239048
    ],
    [
      0.4434280753408424,
      0.5341450890126234
    ],
    [
      0.4345565658904026,
      0.5287670027770588
    ],
    [
      0.45892227254993234,
      0.5240755719047828
    ],
    [
      0.4704193416320965,
      0.5243950778944578
    ],
    [
      0.48276251233260054,
      0.5248666125395821
    ],
    [
      0.512308675080333,
      0.5328861667904435
    ],
    [
      0.4813924617178982,
      0.5272261976458922
    ],
    [
      0.47020926697098864,
      0.5254198118026797
    ],
    [
      0.45919791964861134,
      0.524646012234802
    ]
  ]
}
