{
  "steersLeft": true,
  "leftEye": [
    [
      0.41189359261246755,
      0.30313315580001554
    ],
    [
      0.41897346650897277,
      0.2994240950921206
    ],
    [
      0.4327380838853641,
      0.2995114449408034
    ],
    [
      0.4472247465787417,
      0.3057871269463687
    ],
    [
      0.43453480758185054,
      0.30928476676046096
    ],
    [
      0.4202978214995541,
      0.3076982207411015
    ]
  ],
  "rightEye": [
    [
      0.50790973913241,
      0.30633962835796213
    ],
    [
      0.5230328006346541,
      0.30126956000324795
    ],
    [
      0.5364961747156888,
      0.30087028344456235
    ],
    [
      0.5502716305934338,
      0.3058876787050843
    ],
    [
      0.5369510565611624,
      0.3108516625095554
    ],
    [
      0.5203454854759895,
      0.3096014353944003
    ]
  ],
  "mouth": [
    [
      0.43428274724538585,
      0.38809826632305827
    ],
    [
      0.4427967904500969,
      0.3830211457921919
    ],
    [
      0.456717132136316,
      0.379056451082398
    ],
    [
      0.46508836598083636,
      0.38101691011019617
    ],
    [
      0.47354935267290704,
      0.3799012158072961
    ],
    [
      0.49364113144307126,
      0.3838953006006727
    ],
    [
      0.511498996383107,
      0.38995377951867993
    ],
    [
      0.49274653606716273,
      0.3942395861599982
    ],
    [
      0.4778134369928542,
      0.39803156326381584
    ],
    [
      0.46513350778028895,
      0.39824709929437757
    ],
    [
      0.4527852143617216,
      0.3975266943961263
    ],
    [
      0.44275347369039114,
      0.39425674240798503
    ],
    [
      0.4369163075343641,
      0.38813574228939535
    ],
    [
      0.4552672963517118,
      0.3875268595662751
    ],
    [
      0.4657772346824246,
      0.387504400239339
    ],
    [
      0.4782213519991285,
      0.3875667245434259
    ],
    [
      0.5093962340062148,
      0.3884875569478066
    ],
    [
      0.47600462706375857,
      0.38753936905696484
    ],
    [
      0.4648171613498844,
      0.38666338967429115
    ],
    [
      0.4547736044773359,
      0.3862551969859613
    ]
  ]
}
