{
  "steersLeft": false,
  "leftEye": [
    [
      0.4445218976090173,
      0.33233813563547737
    ],
    [
      0.4635833479219864,
      0.32620526360807817
    ],
    [
      0.48270062673969205,
      0.32494478618941813
    ],
    [
      0.5011815045832243,
      0.33361033070648927
    ],
    [
      0.48571985452445976,
      0.3402064774697925
    ],
    [
      0.4638160270561849,
      0.33858865508697783
    ]
  ],
  "rightEye": [
    [
      0.5834056125290513,
      0.33166979512564
    ],
    [
      0.6047168377527723,
      0.3223323074806848
    ],
    [
      0.6223196325594581,
      0.3223436685287123
    ],
    [
      0.6329847913799599,
      0.32958454219498695
    ],
    [
      0.6220257956007939,
      0.3361892108872734
    ],
    [
      0.6027620381019861,
      0.3360615236798851
    ]
  ],
  "mouth": [
    [
      0.5016141108187221,
      0.4595927682626186
    ],
    [
      0.5299283208715208,
      0.45177589174727545
    ],
    [
      0.5556608118317906,
      0.4461235669062622
    ],
    [
      0.566288949989513,
      0.44870598569918835
    ],
    [
      0.5773781260447838,
      0.4464153241058284
    ],
    [
      0.5945861890047272,
      0.45120565400145163
    ],
    [
      0.6038844031851602,
      0.4575174956811986
    ],
    [
      0.593790050726339,
      0.4632695417212362
    ],
    [
      0.5824912978791911,
      0.4678288468768494
    ],
    [
      0.5660306849465173,
      0.4693095960435836
    ],
    [
      0.548858711311925,
      0.46972221467802083
    ],
    [
      0.5295380646185316,
      0.4659774120867477
    ],
    [
      0.5070197355408931,
      0.45914344681386954
    ],
    [
      0.5484756470535218,
      0.45802895771940016
    ],
    [
      0.5632685968386859,
      0.45737510997505443
    ],
    [
      0.5776483949924125,
      0.4561626552720809
    ],
    [
      0.602218344007666,
      0.4563065954073313
    ],
    [
      0.5779464229695045,
      0.45361390358485865
    ],
    [
      0.5649922437138369,
      0.45368708976466715
    ],
    [
      0.5501401281314845,
      0.453981297476001
    ]
  ]
}
