{
  "steersLeft": true,
  "leftEye": [
    [
      0.3858323192247295,
      0.2584108340606882
    ],
    [
      0.3913322828652013,
      0.25601056827956287
    ],
    [
      0.4004184522850452,
      0.25568950242337374
    ],
    [
      0.4101252662086323,
      0.2595444969131769
    ],
    [
      0.40200968106676593,
      0.2620557721644802
    ],
    [
      0.3921669263038634,
      0.2613007971102956
    ]
  ],
  "rightEye": [
    [
      0.4506522679663294,
      0.25921406090998134
    ],
    [
      0.4607158904164048,
      0.25535227083261114
    ],
    [
      0.4697404404398594,
      0.2552823606119934
    ],
    [
      0.478653662652908,
      0.2583456579952961
    ],
    [
      0.4702170083630876,
      0.2618021044371162
    ],
    [
      0.459372007461397,
      0.2613529352854244
    ]
  ],
  "mouth": [
    [
      0.40598078458186654,
      0.31580621048303453
    ],
    [
      0.41250000867206965,
      0.31345834613354917
    ],
    [
      0.4213757807499367,
      0.31156089136474024
    ],
    [
      0.42697945418860034,
      0.3126695046908983
    ],
    [
      0.4324136662479233,
      0.3118468950232261
    ],
    [
      0.44493913825930653,
      0.3136043419478594
    ],
    [
      0.4556226077175451,
      0.3159513585221394
    ],
    [
      0.4453774392575252,
      0.32091318154819465
    ],
    [
      0.4365125941553878,
      0.32425863636773583
    ],
    [
      0.4280941150470929,
      0.32486361767822075
    ],
    [
      0.41982995776494997,
      0.32433116130556583
    ],
    [
      0.4128529712118091,
      0.3213995189496787
    ],
    [
      0.40796852302084596,
      0.31580938740906717
    ],
    [
      0.4204202073968284,
      0.31639376332008745
    ],
    [
      0.4269999446798744,
      0.31630217682606143
    ],
    [
      0.4350481221509802,
      0.3161254380056205
    ],
    [
      0.45480450588075255,
      0.3152811342166409
    ],
    [
      0.43480942014732815,
      0.3175525113947049
    ],
    [
      0.4275172363290119,
      0.3176215649161678
    ],
    [
      0.42098127126304413,
      0.31722684078055835
    ]
  ]
}
