{
  "steersLeft": true,
  "leftEye": [
    [
      0.4844323895239321,
      0.2809090741281205
    ],
    [
      0.4927413576294095,
      0.28001736923904796
    ],
    [
      0.5028462941072056,
      0.27955892666243276
    ],
    [
      0.5137491268919385,
      0.2828034746388265
    ],
    [
      0.504565140229941,
      0.2854874799680336
    ],
    [
      0.4931569381159466,
      0.2844697212710535
    ]
  ],
  "rightEye": [
    [
      0.5613984860338443,
      0.2833200324872126
    ],
    [
      0.5726921472763904,
      0.2800807199018835
    ],
    [
      0.5830372537191288,
      0.2800809629972896
    ],
    [
      0.5926225098627957,
      0.28181778685578873
    ],
    [
      0.5836720891025805,
      0.28562354488675673
    ],
    [
      0.5715980917570401,
      0.2853917578369355
    ]
  ],
  "mouth": [
    [
      0.5100580103267632,
      0.3379799262658979
    ],
    [
      0.5192063218395702,
      0.33742400685134405
    ],
    [
      0.5297056133449068,
      0.33688004773077146
    ],
    [
      0.5357643658017263,
      0.33805597534876597
    ],
    [
      0.5416158695484562,
      0.33746445792692287
    ],
    [
      0.5546101034709737,
      0.3390534267395018
    ],
    [
      0.5653461044121569,
      0.3398641543388367
    ],
    [
      0.5541633253900685,
      0.34341387765820186
    ],
    [
      0.5446620729297978,
      0.345483706863757
    ],
    [
      0.5359140931216914,
      0.34573917803600934
    ],
    [
      0.5271494314500426,
      0.3449761324956062
    ],
    [
      0.5191363980188313,
      0.342446959050475
    ],
    [
      0.5126348101068131,
      0.3381309017728493
    ],
    [
      0.5279832934849493,
      0.34073874973123475
    ],
    [
      0.535529564940133,
      0.3411507478255311
    ],
    [
      0.5442399147963534,
      0.34100664970861466
    ],
    [
      0.5639003693214064,
      0.33949867144552276
    ],
    [
      0.5434621939023705,
      0.3394970095569282
    ],
    [
      0.5356609990051447,
      0.3391230315841494
    ],
    [
      0.5280388204479991,
      0.3386509845046243
    ]
  ]
}
