{
  "steersLeft": false,
  "leftEye": [
    [
      0.39408237271567553,
      0.2552471597537417
    ],
    [
      0.4127945457321729,
      0.25352389600472647
    ],
    [
      0.43239014315407054,
      0.2549870316839419
    ],
    [
      0.44965324433082376,
      0.2620526275192299
    ],
    [
      0.4332280586220768,
      0.26714039902959535
    ],
    [
      0.4107040446170417,
      0.26387371273643523
    ]
  ],
  "rightEye": [
    [
      0.5360759335543753,
      0.26648712353668913
    ],
    [
      0.5589709897929552,
      0.26163377869134424
    ],
    [
      0.5777468509795571,
      0.261687437665608
    ],
    [
      0.5887179460000753,
      0.26663959909361357
    ],
    [
      0.5750754663963376,
      0.27393471465015273
    ],
    [
      0.5547328275406708,
      0.2731686652362759
    ]
  ],
  "mouth": [
    [
      0.42836721062466165,
      0.38870884144259565
    ],
    [
      0.4538627601841506,
      0.3816187023098866
    ],
    [
      0.47868937372904474,
      0.37802834645653954
    ],
    [
      0.49006047825714083,
      0.38094307105568037
    ],
    [
      0.5010049959697038,
      0.3803944369965181
    ],
    [
      0.517635906860305,
      0.38652017294989477
    ],
    [
      0.5254798419148824,
      0.3943786090826128
    ],
    [
      0.5132829155897187,
      0.406256484134181
    ],
    [
      0.49859159494697014,
      0.4129974753448225
    ],
    [
      0.4815614269455191,
      0.4136075834582731
    ],
    [
      0.46464522491906407,
      0.4112272868013672
    ],
    [
      0.44766928480532714,
      0.4034694258587798
    ],
    [
      0.43367148584673076,
      0.3892098987357681
    ],
    [
      0.47128243733295905,
      0.38970229167018655
    ],
    [
      0.48601824896458706,
      0.3904115337734999
    ],
    [
      0.49975632721142826,
      0.3907633067389127
    ],
    [
      0.5228257181977787,
      0.39325217381600747
    ],
    [
      0.4971215223867851,
      0.3971289853797642
    ],
    [
      0.48376931301489606,
      0.3967565552105102
    ],
    [
      0.4687195638484565,
      0.3954496439246307
    ]
  ]
}
