{
  "steersLeft": true,
  "leftEye": [
    [
      0.342629596437302,
      0.29754467029648557
    ],
    [
      0.34939988766558383,
      0.2923180175070393
    ],
    [
      0.3661086162971734,
      0.2896678998807153
    ],
    [
      0.3835252000654999,
      0.29557226021626787
    ],
    [
      0.368836465818449,
      0.30170794821022984
    ],
    [
      0.3529269442956781,
      0.3014583282589576
    ]
  ],
  "rightEye": [
    [
      0.4529804797957886,
      0.2894355555246005
    ],
    [
      0.4689281131285681,
      0.28146911733071167
    ],
    [
      0.4848437441781342,
      0.2798699634288319
    ],
    [
      0.503964475197852,
      0.284597066346921
    ],
    [
      0.4878351190960807,
      0.2915936079931629
    ],
    [
      0.4680317525642403,
      0.29184221124672977
    ]
  ],
  "mouth": [
    [
      0.3810864093133841,
      0.40642817556697614
    ],
    [
      0.3895240480196154,
      0.3993882961478106
    ],
    [
      0.40407757975072345,
      0.3931266285625595
    ],
    [
      0.41474649066027625,
      0.39516027194848347
    ],
    [
      0.4265283622577953,
      0.39308564655261186
    ],
    [
      0.4544690822573018,
      0.3950789196003785
    ],
    [
      0.48336223812309476,
      0.39965111663758357
    ],
    [
      0.45809301852657835,
      0.40700408935501364
    ],
    [
      0.4375452138558178,
      0.41403843066472684
    ],
    [
      0.42130391251237465,
      0.41558764652443264
    ],
    [
      0.40640790501032253,
      0.4161761078500056
    ],
    [
      0.3927337914583117,
      0.4133771803961127
    ],
    [
      0.3848300831806371,
      0.405950807063851
    ],
    [
      0.40481716905885357,
      0.4038532853050195
    ],
    [
      0.4170437297803678,
      0.402269832356729
    ],
    [
      0.4343798172530752,
      0.40073671834361013
    ],
    [
      0.4813179938800998,
      0.39787135010795865
    ],
    [
      0.4334565428256099,
      0.4019645254750378
    ],
    [
      0.41859683880490706,
      0.402051085299195
    ],
    [
      0.4062036494394246,
      0.40252711473704955
    ]
  ]
}
