{
  "steersLeft": true,
  "leftEye": [
    [
      0.28754761394825634,
      0.3373891956011253
    ],
    [
      0.29992968467254527,
      0.33370501633357785
    ],
    [
      0.32253722070927493,
      0.33377656820122215
    ],
    [
      0.3449384969874282,
      0.34292162322615943
    ],
    [
      0.324019807745431,
      0.3471741922324079
    ],
    [
      0.3013914778617256,
      0.34394995178043297
    ]
  ],
  "rightEye": [
    [
      0.4430251319683169,
      0.3483320855772617
    ],
    [
      0.46785658023307647,
      0.34183810185005786
    ],
    [
      0.4902104883495356,
      0.3431650618959232
    ],
    [
      0.51321244232909,
      0.3501695208145121
    ],
    [
      0.49091215794900506,
      0.35588093058326126
    ],
    [
      0.46378795446093535,
      0.35303585026585127
    ]
  ],
  "mouth": [
    [
      0.32183176609120145,
      0.46409447334071435
    ],
    [
      0.33557329988872764,
      0.45788070846821777
    ],
    [
      0.354777866646904,
      0.45311888576786624
    ],
    [
      0.3680308004696451,
      0.4565184028818679
    ],
    [
      0.3822289278712499,
      0.4554401405024545
    ],
    [
      0.4119529165227036,
      0.4618432784435332
    ],
    [
      0.44098077848896183,
      0.47011937341866594
    ],
    [
      0.41370886425394476,
      0.47438899010007096
    ],
    [
      0.38891783175269007,
      0.4785185690863454
    ],
    [
      0.369238965738555,
      0.4783659884996593
    ],
    [
      0.35037999176690016,
      0.4760136634650743
    ],
    [
      0.33398994267107435,
      0.47205881597593213
    ],
    [
      0.3273853702710852,
      0.46448015495909134
    ],
    [
      0.35312992655951214,
      0.46423180570629385
    ],
    [
      0.3682437117253502,
      0.4642723692536247
    ],
    [
      0.3880178366805047,
      0.4646927282780667
    ],
    [
      0.438192344197494,
      0.46825664744909623
    ],
    [
      0.3871358164874643,
      0.46533651473156207
    ],
    [
      0.369618908756676,
      0.4638361225665459
    ],
    [
      0.3535107722808149,
      0.4623139729935635
    ]
  ]
}
