{
  "steersLeft": true,
  "leftEye": [
    [
      0.35098988919727037,
      0.4459799784465106
    ],
    [
      0.3589503490060249,
      0.4353881487049145
    ],
    [
      0.38203949136754206,
      0.4345642869578301
    ],
    [
      0.40557478141433984,
      0.4452940237910627
    ],
    [
      0.3858200253267453,
      0.453546404802612
    ],
    [
      0.3636983253470581,
      0.45320039819184676
    ]
  ],
  "rightEye": [
    [
      0.49098656080712816,
      0.43730821968714456
    ],
    [
      0.5099927115356763,
      0.4231004801304403
    ],
    [
      0.5315931469741156,
      0.41937997718661246
    ],
    [
      0.5555227055255414,
      0.4264676409799053
    ],
    [
      0.5353517037496061,
      0.4392073709568924
    ],
    [
      0.5114054994717676,
      0.44041428622375606
    ]
  ],
  "mouth": [
    [
      0.4186927597289511,
      0.6097430957289366
    ],
    [
      0.4224859468526521,
      0.5932933987360445
    ],
    [
      0.43792122740207257,
      0.5814190873791454
    ],
    [
      0.45148602284965716,
      0.5829229158535854
    ],
    [
      0.46539993225344534,
      0.5796017131672828
    ],
    [
      0.496252870594106,
      0.5855419551825349
    ],
    [
      0.5263301060218173,
      0.5986941838538317
    ],
    [
      0.5060650679537712,
      0.6227796085049028
    ],
    [
      0.4839420893893016,
      0.6382340053484954
    ],
    [
      0.4646205142073546,
      0.642623232711854
    ],
    [
      0.4461734910165828,
      0.6411477029030264
    ],
    [
      0.42878435198781617,
      0.6325095678269955
    ],
    [
      0.4246309778812111,
      0.6103734039491817
    ],
    [
      0.44260486439188473,
      0.598438583003139
    ],
    [
      0.45568711470531187,
      0.5961024216564823
    ],
    [
      0.47520674990732786,
      0.5943851360430413
    ],
    [
      0.5210809123839552,
      0.5975024883570103
    ],
    [
      0.476141914054462,
      0.6178823527160265
    ],
    [
      0.4597573928631801,
      0.6192444487799762
    ],
    [
      0.4451705377517393,
      0.6193654462234971
    ]
  ]
}
