{
  "steersLeft": false,
  "leftEye": [
    [
      0.5246830591206375,
      0.39632281932727803
    ],
    [
      0.5443932926353247,
      0.38820033481522936
    ],
    [
      0.5661685232572633,
      0.38595227081945865
    ],
    [
      0.5872605394187039,
      0.39464153741366703
    ],
    [
      0.5709243727303768,
      0.4028811741202437
    ],
    [
      0.5463937277208006,
      0.4025366170095074
    ]
  ],
  "rightEye": [
    [
      0.6774868405126975,
      0.3865482154567427
    ],
    [
      0.6995107725226177,
      0.37390783650475734
    ],
    [
      0.7184522663205491,
      0.37139709056674797
    ],
    [
      0.730845066886281,
      0.3777957001346654
    ],
    [
      0.7198316787523485,
      0.3875168010497364
    ],
    [
      0.6984700901434701,
      0.38937249757842063
    ]
  ],
  "mouth": [
    [
      0.6039868961599072,
      0.5476436171439157
    ],
    [
      0.6295106348994983,
      0.5359986526948205
    ],
    [
      0.6553921707542605,
      0.5268624476482087
    ],
    [
      0.6671537567420138,
      0.5293689214668078
    ],
    [
      0.6785807473854238,
      0.5265592339730653
    ],
    [
      0.696868061856044,
      0.5323200374736272
    ],
    [
      0.7072992198543812,
      0.5407209894091354
    ],
    [
      0.6968712748140928,
      0.5481393752408799
    ],
    [
      0.6840603156590274,
      0.5554166102473093
    ],
    [
      0.6668511329638281,
      0.5570990135922654
    ],
    [
      0.6491007775231815,
      0.5582515886879604
    ],
    [
      0.6291418952919562,
      0.5541317489740751
    ],
    [
      0.6096312470442589,
      0.5468162784989239
    ],
    [
      0.6487801401113452,
      0.5415505709168176
    ],
    [
      0.6637360911283606,
      0.5403308808251871
    ],
    [
      0.678988898400507,
      0.5383745064624507
    ],
    [
      0.7052822195999485,
      0.539569161934337
    ],
    [
      0.6773087320267633,
      0.5386925016707537
    ],
    [
      0.6635654619873925,
      0.5387461808511437
    ],
    [
      0.6489251182593664,
      0.5392593051135105
    ]
  ]
}
