{
  "steersLeft": true,
  "leftEye": [
    [
      0.40976847863585225,
      0.25609398188500404
    ],
    [
      0.41634173464485574,
      0.2531415012816267
    ],
    [
      0.42575307809052576,
      0.25216863157487257
    ],
    [
      0.4362172333223008,
      0.2557615751033403
    ],
    [
      0.42777119138786934,
      0.25911227092080147
    ],
    [
      0.41725070649409185,
      0.25889425140918343
    ]
  ],
  "rightEye": [
    [
      0.47928059949035345,
      0.25307018310101337
    ],
    [
      0.48916545575570775,
      0.24882465765020714
    ],
    [
      0.4986008786999719,
      0.24812254676477685
    ],
    [
      0.5073285280326463,
      0.2507245069832081
    ],
    [
      0.4993624805110887,
      0.25497499365616516
    ],
    [
      0.4885035500822168,
      0.2550307963858663
    ]
  ],
  "mouth": [
    [
      0.4368695481081235,
      0.31802626482193175
    ],
    [
      0.4446464605194858,
      0.31259659163576486
    ],
    [
      0.45547409344472384,
      0.3085123842657259
    ],
    [
      0.46137170619250684,
      0.3094742932467409
    ],
    [
      0.4668896051188913,
      0.3081880290627552
    ],
    [
      0.47991150573167374,
      0.3108540713258393
    ],
    [
      0.49047521683215073,
      0.3151086058271357
    ],
    [
      0.48088649164319636,
      0.32088245951466093
    ],
    [
      0.47234286344953524,
      0.3247268826433301
    ],
    [
      0.4633904097882383,
      0.3259026482151061
    ],
    [
      0.45425498700485695,
      0.32600702488487887
    ],
    [
      0.4459771450437363,
      0.3235695122841886
    ],
    [
      0.4391303207991879,
      0.3178626081591536
    ],
    [
      0.4541983358932373,
      0.3150042291573629
    ],
    [
      0.4615728576738453,
      0.31428056658577763
    ],
    [
      0.47004691832581563,
      0.3140032181056147
    ],
    [
      0.48915734353627854,
      0.31451292613536
    ],
    [
      0.46998910415103573,
      0.3169496257420946
    ],
    [
      0.46217911749633755,
      0.3174882097499264
    ],
    [
      0.4548029884676437,
      0.3176436385220693
    ]
  ]
}
