{
  "steersLeft": false,
  "leftEye": [
    [
      0.4578307978886702,
      0.3365034184074591
    ],
    [
      0.4804595151515255,
      0.3292606191339113
    ],
    [
      0.5016326504607347,
      0.3287356008051547
    ],
    [
      0.5219609508196954,
      0.3395497398116082
    ],
    [
      0.5038026437366492,
      0.3460215341861052
    ],
    [
      0.47948458017424456,
      0.34422126950123844
    ]
  ],
  "rightEye": [
    [
      0.6130537960554981,
      0.3401696023085956
    ],
    [
      0.636926758960987,
      0.329253070874392
    ],
    [
      0.6577357436348839,
      0.3294767072206715
    ],
    [
      0.6692393590357613,
      0.3386542317360313
    ],
    [
      0.6568359836469148,
      0.34555006012593764
    ],
    [
      0.6358555402556735,
      0.34526638254784703
    ]
  ],
  "mouth": [
    [
      0.5106674893417537,
      0.48403095611322966
    ],
    [
      0.5442553385191575,
      0.47388117170833516
    ],
    [
      0.5749162295737993,
      0.4677299149406476
    ],
    [
      0.5874990541341522,
      0.47073469696991654
    ],
    [
      0.6010602488203042,
      0.4683140812585757
    ],
    [
      0.620587425249292,
      0.47535743118493823
    ],
    [
      0.6317912866033835,
      0.48451189902432973
    ],
    [
      0.6188642750969329,
      0.4919416853536481
    ],
    [
      0.6044195004701802,
      0.49639431551721763
    ],
    [
      0.5854207146034849,
      0.49752469611726696
    ],
    [
      0.5654610828469092,
      0.497279952423461
    ],
    [
      0.543483351120638,
      0.4927631620539773
    ],
    [
      0.5179932796040047,
      0.48389179226259904
    ],
    [
      0.5661813936633718,
      0.4812391729401435
    ],
    [
      0.5832666026663719,
      0.48164584021125256
    ],
    [
      0.6002952063959629,
      0.48058619101766353
    ],
    [
      0.628147888429337,
      0.48331758811459496
    ],
    [
      0.6011104069671465,
      0.4798802563304337
    ],
    [
      0.5854951677137601,
      0.4794273799172925
    ],
    [
      0.5672607272847502,
      0.4796683111653007
    ]
  ]
}
