{
  "steersLeft": true,
  "leftEye": [
    [
      0.42476447955915553,
      0.26004688795253106
    ],
    [
      0.42927658778002753,
      0.25574634238495125
    ],
    [
      0.44076484599745275,
      0.25396225394397043
    ],
    [
      0.45283911685021466,
      0.25787629194343853
    ],
    [
      0.4431263940174014,
      0.26248913182582123
    ],
    [
      0.4318266886592252,
      0.26271841626740816
    ]
  ],
  "rightEye": [
    [
      0.5006867030136462,
      0.25227641636437254
    ],
    [
      0.5117490475415709,
      0.24583031968601743
    ],
    [
      0.523064068787347,
      0.24426879660284279
    ],
    [
      0.534835277493146,
      0.2471368180556257
    ],
    [
      0.5246913641310577,
      0.25338228941678226
    ],
    [
      0.5113182784136349,
      0.25373254025938213
    ]
  ],
  "mouth": [
    [
      0.451855543749975,
      0.33719020549754547
    ],
    [
      0.45715164865114977,
      0.3329441337284537
    ],
    [
      0.46718183586075573,
      0.32880927595938475
    ],
    [
      0.47443496587184597,
      0.32986812114856945
    ],
    [
      0.4816339700507901,
      0.3279036991378726
    ],
    [
      0.49875982488092985,
      0.3287299861921803
    ],
    [
      0.5151795080267056,
      0.33075221292705537
    ],
    [
      0.5007840280768506,
      0.3391333713948168
    ],
    [
      0.4888871597293266,
      0.34543690216433237
    ],
    [
      0.47812254084114414,
      0.3474939147520347
    ],
    [
      0.4678047192486367,
      0.34743733480122024
    ],
    [
      0.45919316286490314,
      0.3445087872236307
    ],
    [
      0.45459759853285586,
      0.3370727875053435
    ],
    [
      0.467708736702972,
      0.33588140352383006
    ],
    [
      0.4756100863912916,
      0.33470757844269083
    ],
    [
      0.48651373042915086,
      0.33356246113348015
    ],
    [
      0.5132018603556927,
      0.33020827619577825
    ],
    [
      0.4855015020378673,
      0.33609370138904465
    ],
    [
      0.4761123594950834,
      0.3371294246885581
    ],
    [
      0.4682684322653133,
      0.337455351761083
    ]
  ]
}
