{
  "steersLeft": false,
  "leftEye": [
    [
      0.4793562744210449,
      0.2973440908141538
    ],
    [
      0.4961921798045308,
      0.29326750071235963
    ],
    [
      0.5123355727711923,
      0.29315782033602955
    ],
    [
      0.5273998002862661,
      0.3004936541367319
    ],
    [
      0.5143942363148482,
      0.30540589293803466
    ],
    [
      0.495255523737163,
      0.30345969341687257
    ]
  ],
  "rightEye": [
    [
      0.5944939578479838,
      0.2988545297348712
    ],
    [
      0.6128351380832687,
      0.2918889554620246
    ],
    [
      0.6278333936094789,
      0.2911980787422374
    ],
    [
      0.635272557585378,
      0.2965309612604098
    ],
    [
      0.6268062598291338,
      0.30236355992434544
    ],
    [
      0.6105350394164714,
      0.30307709895452856
    ]
  ],
  "mouth": [
    [
      0.5154982944230355,
      0.38970695446825265
    ],
    [
      0.5430976942359179,
      0.38542686560420464
    ],
    [
      0.5675695617569342,
      0.38248330967867084
    ],
    [
      0.5769000947169158,
      0.3843348188111545
    ],
    [
      0.5866144647030128,
      0.3825359812480449
    ],
    [
      0.6010657266715098,
      0.38457855008856223
    ],
    [
      0.6068533123234024,
      0.38817092812342113
    ],
    [
      0.5978549394064052,
      0.3959693789079146
    ],
    [
      0.5876170712629951,
      0.4007762485405362
    ],
    [
      0.5728984174504207,
      0.4022888089007911
    ],
    [
      0.5579851365973866,
      0.40219792538981025
    ],
    [
      0.5402291702509325,
      0.39806477549740393
    ],
    [
      0.5200410967712064,
      0.38970795662067215
    ],
    [
      0.5602529049053535,
      0.39080281464648353
    ],
    [
      0.5736990237564599,
      0.39089401051666006
    ],
    [
      0.5859507035195235,
      0.38953812432297935
    ],
    [
      0.605306915146841,
      0.38730173660153305
    ],
    [
      0.5850664123152614,
      0.3890594989304087
    ],
    [
      0.5731212045773616,
      0.3893963002331671
    ],
    [
      0.5600229810236705,
      0.3896411507976928
    ]
  ]
}
