{
  "steersLeft": false,
  "leftEye": [
    [
      0.39745346153001254,
      0.2577479788941069
    ],
    [
      0.41056973608984054,
      0.25198349103763984
    ],
    [
      0.42313882526082397,
      0.25008544995149234
    ],
    [
      0.4354957100794476,
      0.2561224196729945
    ],
    [
      0.42510078684500946,
      0.2613893920799473
    ],
    [
      0.4108715596757113,
      0.2614695345652615
    ]
  ],
  "rightEye": [
    [
      0.4895041747879087,
      0.2521774977636403
    ],
    [
      0.5034981514692406,
      0.2443554432038386
    ],
    [
      0.515843933830776,
      0.24359225098863888
    ],
    [
      0.5225511338822648,
      0.2491577914748008
    ],
    [
      0.5158897429185372,
      0.2545925066725619
    ],
    [
      0.5032768019571787,
      0.2547732198664044
    ]
  ],
  "mouth": [
    [
      0.4367739668643352,
      0.3414587048040055
    ],
    [
      0.45586459601857393,
      0.3355024915131529
    ],
    [
      0.47333093486790245,
      0.33109126196507244
    ],
    [
      0.48063346982393534,
      0.3324584471386999
    ],
    [
      0.4881803421251613,
      0.3306082097751448
    ],
    [
      0.4988001213491064,
      0.3336360459927421
    ],
    [
      0.5045643205067191,
      0.3377920552335871
    ],
    [
      0.4980349596628441,
      0.3432526401490091
    ],
    [
      0.4916704782192091,
      0.347375819470864
    ],
    [
      0.48116263974790224,
      0.34888868417871866
    ],
    [
      0.4699609518465896,
      0.3493677295675097
    ],
    [
      0.4568495080632891,
      0.34650806267116435
    ],
    [
      0.4411775361683406,
      0.3412163967365618
    ],
    [
      0.468616213581973,
      0.3390752785356556
    ],
    [
      0.47820207336622356,
      0.33858718553139483
    ],
    [
      0.4876560362934222,
      0.33746449277808876
    ],
    [
      0.5030273173363063,
      0.33722367110461515
    ],
    [
      0.48859708821883724,
      0.33769488384344243
    ],
    [
      0.48000821742062066,
      0.33779116339720505
    ],
    [
      0.47024525137416046,
      0.33828604211306806
    ]
  ]
}
