{
  "steersLeft": true,
  "leftEye": [
    [
      0.45674242339612725,
      0.33271617013288574
    ],
    [
      0.4636927888935275,
      0.3287891648476351
    ],
    [
      0.47561744356430175,
      0.32737323173375166
    ],
    [
      0.4883072531908197,
      0.3315247020365546
    ],
    [
      0.4780834245577448,
      0.335484972916861
    ],
    [
      0.46582606774801594,
      0.3353611413470803
    ]
  ],
  "rightEye": [
    [
      0.5384995010649853,
      0.3271794480145929
    ],
    [
      0.5504298604049063,
      0.3214357344671494
    ],
    [
      0.5617383135691616,
      0.320237014377522
    ],
    [
      0.5728222588308918,
      0.32327136946858265
    ],
    [
      0.5633523135700618,
      0.3283991562259954
    ],
    [
      0.5500794284135471,
      0.3286929816743076
    ]
  ],
  "mouth": [
    [
      0.49106904234789783,
      0.4056300886167287
    ],
    [
      0.49873791659657746,
      0.39922173745217643
    ],
    [
      0.5106966129080978,
      0.39429120766460174
    ],
    [
      0.5176614305041103,
      0.39529665594047947
    ],
    [
      0.5248112770991216,
      0.3936523166878294
    ],
    [
      0.5407957114287524,
      0.39637188848277866
    ],
    [
      0.5543904890244465,
      0.40117629138277033
    ],
    [
      0.5426581562535687,
      0.4079183718479318
    ],
    [
      0.5317292256520314,
      0.4128428248229076
    ],
    [
      0.5208145405169143,
      0.41448883740076614
    ],
    [
      0.5101172891704515,
      0.4146163073520032
    ],
    [
      0.5003714048493212,
      0.4118489026752744
    ],
    [
      0.49402574643630276,
      0.4055648619597566
    ],
    [
      0.5097733883770074,
      0.40165389362514625
    ],
    [
      0.5183640447830443,
      0.40056479009756707
    ],
    [
      0.5288528569186267,
      0.3998865759783974
    ],
    [
      0.5526679544517415,
      0.4006430730946521
    ],
    [
      0.5282495071241341,
      0.40408396915032413
    ],
    [
      0.5188526691431923,
      0.4047875253394263
    ],
    [
      0.5104770398685134,
      0.40502206608656394
    ]
  ]
}
