{
  "steersLeft": true,
  "leftEye": [
    [
      0.40987468183465975,
      0.21745268314777158
    ],
    [
      0.41533066805336194,
      0.21561760553146403
    ],
    [
      0.4265898279297714,
      0.21585569160702392
    ],
    [
      0.4381283814565758,
      0.22075839120981183
    ],
    [
      0.4279694260701159,
      0.22410281027884937
    ],
    [
      0.4168354838178046,
      0.22233201248903306
    ]
  ],
  "rightEye": [
    [
      0.48585641289067294,
      0.2220331833976254
    ],
    [
      0.497075173964988,
      0.21760341136600014
    ],
    [
      0.5081029588839477,
      0.21729133630422867
    ],
    [
      0.5195512462823038,
      0.22031920399285013
    ],
    [
      0.5089690348329703,
      0.22571144461787765
    ],
    [
      0.49594769773075,
      0.22492876344366705
    ]
  ],
  "mouth": [
    [
      0.435880851691387,
      0.29260292309767805
    ],
    [
      0.4418241059857994,
      0.29077958933138376
    ],
    [
      0.45088036738931914,
      0.2884971966614541
    ],
    [
      0.4571955878528278,
      0.29032646243756904
    ],
    [
      0.4639860373870471,
      0.2894037344863861
    ],
    [
      0.4783884902696103,
      0.29195882481588
    ],
    [
      0.49206293370974225,
      0.294552598841092
    ],
    [
      0.4794060907764402,
      0.3002080655740916
    ],
    [
      0.4684801954885623,
      0.30469405241148967
    ],
    [
      0.4586549096293807,
      0.3051997480553173
    ],
    [
      0.449570443361852,
      0.30391926419693915
    ],
    [
      0.4420741186892166,
      0.29993509480173636
    ],
    [
      0.4384541493964837,
      0.29277707073773546
    ],
    [
      0.45076856908316587,
      0.29477849589278926
    ],
    [
      0.45775112860123107,
      0.29503105967740045
    ],
    [
      0.46729243619916383,
      0.2948606154467891
    ],
    [
      0.49031690121570193,
      0.29353361501784675
    ],
    [
      0.46607278182135164,
      0.29567794370966677
    ],
    [
      0.4577793405076532,
      0.29521313851290865
    ],
    [
      0.45054428231438665,
      0.29428066589734264
    ]
  ]
}
