{
  "steersLeft": true,
  "leftEye": [
    [
      0.4459670102807765,
      0.29852014772247176
    ],
    [
      0.45453779348710105,
      0.29555934989681454
    ],
    [
      0.4666913918059652,
      0.29502045081853423
    ],
    [
      0.479378987224519,
      0.29943621621069333
    ],
    [
      0.4689149118115547,
      0.3028588426347495
    ],
    [
      0.4556828110288896,
      0.30211962438776035
    ]
  ],
  "rightEye": [
    [
      0.5321756298147386,
      0.29858560647053783
    ],
    [
      0.5452933454242739,
      0.29382606767059877
    ],
    [
      0.5570092138439545,
      0.2934812865691365
    ],
    [
      0.5676404632872606,
      0.2967606447898782
    ],
    [
      0.5573655206638776,
      0.30137578366898277
    ],
    [
      0.5438164711428501,
      0.30104645645447814
    ]
  ],
  "mouth": [
    [
      0.4753696611425166,
      0.3735177190169584
    ],
    [
      0.4861207095912305,
      0.3704376180108143
    ],
    [
      0.49978355339513914,
      0.3676873584013357
    ],
    [
      0.5069407275016601,
      0.3690818720983933
    ],
    [
      0.5141076433122801,
      0.36800506613253525
    ],
    [
      0.5296995760928905,
      0.3702045152076434
    ],
    [
      0.5422593475776599,
      0.3733522815526347
    ],
    [
      0.5296583255655336,
      0.3779624646458867
    ],
    [
      0.5186715678026405,
      0.38162125054394985
    ],
    [
      0.5074461063493081,
      0.3823913972354937
    ],
    [
      0.49629075322547517,
      0.38206390195642675
    ],
    [
      0.48636321414326905,
      0.37926197608317896
    ],
    [
      0.4778972500760491,
      0.3735415832704177
    ],
    [
      0.49742591727311763,
      0.3740176694425053
    ],
    [
      0.5066822289878918,
      0.37363310252740445
    ],
    [
      0.5171466876810172,
      0.3732872723909807
    ],
    [
      0.5407453590006196,
      0.37247878166291276
    ],
    [
      0.5162696308819785,
      0.3737384607776272
    ],
    [
      0.5067546449833622,
      0.373676242152324
    ],
    [
      0.4975151496856639,
      0.37349805090334515
    ]
  ]
}
