{
  "steersLeft": true,
  "leftEye": [
    [
      0.4126745798526338,
      0.21753500961434397
    ],
    [
      0.4170195638890475,
      0.2149343332448714
    ],
    [
      0.4284735461009577,
      0.21430336100489528
    ],
    [
      0.44175507104387707,
      0.2185349387288991
    ],
    [
      0.4311534268697935,
      0.221711036287402
    ],
    [
      0.4195180089296771,
      0.22097169998264837
    ]
  ],
  "rightEye": [
    [
      0.4921755446757411,
      0.21679102323538543
    ],
    [
      0.5039660685992564,
      0.21198016455681054
    ],
    [
      0.5155099867666244,
      0.21144850862209805
    ],
    [
      0.5289725441375013,
      0.21443913093464143
    ],
    [
      0.5174284778190216,
      0.21895682079015247
    ],
    [
      0.5029519907004708,
      0.21884836494759463
    ]
  ],
  "mouth": [
    [
      0.44124481392311204,
      0.2837726704040249
    ],
    [
      0.4448658493212767,
      0.2800169808662508
    ],
    [
      0.454487333970551,
      0.2769686430767748
    ],
    [
      0.4617919574585137,
      0.27824345684103985
    ],
    [
      0.46905896702532324,
      0.2772386533065944
    ],
    [
      0.48895696177268166,
      0.27951736302503233
    ],
    [
      0.5075695480906771,
      0.28361065202909574
    ],
    [
      0.49172923122093665,
      0.29034586641613797
    ],
    [
      0.47828760430990497,
      0.29495592550881594
    ],
    [
      0.46646669294724347,
      0.29582000311337575
    ],
    [
      0.45548576546581104,
      0.2951811889719444
    ],
    [
      0.4472041018570035,
      0.2914343101010849
    ],
    [
      0.443413285284758,
      0.28376237089756223
    ],
    [
      0.4555054119493543,
      0.2831846501652573
    ],
    [
      0.46389706129741154,
      0.28294114331889947
    ],
    [
      0.4751488007805301,
      0.2829901526536118
    ],
    [
      0.506201981639224,
      0.28258563698790884
    ],
    [
      0.4746169629811516,
      0.2862343646214387
    ],
    [
      0.46442210883750096,
      0.28638366667502235
    ],
    [
      0.4560366571442859,
      0.28593064135363344
    ]
  ]
}
