{
  "steersLeft": true,
  "leftEye": [
    [
      0.43528636337521415,
      0.2101905361908988
    ],
    [
      0.44647395569464404,
      0.20617180377016012
    ],
    [
      0.46178440544154237,
      0.20565627984830687
    ],
    [
      0.47802565441531975,
      0.2123385242866745
    ],
    [
      0.4640083113427729,
      0.2160689853848467
    ],
    [
      0.4470197598696247,
      0.2148332722458907
    ]
  ],
  "rightEye": [
    [
      0.5456871583922501,
      0.21301209392666737
    ],
    [
      0.5625066857661277,
      0.20712139520097889
    ],
    [
      0.5781597250892487,
      0.2072571360678763
    ],
    [
      0.5918147317883506,
      0.21221296063995865
    ],
    [
      0.5785078395262178,
      0.2171217256032084
    ],
    [
      0.5611832646726029,
      0.21666052181361262
    ]
  ],
  "mouth": [
    [
      0.4667155123924256,
      0.30835986232257667
    ],
    [
      0.47975613143576445,
      0.30125178015773335
    ],
    [
      0.4958958598880803,
      0.2964315775250558
    ],
    [
      0.5058793411085305,
      0.29839708030295686
    ],
    [
      0.5160488549000775,
      0.29677425520231193
    ],
    [
      0.5365571958421671,
      0.30138198197666166
    ],
    [
      0.5546652403027603,
      0.30829194283153727
    ],
    [
      0.539209379692137,
      0.3163875037531631
    ],
    [
      0.5231527652007859,
      0.32048755284698566
    ],
    [
      0.5081217885581294,
      0.3218690146013437
    ],
    [
      0.49343123204375855,
      0.3209014086285792
    ],
    [
      0.47998471411239935,
      0.31694736681745506
    ],
    [
      0.4710288859167274,
      0.3085801992881672
    ],
    [
      0.493919193915743,
      0.30536995380143234
    ],
    [
      0.5061041248407779,
      0.3048627280453771
    ],
    [
      0.520344149691571,
      0.30497808771322554
    ],
    [
      0.5522246210156082,
      0.3075876898984466
    ],
    [
      0.5206688919427651,
      0.30977484973710634
    ],
    [
      0.5077224944338286,
      0.310296584647262
    ],
    [
      0.4951371798395288,
      0.30989780887173357
    ]
  ]
}
