{
  "steersLeft": true,
  "leftEye": [
    [
      0.39988225941740557,
      0.2689736619371556
    ],
    [
      0.4068530869197274,
      0.2664847155704635
    ],
    [
      0.4189602127254328,
      0.2671478395838267
    ],
    [
      0.4315213160198922,
      0.27341647017946075
    ],
    [
      0.42012100201350966,
      0.27609606368665135
    ],
    [
      0.40730979206841905,
      0.27404549878635476
    ]
  ],
  "rightEye": [
    [
      0.4858478818103383,
      0.2768076895794273
    ],
    [
      0.4996465362779026,
      0.2716798455726618
    ],
    [
      0.5122426959322565,
      0.2722915466628152
    ],
    [
      0.5238953382485237,
      0.27637237298620126
    ],
    [
      0.5123226124152993,
      0.28126790117577855
    ],
    [
      0.49762011422578517,
      0.27987400627264897
    ]
  ],
  "mouth": [
    [
      0.41889904989274385,
      0.34616940436208704
    ],
    [
      0.4273029938794397,
      0.34522756779111713
    ],
    [
      0.43958876164540983,
      0.3446826166050997
    ],
    [
      0.4475367911094829,
      0.3472000699533779
    ],
    [
      0.4555597956436685,
      0.34657578771576913
    ],
    [
      0.47492210947676144,
      0.34913254047871356
    ],
    [
      0.49279146038519595,
      0.35224716292038577
    ],
    [
      0.47544136105376256,
      0.358698135164039
    ],
    [
      0.4613702014990355,
      0.3623629389507206
    ],
    [
      0.4489923495148223,
      0.3622906163121785
    ],
    [
      0.4372385149679983,
      0.36037063540651587
    ],
    [
      0.4276368041119838,
      0.355646483836631
    ],
    [
      0.4217205255197324,
      0.3465470532222668
    ],
    [
      0.4383818472324742,
      0.3501536767203209
    ],
    [
      0.44779565789695736,
      0.35137093346381204
    ],
    [
      0.45999220351105374,
      0.35182701378823655
    ],
    [
      0.49076809014970446,
      0.3513324604142665
    ],
    [
      0.4599783675548483,
      0.35383472538083177
    ],
    [
      0.448785442672595,
      0.3531645746488628
    ],
    [
      0.439141741666062,
      0.35139425997291657
    ]
  ]
}
