{
  "steersLeft": true,
  "leftEye": [
    [
      0.3675772453631805,
      0.3056737487639765
    ],
    [
      0.37269390167036326,
      0.30130873920311035
    ],
    [
      0.3893080026905973,
      0.2998251094035467
    ],
    [
      0.407240039264358,
      0.30730608273980914
    ],
    [
      0.3923905348184141,
      0.312017069981306
    ],
    [
      0.3760721826895127,
      0.3105256362235292
    ]
  ],
  "rightEye": [
    [
      0.4774248842473699,
      0.3049394837400474
    ],
    [
      0.49406452611269763,
      0.2973151518563978
    ],
    [
      0.5105976546344995,
      0.29640757626448916
    ],
    [
      0.5307853718906892,
      0.30215797154547697
    ],
    [
      0.5136814139865573,
      0.3083845237694495
    ],
    [
      0.4924194866960191,
      0.3078033615164186
    ]
  ],
  "mouth": [
    [
      0.39882220442734184,
      0.40567962869367835
    ],
    [
      0.40362615549241726,
      0.3995344389211484
    ],
    [
      0.4148437748524307,
      0.39348639440434596
    ],
    [
      0.42434077722369934,
      0.395758484665341
    ],
    [
      0.4342324597711498,
      0.3941175085894829
    ],
    [
      0.45862983564068627,
      0.3992557138715293
    ],
    [
      0.4833835196650887,
      0.40619991017333384
    ],
    [
      0.46188940397831074,
      0.4105435570172986
    ],
    [
      0.4437959023617204,
      0.41594212742359493
    ],
    [
      0.4291797710086845,
      0.41679325713423737
    ],
    [
      0.41514200249371525,
      0.4159749271464866
    ],
    [
      0.40439844406202324,
      0.4123145968635287
    ],
    [
      0.402057775063225,
      0.4058287651399371
    ],
    [
      0.4168577591884364,
      0.4039423389043633
    ],
    [
      0.42717926183785904,
      0.4031016232707274
    ],
    [
      0.4414333741905513,
      0.4031237581340229
    ],
    [
      0.4814117834348825,
      0.40440702584364874
    ],
    [
      0.4396162682147042,
      0.40296449799059797
    ],
    [
      0.42723884904258763,
      0.4023794882046806
    ],
    [
      0.41613554379800805,
      0.40193874440315186
    ]
  ]
}
