{
  "steersLeft": true,
  "leftEye": [
    [
      0.418145137938927,
      0.2554799412554737
    ],
    [
      0.4266074680274589,
      0.25382913133165586
    ],
    [
      0.4397657512742976,
      0.2537958650604231
    ],
    [
      0.4527036387669439,
      0.25871388758406605
    ],
    [
      0.44129769127701196,
      0.26234204132030114
    ],
    [
      0.4275465198094199,
      0.26080339776822475
    ]
  ],
  "rightEye": [
    [
      0.5080241213937704,
      0.25704384854122536
    ],
    [
      0.5208106627129692,
      0.25116252775563697
    ],
    [
      0.5332471676901273,
      0.24982727112931638
    ],
    [
      0.5445583596412655,
      0.25277289058315416
    ],
    [
      0.5344061048598141,
      0.2587526598523624
    ],
    [
      0.5202632046131123,
      0.2594126048920536
    ]
  ],
  "mouth": [
    [
      0.4557732453843409,
      0.3330359661216559
    ],
    [
      0.46571820882116294,
      0.32979707905045136
    ],
    [
      0.4758144208613729,
      0.327210924790845
    ],
    [
      0.48278203392498426,
      0.3287835673514059
    ],
    [
      0.489899492084201,
      0.3279988685607545
    ],
    [
      0.502019494798315,
      0.33042811237172065
    ],
    [
      0.512352779567545,
      0.3334424364105918
    ],
    [
      0.5045167779613978,
      0.3404454156797571
    ],
    [
      0.49448396394385646,
      0.3453084044019506
    ],
    [
      0.4845915832638494,
      0.3460709117215468
    ],
    [
      0.4748161740747017,
      0.34510889051595445
    ],
    [
      0.46508064852382336,
      0.34103889098303297
    ],
    [
      0.45917395975218733,
      0.3333154216418259
    ],
    [
      0.47559377742933656,
      0.33356534785074743
    ],
    [
      0.4827100422316687,
      0.33373653620812316
    ],
    [
      0.49172478022424243,
      0.3332900898682629
    ],
    [
      0.5105162858814111,
      0.33250242872557917
    ],
    [
      0.4914254728078815,
      0.3358349072791915
    ],
    [
      0.48336144246671403,
      0.3359631572336105
    ],
    [
      0.4758097900362294,
      0.3354032203611179
    ]
  ]
}
