{
  "steersLeft": true,
  "leftEye": [
    [
      0.44687841351991797,
      0.18729497778384355
    ],
    [
      0.4552292360726526,
      0.18530462073280066
    ],
    [
      0.465214419489304,
      0.18474337528242582
    ],
    [
      0.47559044492174324,
      0.18915592835527514
    ],
    [
      0.4665941377941235,
      0.19191614135731197
    ],
    [
      0.45539234403831663,
      0.19089787163698785
    ]
  ],
  "rightEye": [
    [
      0.5213066643957445,
      0.1888184463652156
    ],
    [
      0.5324562067195817,
      0.1845721682374657
    ],
    [
      0.5421270400419527,
      0.1847965482102636
    ],
    [
      0.5505863968425164,
      0.1875623607760886
    ],
    [
      0.5425613727315162,
      0.19121060141514284
    ],
    [
      0.5314420853566771,
      0.19106093154591766
    ]
  ],
  "mouth": [
    [
      0.4748950507705786,
      0.2522248598064269
    ],
    [
      0.4849557019545778,
      0.2478681851831365
    ],
    [
      0.4957900983445966,
      0.24498937759808403
    ],
    [
      0.5014526597401541,
      0.24636440424005163
    ],
    [
      0.5071637869173613,
      0.24546288975558433
    ],
    [
      0.5185703071327107,
      0.2484595684131357
    ],
    [
      0.5273420113821596,
      0.2524236417733359
    ],
    [
      0.5192420478890786,
      0.256462837943812
    ],
    [
      0.5108064358091601,
      0.2591105297750584
    ],
    [
      0.502059715702588,
      0.2595872926347397
    ],
    [
      0.4932708813332448,
      0.2592706905467766
    ],
    [
      0.48453743609109945,
      0.2569123010193466
    ],
    [
      0.47733479472379226,
      0.25220462189253545
    ],
    [
      0.4940016055412818,
      0.25087348482515526
    ],
    [
      0.5012096677500331,
      0.2507609636543648
    ],
    [
      0.5089648631179631,
      0.25055236843917916
    ],
    [
      0.5262924947296337,
      0.25172446566662765
    ],
    [
      0.5089182477955093,
      0.2517040443275347
    ],
    [
      0.5016163548005593,
      0.251799435622569
    ],
    [
      0.4941418298585876,
      0.25151862182946344
    ]
  ]
}
