{
  "steersLeft": false,
  "leftEye": [
    [
      0.45097282175800435,
      0.221718258942645
    ],
    [
      0.46267969050735375,
      0.21855719263105175
    ],
    [
      0.47407351156092387,
      0.21867496180514767
    ],
    [
      0.48525101568551793,
      0.22503806396608478
    ],
    [
      0.4755873271987445,
      0.2284093873225413
    ],
    [
      0.46191656345983256,
      0.2267807745206443
    ]
  ],
  "rightEye": [
    [
      0.5329247230270391,
      0.22635482353226097
    ],
    [
      0.5456410276141681,
      0.22064639943617756
    ],
    [
      0.5563478990774297,
      0.22109527133166412
    ],
    [
      0.5625895298605141,
      0.2262097018553482
    ],
    [
      0.555478185458366,
      0.2299584076738893
    ],
    [
      0.5437460657056342,
      0.23027857325010967
    ]
  ],
  "mouth": [
    [
      0.4809755244256299,
      0.30854400738864446
    ],
    [
      0.4967196617209058,
      0.3042677185855522
    ],
    [
      0.5104578477970542,
      0.3013924419980337
    ],
    [
      0.5159152298956002,
      0.3032142051692331
    ],
    [
      0.5222471312172722,
      0.30242201543303326
    ],
    [
      0.5320569805689234,
      0.3059975006688377
    ],
    [
      0.5381929312267407,
      0.31062917645647
    ],
    [
      0.5313283416439706,
      0.312334423639434
    ],
    [
      0.5235297383087375,
      0.3142619281547221
    ],
    [
      0.5136448985128534,
      0.31458117931840246
    ],
    [
      0.5044579360207073,
      0.314384591639311
    ],
    [
      0.4946289505810228,
      0.3119543475163128
    ],
    [
      0.4841623305448151,
      0.30816923045144806
    ],
    [
      0.5058449714782977,
      0.3083932064386667
    ],
    [
      0.5136965515625074,
      0.3085917661640794
    ],
    [
      0.521894926481205,
      0.308689321863382
    ],
    [
      0.5372926574189681,
      0.3093954576676504
    ],
    [
      0.5216667897805602,
      0.3056433255563387
    ],
    [
      0.5144326147140956,
      0.305039714126741
    ],
    [
      0.5056285322510147,
      0.3051400461147194
    ]
  ]
}
