{
  "steersLeft": true,
  "leftEye": [
    [
      0.44909852358770935,
      0.3086224162379592
    ],
    [
      0.45369048361675735,
      0.30544806185020595
    ],
    [
      0.46431679046002344,
      0.30408773684277224
    ],
    [
      0.47514943409847976,
      0.3080339786219763
    ],
    [
      0.46578210073287935,
      0.311819749697256
    ],
    [
      0.45563004078091,
      0.31135864270823105
    ]
  ],
  "rightEye": [
    [
      0.521050575101694,
      0.305289386913999
    ],
    [
      0.5315392321359086,
      0.3003146290260514
    ],
    [
      0.542027054400939,
      0.29969917608318525
    ],
    [
      0.5546344645077149,
      0.3027555783675453
    ],
    [
      0.5436227846558246,
      0.3074125107016618
    ],
    [
      0.5307756941690948,
      0.30662296117474613
    ]
  ],
  "mouth": [
    [
      0.4691140492669282,
      0.3760100240625088
    ],
    [
      0.4744121732138135,
      0.3711302645385573
    ],
    [
      0.4840652408123199,
      0.3668457316458464
    ],
    [
      0.490754935877642,
      0.368316808797706
    ],
    [
      0.4978811861908765,
      0.36688282916703
    ],
    [
      0.5151150976237721,
      0.36929305342952234
    ],
    [
      0.5316633296487254,
      0.3729449694427831
    ],
    [
      0.51617417291726,
      0.37716063267325417
    ],
    [
      0.5036043346826379,
      0.38131324700581065
    ],
    [
      0.49345104435347964,
      0.38245006367013723
    ],
    [
      0.4835461740746914,
      0.382127140725497
    ],
    [
      0.47545469104200344,
      0.3802149014279438
    ],
    [
      0.471658654394687,
      0.37592071980210556
    ],
    [
      0.48415607095842866,
      0.3738073770376683
    ],
    [
      0.4919454764293555,
      0.37307226066417987
    ],
    [
      0.5029342908644598,
      0.37250718491662066
    ],
    [
      0.5297841988852187,
      0.37198856269634634
    ],
    [
      0.501477843662682,
      0.37303823677676956
    ],
    [
      0.49203429587055963,
      0.37303465650006656
    ],
    [
      0.48399700024622316,
      0.37303642412095456
    ]
  ]
}
