{
  "steersLeft": false,
  "leftEye": [
    [
      0.5318066265027099,
      0.3370270694152614
    ],
    [
      0.5439605696434633,
      0.33362916628234734
    ],
    [
      0.5554367670558854,
      0.33385311181310706
    ],
    [
      0.5666492040111466,
      0.3401290751289277
    ],
    [
      0.5568770926371639,
      0.34386859539816944
    ],
    [
      0.5428797614299524,
      0.3422858688440557
    ]
  ],
  "rightEye": [
    [
      0.6158818511348413,
      0.3400722187939428
    ],
    [
      0.6295021417882039,
      0.3341010413066961
    ],
    [
      0.6407929000839208,
      0.333995688778463
    ],
    [
      0.6467359762593177,
      0.33841532592731743
    ],
    [
      0.6396006809135707,
      0.34334783412252673
    ],
    [
      0.6278263849005958,
      0.3434848519928998
    ]
  ],
  "mouth": [
    [
      0.5539535607780006,
      0.420043977121889
    ],
    [
      0.5731054904988989,
      0.41672976140339096
    ],
    [
      0.590987405404574,
      0.4143853221263444
    ],
    [
      0.5985890073345989,
      0.4158922115681285
    ],
    [
      0.6057230176466998,
      0.4143651005344288
    ],
    [
      0.6172383939826687,
      0.4159532326173657
    ],
    [
      0.6222395404955764,
      0.41824098755352634
    ],
    [
      0.6146532567507176,
      0.42782414247169814
    ],
    [
      0.6064855974996469,
      0.4331151723661003
    ],
    [
      0.5949178998505704,
      0.4349543298364067
    ],
    [
      0.583457575524207,
      0.4343598322334996
    ],
    [
      0.5709002997491552,
      0.4297454762654087
    ],
    [
      0.5573333671974102,
      0.42013358604742485
    ],
    [
      0.5856884377415598,
      0.42108190008239
    ],
    [
      0.5957784635190221,
      0.4212124927446393
    ],
    [
      0.6054776784389068,
      0.4201423331758841
    ],
    [
      0.620790957112857,
      0.41788260099255414
    ],
    [
      0.6048109650164792,
      0.4231289738477017
    ],
    [
      0.5953682457328594,
      0.4240047309435094
    ],
    [
      0.5852923991334678,
      0.4237581528321261
    ]
  ]
}
