{
  "steersLeft": false,
  "leftEye": [
    [
      0.45438918971007963,
      0.3567780809987385
    ],
    [
      0.46527555864526954,
      0.3525087178051668
    ],
    [
      0.4774296112348491,
      0.3515262340491548
    ],
    [
      0.4902364238549627,
      0.3571500847668194
    ],
    [
      0.4802196817147893,
      0.3621908384428533
    ],
    [
      0.4664771197161192,
      0.3612005387035779
    ]
  ],
  "rightEye": [
    [
      0.5447805201825173,
      0.35388426141842666
    ],
    [
      0.5588550255698352,
      0.34726016545070015
    ],
    [
      0.5702401753053944,
      0.34627744250862585
    ],
    [
      0.5778067640671473,
      0.35185111816295134
    ],
    [
      0.5703194021164881,
      0.3568966632759118
    ],
    [
      0.557312699905698,
      0.35712811051180027
    ]
  ],
  "mouth": [
    [
      0.4941152752108943,
      0.4499692068012788
    ],
    [
      0.5099793004741889,
      0.4432711020364511
    ],
    [
      0.5256053719197606,
      0.43913827550608847
    ],
    [
      0.5326780643498291,
      0.4405902737868291
    ],
    [
      0.5398385496368193,
      0.43916267248444896
    ],
    [
      0.5526861603283921,
      0.44213893409947985
    ],
    [
      0.5604497134672995,
      0.44787852000860784
    ],
    [
      0.5530627018322336,
      0.4540811855658191
    ],
    [
      0.5450907386208951,
      0.4591153423359396
    ],
    [
      0.5331941777237778,
      0.4604064995632637
    ],
    [
      0.5215200970850049,
      0.4603800965082513
    ],
    [
      0.5096686081694461,
      0.45667473404971887
    ],
    [
      0.49727649240836724,
      0.44930820454443426
    ],
    [
      0.52190627994681,
      0.44739706161212023
    ],
    [
      0.5314717463897004,
      0.4467970132227798
    ],
    [
      0.5412155688421065,
      0.4463073453433777
    ],
    [
      0.5597326078520941,
      0.44654285874232624
    ],
    [
      0.5413555234504317,
      0.4482256021321271
    ],
    [
      0.5324300682102951,
      0.4486963820282823
    ],
    [
      0.5228543407380406,
      0.44889310099105234
    ]
  ]
}
