{
  "steersLeft": true,
  "leftEye": [
    [
      0.4172403617710696,
      0.3042467786498164
    ],
    [
      0.423274433924203,
      0.30046838235762896
    ],
    [
      0.43701117852776955,
      0.2999666560980777
    ],
    [
      0.45167210395923224,
      0.30588804580632456
    ],
    [
      0.4390850817161512,
      0.3098106865444812
    ],
    [
      0.42533564028658166,
      0.30844738290771195
    ]
  ],
  "rightEye": [
    [
      0.5119294844858951,
      0.3054683790287812
    ],
    [
      0.5267618685618977,
      0.30037832184020596
    ],
    [
      0.5403598994831575,
      0.2999188689535323
    ],
    [
      0.5557697169623609,
      0.30434378530624134
    ],
    [
      0.5413708787364786,
      0.3098168541497085
    ],
    [
      0.5244081545954465,
      0.308598698192898
    ]
  ],
  "mouth": [
    [
      0.44211993209185096,
      0.393436797574825
    ],
    [
      0.44931728165648266,
      0.3889570400897342
    ],
    [
      0.46162413021491855,
      0.38521713909093813
    ],
    [
      0.4698089191468868,
      0.38729100477431044
    ],
    [
      0.4784519315761159,
      0.38608758703479995
    ],
    [
      0.4998025395060961,
      0.38963838858327154
    ],
    [
      0.520425872850298,
      0.3948153213783738
    ],
    [
      0.49961440677565044,
      0.3982832950218911
    ],
    [
      0.4838410942237023,
      0.402367476462862
    ],
    [
      0.4711458767796648,
      0.40261976184914355
    ],
    [
      0.4590272590345328,
      0.4019052902822871
    ],
    [
      0.44953928239788854,
      0.398815529020523
    ],
    [
      0.4450443804022833,
      0.39348244459405923
    ],
    [
      0.4612123293344764,
      0.39368334001066546
    ],
    [
      0.47105807300494246,
      0.39359877304325364
    ],
    [
      0.48404947125609465,
      0.3934462073856418
    ],
    [
      0.5182005689618925,
      0.39321522214418886
    ],
    [
      0.48166655802273683,
      0.3918127693804686
    ],
    [
      0.4703090926826292,
      0.39080738906344803
    ],
    [
      0.460663938265609,
      0.3903836375112951
    ]
  ]
}
