{
  "steersLeft": true,
  "leftEye": [
    [
      0.4082858735502637,
      0.32463901875908074
    ],
    [
      0.42477274397559495,
      0.31871724332755985
    ],
    [
      0.4474222233909227,
      0.31773942986122267
    ],
    [
      0.4712786131577217,
      0.3267232541793651
    ],
    [
      0.45158236716371886,
      0.3330318072633981
    ],
    [
      0.4270930823450682,
      0.3318499602087864
    ]
  ],
  "rightEye": [
    [
      0.5673786872614808,
      0.3231056071043722
    ],
    [
      0.5899184211301581,
      0.3116275264039627
    ],
    [
      0.6120157125541107,
      0.3103505277529965
    ],
    [
      0.631717038207039,
      0.3172294244910998
    ],
    [
      0.6142274265005656,
      0.3256651289030484
    ],
    [
      0.5897372420148028,
      0.32679606974132397
    ]
  ],
  "mouth": [
    [
      0.48503147827541115,
      0.4506717614139535
    ],
    [
      0.5012348981962838,
      0.44370025973775074
    ],
    [
      0.5187586557299214,
      0.43885451254516483
    ],
    [
      0.5302516954722044,
      0.44083476166576546
    ],
    [
      0.5418222173143927,
      0.4391052797827227
    ],
    [
      0.5646027574664125,
      0.44311606441867424
    ],
    [
      0.5844922657971385,
      0.4480647199603596
    ],
    [
      0.5688886608604554,
      0.45725665611315325
    ],
    [
      0.5524304275313557,
      0.4642016042733
    ],
    [
      0.5351853315049334,
      0.4657873773776333
    ],
    [
      0.5181000994038245,
      0.46524038931955275
    ],
    [
      0.5019292889555094,
      0.46014931853985896
    ],
    [
      0.49119029482250415,
      0.4506252658120908
    ],
    [
      0.5186031102067462,
      0.44879226474128414
    ],
    [
      0.5307275501693717,
      0.44892503232156444
    ],
    [
      0.5465888474490407,
      0.44822856844914943
    ],
    [
      0.5814611904090634,
      0.4471725721252365
    ],
    [
      0.5457256376164774,
      0.4496409711678664
    ],
    [
      0.53281322767393,
      0.45025822363818996
    ],
    [
      0.5189166095927508,
      0.45002982387525303
    ]
  ]
}
