{
  "steersLeft": false,
  "leftEye": [
    [
      0.399952656770276,
      0.39507472382894804
    ],
    [
      0.41853286619119034,
      0.3906580886267762
    ],
    [
      0.4375008175315264,
      0.39021615203630616
    ],
    [
      0.4560252947865971,
      0.39861536730200137
    ],
    [
      0.43993807066018714,
      0.4038202320619844
    ],
    [
      0.4174972521815174,
      0.40173501851957166
    ]
  ],
  "rightEye": [
    [
      0.5403916737529483,
      0.3980162005417585
    ],
    [
      0.5629114195819657,
      0.38985208265573207
    ],
    [
      0.5816358979526517,
      0.38993629721490536
    ],
    [
      0.5942226756114608,
      0.3965613574053412
    ],
    [
      0.5808249586174952,
      0.4026932956739138
    ],
    [
      0.5600176036567837,
      0.4029423188694291
    ]
  ],
  "mouth": [
    [
      0.4459982459284722,
      0.5129063750423551
    ],
    [
      0.47067059409170237,
      0.5033688288419411
    ],
    [
      0.4964915499491174,
      0.4980431611771014
    ],
    [
      0.5074897888291859,
      0.5003115925863886
    ],
    [
      0.5188541037969967,
      0.4986846614970562
    ],
    [
      0.539747637789365,
      0.5041035872555683
    ],
    [
      0.5510148388528241,
      0.5126745261248241
    ],
    [
      0.5393548490056226,
      0.5239353603953826
    ],
    [
      0.5246277675582307,
      0.5305938103276966
    ],
    [
      0.5057233608277498,
      0.5325175902593651
    ],
    [
      0.4871772049963929,
      0.531729935990008
    ],
    [
      0.46880919327986886,
      0.5250679729628672
    ],
    [
      0.45044710780553954,
      0.5127654063595527
    ],
    [
      0.4894543093951215,
      0.5090665470558419
    ],
    [
      0.5046854655334472,
      0.5085582375187896
    ],
    [
      0.5201164316182852,
      0.508350535375307
    ],
    [
      0.5497097656200927,
      0.5112910110862073
    ],
    [
      0.5213104993251765,
      0.516556695341562
    ],
    [
      0.5063445329666079,
      0.5172431448660669
    ],
    [
      0.4901777187702929,
      0.5167445155160696
    ]
  ]
}
