{
  "steersLeft": true,
  "leftEye": [
    [
      0.4941845747590497,
      0.2632972511510678
    ],
    [
      0.49989129677669636,
      0.2606403792614294
    ],
    [
      0.5104053375762243,
      0.26068258147420853
    ],
    [
      0.5216380020011807,
      0.266137885002296
    ],
    [
      0.5118087259759745,
      0.2689741136988668
    ],
    [
      0.5005177829622353,
      0.26761992863807116
    ]
  ],
  "rightEye": [
    [
      0.5686321448223964,
      0.2671650133035691
    ],
    [
      0.5795390828249166,
      0.2619584945210887
    ],
    [
      0.5902007233209046,
      0.26206980779231365
    ],
    [
      0.6008220047704563,
      0.26610505932743744
    ],
    [
      0.5906066523468348,
      0.270520458047318
    ],
    [
      0.5778574307442556,
      0.2698584692753711
    ]
  ],
  "mouth": [
    [
      0.5096700359834757,
      0.33422792418205305
    ],
    [
      0.5169992953943751,
      0.33134259982903524
    ],
    [
      0.5276063631672926,
      0.32910414750261874
    ],
    [
      0.5343417410958213,
      0.33112329793160983
    ],
    [
      0.5409445753896057,
      0.33033077528439037
    ],
    [
      0.5562290114726905,
      0.3338523224104156
    ],
    [
      0.5699991472157958,
      0.33814008592990435
    ],
    [
      0.5557535605317234,
      0.34183453537623254
    ],
    [
      0.5443647028251859,
      0.3449789326927808
    ],
    [
      0.5343203294272604,
      0.34497244963498314
    ],
    [
      0.5247123052150323,
      0.34393418377287815
    ],
    [
      0.5165252463330583,
      0.3406118659999432
    ],
    [
      0.511821738939545,
      0.3343432997539173
    ],
    [
      0.5266382049641017,
      0.3354944892621809
    ],
    [
      0.5344720467522898,
      0.33586403394616443
    ],
    [
      0.5445049976599701,
      0.33621843071625535
    ],
    [
      0.5687095185207665,
      0.33691493345936235
    ],
    [
      0.5433514141555831,
      0.33663899831184857
    ],
    [
      0.5343935414918702,
      0.3357466220292228
    ],
    [
      0.5264676345580347,
      0.33494249429296485
    ]
  ]
}
