{
  "steersLeft": true,
  "leftEye": [
    [
      0.40672846401263824,
      0.2671843486132518
    ],
    [
      0.41357741911940293,
      0.2641237078403787
    ],
    [
      0.42766712453291783,
      0.26549590961905123
    ],
    [
      0.4419965142412978,
      0.2727521779468932
    ],
    [
      0.42851302389919466,
      0.27558773791257535
    ],
    [
      0.41417476067798403,
      0.2729117090784691
    ]
  ],
  "rightEye": [
    [
      0.5035057523777547,
      0.2770646082001807
    ],
    [
      0.5194991766231682,
      0.27233983966557673
    ],
    [
      0.5336133147095562,
      0.27235062231525925
    ],
    [
      0.547563634097532,
      0.2782288376864444
    ],
    [
      0.5331604265264294,
      0.28331604631580287
    ],
    [
      0.5160544093284001,
      0.2811013803934253
    ]
  ],
  "mouth": [
    [
      0.422394761664564,
      0.35827087575472494
    ],
    [
      0.4291513743769809,
      0.352915811734782
    ],
    [
      0.44139967896566984,
      0.3488834106187245
    ],
    [
      0.4495166784935849,
      0.35147245963182105
    ],
    [
      0.45805167788469453,
      0.3506280176251355
    ],
    [
      0.47667460921803206,
      0.356269370718642
    ],
    [
      0.4935277290401957,
      0.3639604491476982
    ],
    [
      0.4758694837110179,
      0.3694990192949801
    ],
    [
      0.4606819715193493,
      0.3735985227090924
    ],
    [
      0.44836662964320306,
      0.3736130534091231
    ],
    [
      0.4366079368332785,
      0.37154485483333466
    ],
    [
      0.4279007379527286,
      0.3670651006683277
    ],
    [
      0.4254279661222562,
      0.3586835502727481
    ],
    [
      0.440749186737775,
      0.35831077584392007
    ],
    [
      0.45015151211300014,
      0.3587934271541964
    ],
    [
      0.4613078276571132,
      0.3594254334910136
    ],
    [
      0.4909319440132583,
      0.36224055224279134
    ],
    [
      0.4597622362088158,
      0.3612904923529424
    ],
    [
      0.44927642915078103,
      0.3600480647573028
    ],
    [
      0.4398577399872487,
      0.3589623366527387
    ]
  ]
}
