{
  "steersLeft": true,
  "leftEye": [
    [
      0.45418088484795666,
      0.2742651562921909
    ],
    [
      0.46273191445735606,
      0.2720019412660007
    ],
    [
      0.47479067255796165,
      0.27410664227387377
    ],
    [
      0.4864441092616556,
      0.2818750276242057
    ],
    [
      0.47470984643457287,
      0.28315989230585964
    ],
    [
      0.4613024372325515,
      0.28012555605257344
    ]
  ],
  "rightEye": [
    [
      0.5419163311552716,
      0.29099601030887157
    ],
    [
      0.5562928032808385,
      0.2873242777968967
    ],
    [
      0.5687408613751544,
      0.2894048606590559
    ],
    [
      0.5788621199480025,
      0.29567517141476823
    ],
    [
      0.5668266748448156,
      0.29892462994468993
    ],
    [
      0.5530525827361319,
      0.29568754013571563
    ]
  ],
  "mouth": [
    [
      0.4597859402820588,
      0.36260555456352694
    ],
    [
      0.47041558457772004,
      0.359690756808725
    ],
    [
      0.48387337769058053,
      0.3592761150786797
    ],
    [
      0.4919457060206463,
      0.3625543823494635
    ],
    [
      0.5002923312894946,
      0.3627178421358925
    ],
    [
      0.5169512115872156,
      0.36892062093676115
    ],
    [
      0.5307210818396504,
      0.3763917756584658
    ],
    [
      0.513242612433674,
      0.3811839239120434
    ],
    [
      0.49897775659923094,
      0.3836198336922498
    ],
    [
      0.48668297663023175,
      0.38221163445589146
    ],
    [
      0.4754292940404836,
      0.379197611690763
    ],
    [
      0.46670700088885336,
      0.373406034085601
    ],
    [
      0.46256563827278213,
      0.3632145979521534
    ],
    [
      0.4811636109597758,
      0.36601022706591263
    ],
    [
      0.4908563356586806,
      0.36812187795314977
    ],
    [
      0.502046783192744,
      0.3700122107348299
    ],
    [
      0.5283442850242162,
      0.37480102167009904
    ],
    [
      0.4999339761102682,
      0.3741050130418395
    ],
    [
      0.4893530764699062,
      0.37208546525884784
    ],
    [
      0.47930389874678836,
      0.3696416537181103
    ]
  ]
}
