{
  "steersLeft": false,
  "leftEye": [
    [
      0.5032005932757161,
      0.3778393180381614
    ],
    [
      0.5218715627721119,
      0.3704138599200029
    ],
    [
      0.5411257295802626,
      0.369058378420203
    ],
    [
      0.5604011302523907,
      0.3769069904441991
    ],
    [
      0.5441760538625079,
      0.383251851125918
    ],
    [
      0.5223215992074461,
      0.382352811342499
    ]
  ],
  "rightEye": [
    [
      0.6460700149593788,
      0.3746722610360791
    ],
    [
      0.668122863249385,
      0.3663718620257558
    ],
    [
      0.6865001777711331,
      0.3664131797092603
    ],
    [
      0.6994654131410635,
      0.37407091998394293
    ],
    [
      0.6854347135999973,
      0.37975530506986543
    ],
    [
      0.6649334052755838,
      0.37961460611800324
    ]
  ],
  "mouth": [
    [
      0.5581783192603337,
      0.5025201569220702
    ],
    [
      0.5843575223186321,
      0.48984501172525485
    ],
    [
      0.6090495450252766,
      0.48161986263873785
    ],
    [
      0.6196240345945422,
      0.4837870381906702
    ],
    [
      0.6312519161619793,
      0.48199379880129856
    ],
    [
      0.6509409975535853,
      0.4882022258216427
    ],
    [
      0.664119963532918,
      0.49864749569636013
    ],
    [
      0.6505030839082928,
      0.500621750305071
    ],
    [
      0.635764757624906,
      0.503034346962703
    ],
    [
      0.6193487283104592,
      0.5035114475208362
    ],
    [
      0.6027914014243964,
      0.5047231238246146
    ],
    [
      0.5838086813481755,
      0.503659100750667
    ],
    [
      0.5637015914769723,
      0.501351114978425
    ],
    [
      0.6024838267534585,
      0.49431307041353056
    ],
    [
      0.6166576713894661,
      0.4929202490772241
    ],
    [
      0.6328510867974234,
      0.4924298890290974
    ],
    [
      0.6620944199458332,
      0.496704618789844
    ],
    [
      0.6327073596060915,
      0.4898879798907306
    ],
    [
      0.6188721179094797,
      0.4895851999003454
    ],
    [
      0.6038375298719582,
      0.4907442276837156
    ]
  ]
}
