{
  "steersLeft": false,
  "leftEye": [
    [
      0.40714315038864823,
      0.3021152866211054
    ],
    [
      0.42309177268767745,
      0.29678971807927557
    ],
    [
      0.4425430881355687,
      0.2964818204226393
    ],
    [
      0.4633940856881394,
      0.30524994175000214
    ],
    [
      0.4458239210541442,
      0.3103563007493147
    ],
    [
      0.4231579851562438,
      0.3085472764794374
    ]
  ],
  "rightEye": [
    [
      0.5525282217841228,
      0.30580269365525137
    ],
    [
      0.5748811022740173,
      0.297366738431615
    ],
    [
      0.5946697799413718,
      0.2978742887009949
    ],
    [
      0.6111794865970098,
      0.3050574101410624
    ],
    [
      0.5945909677195422,
      0.3115760381901898
    ],
    [
      0.5723422519914445,
      0.3107678352552753
    ]
  ],
  "mouth": [
    [
      0.457364019764738,
      0.4291122190285659
    ],
    [
      0.4754217744455677,
      0.41933155543368794
    ],
    [
      0.49666165547588514,
      0.4130931593421468
    ],
    [
      0.5076914896848851,
      0.415412895557498
    ],
    [
      0.5187329034242123,
      0.4137540612343604
    ],
    [
      0.5414883893903469,
      0.4208961924737739
    ],
    [
      0.5584146785764523,
      0.43095245503421037
    ],
    [
      0.5428901246936857,
      0.4393346741629785
    ],
    [
      0.526532966872599,
      0.44489401662190753
    ],
    [
      0.508388633522837,
      0.44607657440508125
    ],
    [
      0.49049919012092447,
      0.44511443297412334
    ],
    [
      0.4748682779970479,
      0.4394340623808981
    ],
    [
      0.46191314282658325,
      0.4289717827492534
    ],
    [
      0.49272216662963014,
      0.42493802959742205
    ],
    [
      0.5066903704230608,
      0.42455424758161986
    ],
    [
      0.5223717325711378,
      0.4247562311555622
    ],
    [
      0.5560930337570191,
      0.4294209639317372
    ],
    [
      0.522815274492697,
      0.4304782614808496
    ],
    [
      0.5081783400700908,
      0.4305451815583842
    ],
    [
      0.49326586893796137,
      0.4299054236333561
    ]
  ]
}
