{
  "steersLeft": true,
  "leftEye": [
    [
      0.4307043805979638,
      0.3783575617074273
    ],
    [
      0.44525817340716634,
      0.3731330707784463
    ],
    [
      0.4666475114657009,
      0.37231234899490007
    ],
    [
      0.4891600988402616,
      0.38179292016385885
    ],
    [
      0.4706024233649039,
      0.38699040643405497
    ],
    [
      0.44713170062413576,
      0.3852684164682354
    ]
  ],
  "rightEye": [
    [
      0.5771097323471713,
      0.3796881399800743
    ],
    [
      0.5990397116266686,
      0.36906483369810283
    ],
    [
      0.61914317167166,
      0.368512526082267
    ],
    [
      0.6383591989542876,
      0.3750821886277524
    ],
    [
      0.621629666599883,
      0.3828535010673541
    ],
    [
      0.5982380765517332,
      0.38322731707611174
    ]
  ],
  "mouth": [
    [
      0.493188015025838,
      0.49582623601740156
    ],
    [
      0.5099901421648162,
      0.49208134937447773
    ],
    [
      0.528529799560984,
      0.48939436941914266
    ],
    [
      0.5395062834926295,
      0.4921169508991213
    ],
    [
      0.5514681417205434,
      0.49047010968151833
    ],
    [
      0.5757353313411187,
      0.4934735658628326
    ],
    [
      0.5968535650874517,
      0.49724862356742444
    ],
    [
      0.5773751459964312,
      0.5062467038431836
    ],
    [
      0.5585265124319587,
      0.5127150414964116
    ],
    [
      0.5406895177619467,
      0.5139264448957817
    ],
    [
      0.5237412267219529,
      0.5126768477870244
    ],
    [
      0.5080981591253536,
      0.5069147656328089
    ],
    [
      0.4982710337796576,
      0.4957518665652314
    ],
    [
      0.5263697340501869,
      0.4977386121089015
    ],
    [
      0.5393712043817114,
      0.4982448264143751
    ],
    [
      0.555803862052032,
      0.4979693001448524
    ],
    [
      0.5944035016986566,
      0.4958712547195316
    ],
    [
      0.5535750426011284,
      0.5007350300164498
    ],
    [
      0.5393554738642993,
      0.5009105110798543
    ],
    [
      0.5258972678185108,
      0.49969361159257836
    ]
  ]
}
