{
  "steersLeft": true,
  "leftEye": [
    [
      0.4280507557572319,
      0.2843860960007092
    ],
    [
      0.43411755667075047,
      0.28103107349244166
    ],
    [
      0.4463029389460007,
      0.2807638310577493
    ],
    [
      0.4585663401582259,
      0.287013162911569
    ],
    [
      0.4476115491292444,
      0.29087179573618077
    ],
    [
      0.43512274797038525,
      0.2893432464642114
    ]
  ],
  "rightEye": [
    [
      0.5104931743390809,
      0.2877771219696076
    ],
    [
      0.5232176167216929,
      0.2814181405668934
    ],
    [
      0.535281121675894,
      0.2817593599871132
    ],
    [
      0.54762461610469,
      0.28589777870381006
    ],
    [
      0.5359266283011123,
      0.29158136815226043
    ],
    [
      0.5216752712025907,
      0.2907973193408939
    ]
  ],
  "mouth": [
    [
      0.44785184408729334,
      0.37713451870967085
    ],
    [
      0.45626165478973346,
      0.37471328215241356
    ],
    [
      0.4672753752600738,
      0.3719264286294507
    ],
    [
      0.47465635859132227,
      0.37422898336805444
    ],
    [
      0.48209917994786466,
      0.37298291006037115
    ],
    [
      0.49882189192852827,
      0.37549832978329895
    ],
    [
      0.5151206548381461,
      0.3779660267674992
    ],
    [
      0.4996976971680605,
      0.38314911572111326
    ],
    [
      0.48698905298871714,
      0.3874776195966053
    ],
    [
      0.4759085575545615,
      0.38811223152695645
    ],
    [
      0.4654574261047842,
      0.3871440874100442
    ],
    [
      0.456133125996475,
      0.38400547784009703
    ],
    [
      0.4507709831204126,
      0.3772738999904998
    ],
    [
      0.466853293806081,
      0.379677758313675
    ],
    [
      0.47511271541073985,
      0.3795739546164429
    ],
    [
      0.4861601065672131,
      0.37917950056696076
    ],
    [
      0.5134897199757151,
      0.3767979104041009
    ],
    [
      0.48496625532854565,
      0.37741122235502006
    ],
    [
      0.4753963176527488,
      0.3769763007957078
    ],
    [
      0.4669388061737729,
      0.3762989540964962
    ]
  ]
}
