{
  "steersLeft": true,
  "leftEye": [
    [
      0.2611301841604046,
      0.3288900894811521
    ],
    [
      0.2657366872914332,
      0.3219937954640389
    ],
    [
      0.28542187085852244,
      0.32223534568554135
    ],
    [
      0.3064834566353997,
      0.3333342046026756
    ],
    [
      0.28863445081733163,
      0.3395028453945259
    ],
    [
      0.27033497786952576,
      0.3370372618916458
    ]
  ],
  "rightEye": [
    [
      0.3807944583555122,
      0.3331329884836682
    ],
    [
      0.399485069268634,
      0.32098816926246926
    ],
    [
      0.41931184132594523,
      0.3198079936016597
    ],
    [
      0.44264481918737775,
      0.32768028469336064
    ],
    [
      0.4229062508405751,
      0.3380866836047715
    ],
    [
      0.3996389224325579,
      0.337051637653602
    ]
  ],
  "mouth": [
    [
      0.30810009991078646,
      0.47196701426421467
    ],
    [
      0.30851263893530484,
      0.4645461630824468
    ],
    [
      0.31801255573561843,
      0.4579056213101134
    ],
    [
      0.32808612795970943,
      0.46117618511480907
    ],
    [
      0.33972501659615206,
      0.4588738001441579
    ],
    [
      0.3671731524607083,
      0.46551845818672605
    ],
    [
      0.39681374050999296,
      0.47431107869841155
    ],
    [
      0.37450076299746,
      0.4869914718984324
    ],
    [
      0.3534885672208617,
      0.49614518375226857
    ],
    [
      0.33631909440972846,
      0.49793602859465674
    ],
    [
      0.32151979368370837,
      0.49532396111140986
    ],
    [
      0.3109604766684316,
      0.4874044353732816
    ],
    [
      0.31290729133113243,
      0.4725347388082792
    ],
    [
      0.3225367740558106,
      0.47078436171352356
    ],
    [
      0.33224338724274083,
      0.47064987906650363
    ],
    [
      0.34841334967413057,
      0.47060164208154504
    ],
    [
      0.3925802299984606,
      0.4729684618278188
    ],
    [
      0.347577364029573,
      0.4792176193601699
    ],
    [
      0.33355435025066277,
      0.4787960313191146
    ],
    [
      0.3221854755734339,
      0.47701730363585904
    ]
  ]
}
