{
  "steersLeft": false,
  "leftEye": [
    [
      0.45111096926773125,
      0.4727204466886947
    ],
    [
      0.4767200021650052,
      0.46608055713386376
    ],
    [
      0.5045630131328486,
      0.46398284459023187
    ],
    [
      0.5323806679734466,
      0.47505967518518283
    ],
    [
      0.5084204717487704,
      0.48263362330838655
    ],
    [
      0.47725403793611754,
      0.4805969173997525
    ]
  ],
  "rightEye": [
    [
      0.6568450293524762,
      0.47264124620183723
    ],
    [
      0.6877224655984895,
      0.459527298644943
    ],
    [
      0.7142927038779104,
      0.4595799197924311
    ],
    [
      0.7345151578107764,
      0.4689561343122296
    ],
    [
      0.7144370715371073,
      0.4777181466533682
    ],
    [
      0.6839720206572836,
      0.477160948082863
    ]
  ],
  "mouth": [
    [
      0.5213191680986048,
      0.6516304573028923
    ],
    [
      0.5528085442351858,
      0.6418952983856147
    ],
    [
      0.5842867420402986,
      0.6343145141296824
    ],
    [
      0.5998171487061695,
      0.6391202711706018
    ],
    [
      0.617664453059762,
      0.6361384778171116
    ],
    [
      0.6462388907750699,
      0.6420329569769524
    ],
    [
      0.668694519643253,
      0.6507837380769012
    ],
    [
      0.6461521849488717,
      0.6579228613617282
    ],
    [
      0.6226274683265124,
      0.6629908830617782
    ],
    [
      0.5989143591207275,
      0.6633478038121959
    ],
    [
      0.5752115103775516,
      0.6636068053404404
    ],
    [
      0.5509354525315783,
      0.6593123480251195
    ],
    [
      0.5290790281235364,
      0.6508087554136952
    ],
    [
      0.5765080657037459,
      0.6504320788088426
    ],
    [
      0.5968645940521694,
      0.650938496485906
    ],
    [
      0.6187136099472734,
      0.6486664467479523
    ],
    [
      0.6645236907643671,
      0.6488489544172835
    ],
    [
      0.6178964444140166,
      0.643988179471888
    ],
    [
      0.5983340037532381,
      0.6431231715355814
    ],
    [
      0.578215416516141,
      0.6431552969326778
    ]
  ]
}
