{
  "steersLeft": false,
  "leftEye": [
    [
      0.4871883674190741,
      0.27709263575790044
    ],
    [
      0.5010086934744199,
      0.27195613118763706
    ],
    [
      0.5143005554804204,
      0.2715406323808646
    ],
    [
      0.5275230799196999,
      0.27802934109350463
    ],
    [
      0.5164950962641487,
      0.28308414813434
    ],
    [
      0.5008558965392452,
      0.28218812127839565
    ]
  ],
  "rightEye": [
    [
      0.5843266919777528,
      0.2764025850484807
    ],
    [
      0.5994040103206704,
      0.2685331396227607
    ],
    [
      0.6123617629721874,
      0.26789784538237915
    ],
    [
      0.619434962440765,
      0.2738394183919846
    ],
    [
      0.6120404160160993,
      0.2787844374188868
    ],
    [
      0.5987610925067679,
      0.2796086793003806
    ]
  ],
  "mouth": [
    [
      0.5285877326279459,
      0.3719194179346658
    ],
    [
      0.5489381765183969,
      0.3665735544397835
    ],
    [
      0.5658054932046782,
      0.3626463226319486
    ],
    [
      0.5729858616352203,
      0.36440473849622285
    ],
    [
      0.5806005674286966,
      0.36272089438680416
    ],
    [
      0.5923092683074328,
      0.36593139640183575
    ],
    [
      0.5997366003420116,
      0.369986970745078
    ],
    [
      0.5923098920336701,
      0.3740420080354573
    ],
    [
      0.5842161804828756,
      0.37675691504873976
    ],
    [
      0.5729984481108307,
      0.3775558008307321
    ],
    [
      0.5616290543052226,
      0.3780718431378263
    ],
    [
      0.548300520395061,
      0.3757477403237559
    ],
    [
      0.5331124346695791,
      0.37165517482721805
    ],
    [
      0.5611842095541356,
      0.37080419491751443
    ],
    [
      0.5707479638815045,
      0.370753541663338
    ],
    [
      0.5808751988889038,
      0.3698925149354411
    ],
    [
      0.598097431797228,
      0.36905682138405754
    ],
    [
      0.5807742032173915,
      0.3663874983698788
    ],
    [
      0.5719595281081212,
      0.36638774724803475
    ],
    [
      0.5617439798627027,
      0.36680569226510396
    ]
  ]
}
