{
  "steersLeft": false,
  "leftEye": [
    [
      0.48361150445938744,
      0.2530263592821334
    ],
    [
      0.49572120473211917,
      0.2494286686324482
    ],
    [
      0.5069765008535835,
      0.24931139904020444
    ],
    [
      0.517878264464667,
      0.25544012573350355
    ],
    [
      0.5086330115350594,
      0.2595488783280225
    ],
    [
      0.4950655197004642,
      0.25821827233268274
    ]
  ],
  "rightEye": [
    [
      0.5668510533496209,
      0.2542686717790981
    ],
    [
      0.5802477250360755,
      0.24781452101925522
    ],
    [
      0.5913213966331794,
      0.24723141860808567
    ],
    [
      0.5963326735312074,
      0.25164873231387686
    ],
    [
      0.5902106031541609,
      0.25706872821127896
    ],
    [
      0.5787541902295941,
      0.25749475800890714
    ]
  ],
  "mouth": [
    [
      0.5126983060929693,
      0.3428513590922424
    ],
    [
      0.5303451677755912,
      0.337154625539262
    ],
    [
      0.5469296484649689,
      0.3335307461132773
    ],
    [
      0.5536476615933804,
      0.3351426373265333
    ],
    [
      0.5602656528389228,
      0.3337499771727021
    ],
    [
      0.569299014190239,
      0.3369835057300344
    ],
    [
      0.5721273186748299,
      0.34194337617305726
    ],
    [
      0.5673652528545984,
      0.3504812016668766
    ],
    [
      0.5607001367681186,
      0.3556274241988137
    ],
    [
      0.5503000810270403,
      0.35708411049091315
    ],
    [
      0.5397183637603131,
      0.3565260149322666
    ],
    [
      0.528238521619916,
      0.3518463931536876
    ],
    [
      0.5158962830499516,
      0.34279816620185083
    ],
    [
      0.5417057769641691,
      0.34128323066095767
    ],
    [
      0.550656521838691,
      0.34113957951875024
    ],
    [
      0.5590332731261415,
      0.3404701682298785
    ],
    [
      0.5707690901798592,
      0.34129545440739506
    ],
    [
      0.5585629719497508,
      0.3451662358141609
    ],
    [
      0.5504450224740566,
      0.3455996289337123
    ],
    [
      0.541385982228574,
      0.345431391248774
    ]
  ]
}
