{
  "steersLeft": false,
  "leftEye": [
    [
      0.3991186095980256,
      0.25256537222927483
    ],
    [
      0.41051077744294195,
      0.24839873604343454
    ],
    [
      0.42168420617053276,
      0.24735104140674213
    ],
    [
      0.4326741567956907,
      0.2526637579385715
    ],
    [
      0.4234289649291244,
      0.2567403073516846
    ],
    [
      0.4106045009299347,
      0.2561184236058839
    ]
  ],
  "rightEye": [
    [
      0.4819408070384452,
      0.24978777683882272
    ],
    [
      0.4949912978902006,
      0.2433959806010928
    ],
    [
      0.5058467963002552,
      0.2428532329437042
    ],
    [
      0.5124474349913305,
      0.24772253198554278
    ],
    [
      0.5061180407587762,
      0.2516110168778237
    ],
    [
      0.49448222702457484,
      0.25210298454387325
    ]
  ],
  "mouth": [
    [
      0.4323508505307526,
      0.3240326844002442
    ],
    [
      0.4493842531050417,
      0.3179695987012884
    ],
    [
      0.464807685610502,
      0.31422669448081536
    ],
    [
      0.4715495824813856,
      0.31542820166377145
    ],
    [
      0.47866326855679076,
      0.31402069084457035
    ],
    [
      0.4900557499349126,
      0.316438212981078
    ],
    [
      0.49664488731035167,
      0.32116115175403703
    ],
    [
      0.4903530100023394,
      0.3270217098696409
    ],
    [
      0.48309760691804476,
      0.3305371282234494
    ],
    [
      0.47228774670727003,
      0.33173223097454785
    ],
    [
      0.4619869267735156,
      0.3321711413316475
    ],
    [
      0.4498388915473307,
      0.32953700856791246
    ],
    [
      0.4359450575499701,
      0.32379235613880747
    ],
    [
      0.46108193229369565,
      0.3209965589729973
    ],
    [
      0.47005607852767606,
      0.32073066886922474
    ],
    [
      0.47901093864594213,
      0.31978954151969946
    ],
    [
      0.49552421257374774,
      0.3201616356575233
    ],
    [
      0.47986696076849206,
      0.32171207819504144
    ],
    [
      0.4712309256844707,
      0.3220946340226013
    ],
    [
      0.4620343391119095,
      0.3224450335666456
    ]
  ]
}
