{
  "steersLeft": true,
  "leftEye": [
    [
      0.40968735868359124,
      0.250593907211876
    ],
    [
      0.41720483991181684,
      0.24672723863188925
    ],
    [
      0.4334931801661136,
      0.24778493862957435
    ],
    [
      0.44981150013193477,
      0.2572225536711485
    ],
    [
      0.43412554504450074,
      0.26015606043623957
    ],
    [
      0.41773055230255113,
      0.2572165020244413
    ]
  ],
  "rightEye": [
    [
      0.5193234863801673,
      0.26304989256337047
    ],
    [
      0.5375794582877538,
      0.2572005457673367
    ],
    [
      0.5542659667537826,
      0.2582672301598432
    ],
    [
      0.57157213838006,
      0.2649867918106522
    ],
    [
      0.5542641814149079,
      0.27036031690847384
    ],
    [
      0.5343615247819087,
      0.2677370070870229
    ]
  ],
  "mouth": [
    [
      0.42657160418503987,
      0.3543565831433626
    ],
    [
      0.4352073743621054,
      0.3513411842165615
    ],
    [
      0.44902358491533123,
      0.34930230962946623
    ],
    [
      0.4592224515423052,
      0.35259103365595346
    ],
    [
      0.4702564588256329,
      0.351776509404887
    ],
    [
      0.49457437680120697,
      0.35629971316328435
    ],
    [
      0.5186936489393437,
      0.3622561632179897
    ],
    [
      0.49429216419837224,
      0.36865671914399684
    ],
    [
      0.4746571470707672,
      0.37276794730623936
    ],
    [
      0.45938369130380285,
      0.3723241224167928
    ],
    [
      0.44567001943028073,
      0.36997698263631223
    ],
    [
      0.4344676095198498,
      0.36478678414994287
    ],
    [
      0.4307294970982765,
      0.3550413780718641
    ],
    [
      0.44901273306638834,
      0.35804976650137693
    ],
    [
      0.46036592882635224,
      0.35945936817456636
    ],
    [
      0.475145007050843,
      0.3599295351129418
    ],
    [
      0.5155756836554249,
      0.36053989794798985
    ],
    [
      0.47352699529795916,
      0.36023406324765234
    ],
    [
      0.45992482106367444,
      0.3586667324100232
    ],
    [
      0.4486228731334555,
      0.35683883304893593
    ]
  ]
}
