{
  "steersLeft": true,
  "leftEye": [
    [
      0.3960362502153469,
      0.32944985235287205
    ],
    [
      0.40124223962833006,
      0.32704331430091726
    ],
    [
      0.4144114543392475,
      0.3276995967315848
    ],
    [
      0.4275209888359822,
      0.33481379468953976
    ],
    [
      0.415600188637505,
      0.33845202072843406
    ],
    [
      0.4028831874507502,
      0.33601203533891544
    ]
  ],
  "rightEye": [
    [
      0.4823700359858154,
      0.3366264416465733
    ],
    [
      0.49552325050540075,
      0.3303913744676008
    ],
    [
      0.5091156378104799,
      0.32998958356806773
    ],
    [
      0.5233961665390161,
      0.3339615218548167
    ],
    [
      0.510161793920942,
      0.3412078177679539
    ],
    [
      0.4944392999783689,
      0.3403627967896053
    ]
  ],
  "mouth": [
    [
      0.4216550373167421,
      0.4243607531805933
    ],
    [
      0.42639282550137275,
      0.4238401417771992
    ],
    [
      0.4363577146937929,
      0.42258470378444646
    ],
    [
      0.4441754231631719,
      0.4253434537178642
    ],
    [
      0.45299644019629826,
      0.4242169141246144
    ],
    [
      0.4729881797799337,
      0.42645937980703247
    ],
    [
      0.49341144169337386,
      0.42860791668307685
    ],
    [
      0.4755999238106135,
      0.43812552361210216
    ],
    [
      0.46070796633454325,
      0.44458029596354603
    ],
    [
      0.44821155051189837,
      0.44536411663017883
    ],
    [
      0.436681065074499,
      0.4429610529856026
    ],
    [
      0.4280045658985648,
      0.4364753703892041
    ],
    [
      0.4247195401434536,
      0.4248237021069654
    ],
    [
      0.43726759446080826,
      0.4297810119257043
    ],
    [
      0.4453817726564651,
      0.4306898407831726
    ],
    [
      0.4579516711476258,
      0.43081880965747016
    ],
    [
      0.4907094738990852,
      0.4272756752590621
    ],
    [
      0.4577006462936067,
      0.43294076344095445
    ],
    [
      0.4467786426382202,
      0.43265641173930636
    ],
    [
      0.4378492538617225,
      0.43073875029069314
    ]
  ]
}
