{
  "steersLeft": true,
  "leftEye": [
    [
      0.4001676590645892,
      0.35989315468192506
    ],
    [
      0.41112629090189046,
      0.3547661407360145
    ],
    [
      0.4297260997982664,
      0.3527514349742747
    ],
    [
      0.44980985692135567,
      0.3578335233349012
    ],
    [
      0.43450204123183594,
      0.36320530885870406
    ],
    [
      0.41459497716107535,
      0.36345662912258403
    ]
  ],
  "rightEye": [
    [
      0.5284749822744809,
      0.3511938902860467
    ],
    [
      0.5458713303484881,
      0.34334083992579867
    ],
    [
      0.5631768370041027,
      0.34154594905803726
    ],
    [
      0.5802709727446366,
      0.3455775967904362
    ],
    [
      0.5665107876907608,
      0.35189974148632525
    ],
    [
      0.5464607628776617,
      0.3528834009191808
    ]
  ],
  "mouth": [
    [
      0.46285764201815094,
      0.4484755565848414
    ],
    [
      0.47679853017944357,
      0.4423787091971159
    ],
    [
      0.4946695457401254,
      0.43685533832723855
    ],
    [
      0.5054107403148045,
      0.4379091229023138
    ],
    [
      0.5156145761154484,
      0.4358489554575225
    ],
    [
      0.5382676735065536,
      0.438015252489069
    ],
    [
      0.557469457746456,
      0.44174767769685475
    ],
    [
      0.5425945001624345,
      0.4484321119326164
    ],
    [
      0.5278784182268832,
      0.4537117923057348
    ],
    [
      0.5118812376126372,
      0.45574058766459985
    ],
    [
      0.4954159286356387,
      0.4565255769656964
    ],
    [
      0.47938405876643825,
      0.45425217885530794
    ],
    [
      0.46684739620257487,
      0.44801328036854315
    ],
    [
      0.4939900350700903,
      0.44523706401842755
    ],
    [
      0.506665887557445,
      0.4436916689050172
    ],
    [
      0.521948344205412,
      0.44262686618798147
    ],
    [
      0.5554512608168414,
      0.44087151030916877
    ],
    [
      0.5216928854687636,
      0.44404347936256294
    ],
    [
      0.5081983437800844,
      0.44502998218689216
    ],
    [
      0.49506967404940566,
      0.44594120622195577
    ]
  ]
}
