{
  "steersLeft": true,
  "leftEye": [
    [
      0.49823677804649885,
      0.17506170757182551
    ],
    [
      0.5043157456533334,
      0.17032853220636568
    ],
    [
      0.5165931627019251,
      0.16941279324234135
    ],
    [
      0.5287897377163231,
      0.17288337677991225
    ],
    [
      0.5171272289437547,
      0.17581017494843698
    ],
    [
      0.5057019386088325,
      0.17601393647388114
    ]
  ],
  "rightEye": [
    [
      0.581861198151889,
      0.17131561838703285
    ],
    [
      0.5947236961987763,
      0.167533050523929
    ],
    [
      0.6064939307782378,
      0.16713975694436276
    ],
    [
      0.6197256839742764,
      0.17154693807751026
    ],
    [
      0.6065067123550854,
      0.1750358721439731
    ],
    [
      0.5925363624987385,
      0.1731357437022542
    ]
  ],
  "mouth": [
    [
      0.5098362281612192,
      0.24110515127157062
    ],
    [
      0.514246415534567,
      0.22941159411855658
    ],
    [
      0.5257497519337476,
      0.22231738492732395
    ],
    [
      0.533696323103336,
      0.22362928869954923
    ],
    [
      0.5422530058592131,
      0.2227134681025539
    ],
    [
      0.5607915891578039,
      0.22885496985362513
    ],
    [
      0.5800061134815486,
      0.24062208675828875
    ],
    [
      0.5603938489404306,
      0.2413446905577474
    ],
    [
      0.5446232902715488,
      0.2441510969836462
    ],
    [
      0.5338744879211497,
      0.24460801642677188
    ],
    [
      0.5233914358560388,
      0.2442213013386952
    ],
    [
      0.5149872684022747,
      0.24347242861215887
    ],
    [
      0.513029369764117,
      0.2405750661670001
    ],
    [
      0.525050673087893,
      0.231081230459228
    ],
    [
      0.5336191154702165,
      0.23023508501043533
    ],
    [
      0.5459050175858708,
      0.23086108041112566
    ],
    [
      0.5767537779205592,
      0.23890147766456085
    ],
    [
      0.5450357696045661,
      0.2364727560311895
    ],
    [
      0.5344743008382555,
      0.23550544473401153
    ],
    [
      0.5256045917957889,
      0.23591400367915233
    ]
  ]
}
