{
  "steersLeft": false,
  "leftEye": [
    [
      0.42218691772346334,
      0.24724842734426097
    ],
    [
      0.42943182614464803,
      0.24567104578697985
    ],
    [
      0.4390871717287834,
      0.24571025126406945
    ],
    [
      0.4489192260027677,
      0.2488743924939238
    ],
    [
      0.440761863775506,
      0.25137702331051903
    ],
    [
      0.4301119427712896,
      0.250314080011072
    ]
  ],
  "rightEye": [
    [
      0.4922787824583412,
      0.24971627104239008
    ],
    [
      0.5031520595949628,
      0.24706679288820219
    ],
    [
      0.5121901044511911,
      0.247204482340216
    ],
    [
      0.5194169864902192,
      0.249836929396574
    ],
    [
      0.5117847294321961,
      0.252923123072271
    ],
    [
      0.5011924941366425,
      0.2523316181791328
    ]
  ],
  "mouth": [
    [
      0.44397056622817693,
      0.3128550654069673
    ],
    [
      0.45444644649853405,
      0.30935063256508477
    ],
    [
      0.4660632926126834,
      0.3069348594297982
    ],
    [
      0.4716385234586441,
      0.3082786369067966
    ],
    [
      0.47728654128704995,
      0.3078177511742509
    ],
    [
      0.489250003100326,
      0.310591094777823
    ],
    [
      0.4982048848753927,
      0.31467975116794705
    ],
    [
      0.4891683700758525,
      0.3171919849176668
    ],
    [
      0.48071120674107043,
      0.31913290608608813
    ],
    [
      0.4714400146753955,
      0.3191492856710161
    ],
    [
      0.46232824423051855,
      0.3186842889838219
    ],
    [
      0.4540054944471375,
      0.3166716463387634
    ],
    [
      0.44583317237990494,
      0.3127200737689415
    ],
    [
      0.46337297079439527,
      0.3126558492787952
    ],
    [
      0.47117213260760654,
      0.3123863156384085
    ],
    [
      0.47941859170730305,
      0.31264715938135723
    ],
    [
      0.497694257385404,
      0.3136721818770424
    ],
    [
      0.4790576397627381,
      0.3125639033734851
    ],
    [
      0.4713606253054772,
      0.3122272639042028
    ],
    [
      0.46366750027803255,
      0.31188793579717045
    ]
  ]
}
