{
  "steersLeft": true,
  "leftEye": [
    [
      0.3707933564221178,
      0.39349139804869043
    ],
    [
      0.38671650633112586,
      0.39112039975439367
    ],
    [
      0.40654274811702135,
      0.39057490035314496
    ],
    [
      0.42738698690303095,
      0.39880804990957247
    ],
    [
      0.4093516787291733,
      0.4051063152328375
    ],
    [
      0.3871920196229318,
      0.40254662966214644
    ]
  ],
  "rightEye": [
    [
      0.5183921641696754,
      0.3978285625725907
    ],
    [
      0.5397994561490618,
      0.3889904541039429
    ],
    [
      0.5599889832761822,
      0.38823379910906186
    ],
    [
      0.5772600236568378,
      0.3917832553483565
    ],
    [
      0.560635469474508,
      0.4019038917886136
    ],
    [
      0.5382283115102069,
      0.40248387931564344
    ]
  ],
  "mouth": [
    [
      0.42548688217823855,
      0.5223828248328665
    ],
    [
      0.44380694296275025,
      0.5212201137688283
    ],
    [
      0.46499044407821155,
      0.519993534236562
    ],
    [
      0.47645531269060054,
      0.5226582216019684
    ],
    [
      0.4882842250200109,
      0.5209080731013769
    ],
    [
      0.5120200573800049,
      0.5229082573374
    ],
    [
      0.5307089804846767,
      0.52395034678505
    ],
    [
      0.5121357505246106,
      0.5349038737923435
    ],
    [
      0.49444944689236126,
      0.5420653926169107
    ],
    [
      0.47680355885641224,
      0.5434330926638559
    ],
    [
      0.4593121811385363,
      0.5421283631995111
    ],
    [
      0.4430790188711865,
      0.5353037378389179
    ],
    [
      0.43028086727172526,
      0.5227712027199027
    ],
    [
      0.46154982142942813,
      0.5287565252547793
    ],
    [
      0.47566914533785565,
      0.5298666676565068
    ],
    [
      0.4921832333349165,
      0.5287182549975572
    ],
    [
      0.5277900737146938,
      0.5228685809574026
    ],
    [
      0.49062835294006923,
      0.5274497289593673
    ],
    [
      0.4756463007253972,
      0.5273777456380143
    ],
    [
      0.4612146193273184,
      0.5265359016265592
    ]
  ]
}
