{
  "steersLeft": false,
  "leftEye": [
    [
      0.4396427425799819,
      0.2890045812600648
    ],
    [
      0.45245468625241764,
      0.2849625675985227
    ],
    [
      0.46513281181248795,
      0.28492483462507767
    ],
    [
      0.47782594974062614,
      0.2912022127653552
    ],
    [
      0.467166469602358,
      0.2953832561477127
    ],
    [
      0.4519600652715443,
      0.2941165791622249
    ]
  ],
  "rightEye": [
    [
      0.5334656252394421,
      0.29083561934299823
    ],
    [
      0.5480561851228867,
      0.2845577345890829
    ],
    [
      0.5603669213287265,
      0.2843916465039725
    ],
    [
      0.5673389253059608,
      0.2896272029258556
    ],
    [
      0.5597767240141774,
      0.29419320772246316
    ],
    [
      0.5466515608164302,
      0.2943748092264691
    ]
  ],
  "mouth": [
    [
      0.4786050185494224,
      0.3744015194104491
    ],
    [
      0.4966580297188758,
      0.36945712618678944
    ],
    [
      0.5134030772760029,
      0.3661121771680826
    ],
    [
      0.5200705928376581,
      0.3676721184993814
    ],
    [
      0.5271208474781974,
      0.366316537315509
    ],
    [
      0.5382909810674639,
      0.36975779488576804
    ],
    [
      0.5441706244198934,
      0.3744781999310604
    ],
    [
      0.537350029291284,
      0.37816020290001345
    ],
    [
      0.5295953901642035,
      0.3808663381016603
    ],
    [
      0.5187178893162154,
      0.3817209173680435
    ],
    [
      0.5077235827665456,
      0.3815547221146635
    ],
    [
      0.4959093230028011,
      0.3788837121252364
    ],
    [
      0.48204997548676776,
      0.3741095151036859
    ],
    [
      0.5086960532865985,
      0.3737670572746367
    ],
    [
      0.5179044904586647,
      0.37377313663829015
    ],
    [
      0.527005792817842,
      0.3731826199880323
    ],
    [
      0.5428247483531634,
      0.37324567390079655
    ],
    [
      0.5269416468727429,
      0.3709763565657596
    ],
    [
      0.5182716468762051,
      0.37064255013883257
    ],
    [
      0.5088990776928498,
      0.3710108712435954
    ]
  ]
}
