{
  "steersLeft": true,
  "leftEye": [
    [
      0.349838582036456,
      0.2625857930713516
    ],
    [
      0.35290556828941516,
      0.2566593768501204
    ],
    [
      0.36993107969919337,
      0.2558454076661518
    ],
    [
      0.38847985933742624,
      0.26302050028821894
    ],
    [
      0.3725542042525052,
      0.26828644940249624
    ],
    [
      0.3573088981515511,
      0.26747701047604105
    ]
  ],
  "rightEye": [
    [
      0.45614753782505785,
      0.26052708934549146
    ],
    [
      0.47276000829923526,
      0.25248417878370893
    ],
    [
      0.490093952072513,
      0.2516609515802989
    ],
    [
      0.5120966629370388,
      0.25749092392700185
    ],
    [
      0.492991002767528,
      0.2649684986749357
    ],
    [
      0.4717401814646887,
      0.2631287409368532
    ]
  ],
  "mouth": [
    [
      0.3836189034898401,
      0.3804869093095302
    ],
    [
      0.383882621587746,
      0.3713071674511152
    ],
    [
      0.3941131433065971,
      0.36423464956978424
    ],
    [
      0.40446520647812473,
      0.3661935971074937
    ],
    [
      0.41610574725269056,
      0.36431004688011537
    ],
    [
      0.44509864785313064,
      0.36963899578802306
    ],
    [
      0.47451755590820527,
      0.3777244150604055
    ],
    [
      0.45035541399772266,
      0.3897573879878221
    ],
    [
      0.4292488311739451,
      0.3971632274864482
    ],
    [
      0.4126163828220881,
      0.39920845153600154
    ],
    [
      0.39793555289094473,
      0.3979866069328447
    ],
    [
      0.3883646382200672,
      0.392784291272195
    ],
    [
      0.3876408109471909,
      0.38033282294862175
    ],
    [
      0.3986057331576452,
      0.3761570858597451
    ],
    [
      0.40912671501539033,
      0.3744549269786145
    ],
    [
      0.4256456332907155,
      0.3740598852317097
    ],
    [
      0.47145882822672774,
      0.3765194077086061
    ],
    [
      0.4249105193034809,
      0.38359088869175967
    ],
    [
      0.4105490432752658,
      0.38380768270435156
    ],
    [
      0.39939121881284223,
      0.3831815278747854
    ]
  ]
}
