{
  "steersLeft": false,
  "leftEye": [
    [
      0.42288591679980136,
      0.2713626239484959
    ],
    [
      0.4342980314946323,
      0.2666260661080991
    ],
    [
      0.44716042315882604,
      0.26542381319268155
    ],
    [
      0.4602547329527101,
      0.27040627840454345
    ],
    [
      0.44983855514593235,
      0.275340388486984
    ],
    [
      0.4351911159799271,
      0.2751793179755815
    ]
  ],
  "rightEye": [
    [
      0.5141790826823207,
      0.2641447654151998
    ],
    [
      0.5274479139951933,
      0.2566326352803029
    ],
    [
      0.5393756138756121,
      0.25457338325339335
    ],
    [
      0.5471211065706951,
      0.25829051546444326
    ],
    [
      0.5401157671329272,
      0.2646880598661778
    ],
    [
      0.527484623944405,
      0.2661192594549053
    ]
  ],
  "mouth": [
    [
      0.46739247025126135,
      0.35189569547830213
    ],
    [
      0.4833651869925334,
      0.34595099959381287
    ],
    [
      0.49878781926407917,
      0.34150275238705513
    ],
    [
      0.5060185819943691,
      0.34239778945135857
    ],
    [
      0.5130922422782744,
      0.34034851484105294
    ],
    [
      0.5251313306331585,
      0.3421844687047519
    ],
    [
      0.5322111226888002,
      0.34532846218858493
    ],
    [
      0.5263573783918638,
      0.3551831890275146
    ],
    [
      0.5184272225500648,
      0.3612252261537148
    ],
    [
      0.5072276866995922,
      0.36360954053276645
    ],
    [
      0.4957903994681589,
      0.3639275680326421
    ],
    [
      0.4833378844720647,
      0.3603034815260848
    ],
    [
      0.4712066420424782,
      0.35171484608083764
    ],
    [
      0.4957903510594347,
      0.34899034699580656
    ],
    [
      0.5049999494827704,
      0.3481716952614172
    ],
    [
      0.5143224693235054,
      0.34680663663170946
    ],
    [
      0.5302760000737389,
      0.3451547841541036
    ],
    [
      0.5145196703297983,
      0.3509656509990977
    ],
    [
      0.505549582137737,
      0.35242117073039547
    ],
    [
      0.496259592959688,
      0.35306264975595636
    ]
  ]
}
