{
  "steersLeft": true,
  "leftEye": [
    [
      0.3922312347261128,
      0.29853219182702345
    ],
    [
      0.4003889240872505,
      0.29484544833693305
    ],
    [
      0.4139827942378172,
      0.2945758583230067
    ],
    [
      0.42806021785213433,
      0.30060555841486253
    ],
    [
      0.4159561637345683,
      0.3046780208080178
    ],
    [
      0.401821560176643,
      0.30298200956169075
    ]
  ],
  "rightEye": [
    [
      0.4871758983731408,
      0.2997828418707015
    ],
    [
      0.5013909367923791,
      0.294004460913679
    ],
    [
      0.5144196785002852,
      0.29335147693040337
    ],
    [
      0.5264920269048278,
      0.2980318102930168
    ],
    [
      0.5149012084728807,
      0.30334739614443473
    ],
    [
      0.49961628718183876,
      0.3029964613496669
    ]
  ],
  "mouth": [
    [
      0.4197073072862669,
      0.38602466159647525
    ],
    [
      0.43212314440228317,
      0.3814208464523098
    ],
    [
      0.447136178107584,
      0.3770414897087834
    ],
    [
      0.455536747329646,
      0.379104902480408
    ],
    [
      0.4643550956739335,
      0.3774996070477521
    ],
    [
      0.4821251948245521,
      0.38010175965977927
    ],
    [
      0.4975819692611778,
      0.3846770308177404
    ],
    [
      0.48277187648815323,
      0.39124594193656514
    ],
    [
      0.4696622386499826,
      0.39602227336225154
    ],
    [
      0.45706071031983786,
      0.3969242236474403
    ],
    [
      0.4447680755298059,
      0.39653566832524245
    ],
    [
      0.4326869194992464,
      0.39315547509533316
    ],
    [
      0.42304450111835606,
      0.38616712113492085
    ],
    [
      0.4453347487882945,
      0.3854994001717999
    ],
    [
      0.45577381346114404,
      0.3851518628801685
    ],
    [
      0.46786757170758553,
      0.38430974088926123
    ],
    [
      0.4953915509647854,
      0.383427307647637
    ],
    [
      0.4668023537444233,
      0.38541324742803457
    ],
    [
      0.45608214129405206,
      0.38537467212782534
    ],
    [
      0.44565047433080174,
      0.3853159474020808
    ]
  ]
}
