{
  "steersLeft": true,
  "leftEye": [
    [
      0.37967248769500744,
      0.27400150195195294
    ],
    [
      0.38844753984700836,
      0.2703745699709034
    ],
    [
      0.40259930890321943,
      0.27041455135857234
    ],
    [
      0.41747348110171567,
      0.2767092079780136
    ],
    [
      0.40465264387327987,
      0.28044008830321543
    ],
    [
      0.389477726797111,
      0.27898173047039215
    ]
  ],
  "rightEye": [
    [
      0.48268188529486555,
      0.2767847026292927
    ],
    [
      0.4983284483320767,
      0.27097966950649816
    ],
    [
      0.5124792575341771,
      0.27064285650541525
    ],
    [
      0.525902685527085,
      0.27565288992444154
    ],
    [
      0.5127547544846055,
      0.2812376468157945
    ],
    [
      0.4958489945988894,
      0.28019532387979995
    ]
  ],
  "mouth": [
    [
      0.40809755086610666,
      0.3654786982646352
    ],
    [
      0.4183291063483599,
      0.3602569527905952
    ],
    [
      0.4333970373325277,
      0.35638766832453733
    ],
    [
      0.4422160451565963,
      0.3583663716786708
    ],
    [
      0.4507045432152274,
      0.3570897871850174
    ],
    [
      0.47085482643266824,
      0.3609161854932002
    ],
    [
      0.48746707798787936,
      0.3662457925917039
    ],
    [
      0.4710149715037979,
      0.3736578914629427
    ],
    [
      0.4567025303977298,
      0.37856831084661874
    ],
    [
      0.4431755981365556,
      0.37937173764777155
    ],
    [
      0.42983810531755506,
      0.3783245712522422
    ],
    [
      0.418901659325369,
      0.37391015606830624
    ],
    [
      0.4108906416351195,
      0.3653489823241036
    ],
    [
      0.4312938652313883,
      0.3648449492089624
    ],
    [
      0.4421649470407052,
      0.3646272024122508
    ],
    [
      0.45506481225758544,
      0.3647500121800226
    ],
    [
      0.48575671206602616,
      0.3649001985910406
    ],
    [
      0.4544277326174705,
      0.36739800069994627
    ],
    [
      0.44253910193717455,
      0.3674245940343729
    ],
    [
      0.4318048934419709,
      0.3667626980817812
    ]
  ]
}
