{
  "steersLeft": false,
  "leftEye": [
    [
      0.4523294964812649,
      0.34169908952271666
    ],
    [
      0.4648867122490939,
      0.3379443731798214
    ],
    [
      0.47852513159503884,
      0.33820269663419505
    ],
    [
      0.4923049155038033,
      0.3453717248279046
    ],
    [
      0.48037838571448416,
      0.3493087796716055
    ],
    [
      0.46430927751137024,
      0.3476683557688825
    ]
  ],
  "rightEye": [
    [
      0.5518128156866694,
      0.34591795754113364
    ],
    [
      0.5672292852217322,
      0.33893040647788775
    ],
    [
      0.5807981148780134,
      0.3389041150371699
    ],
    [
      0.590459382605049,
      0.3439845558951221
    ],
    [
      0.5802621566038756,
      0.3495179083012217
    ],
    [
      0.5654281561331196,
      0.3497153646071165
    ]
  ],
  "mouth": [
    [
      0.4873612908446526,
      0.43465928300640244
    ],
    [
      0.5026162164878037,
      0.4295484010183307
    ],
    [
      0.5187896503935501,
      0.4263595052524755
    ],
    [
      0.5265928061701471,
      0.42823695409448537
    ],
    [
      0.5346412067709457,
      0.4271980024339028
    ],
    [
      0.5491875362395505,
      0.43157936116703577
    ],
    [
      0.559023921209803,
      0.4373021606460261
    ],
    [
      0.5491157445572911,
      0.4439667733898441
    ],
    [
      0.5385841350545518,
      0.4482528796749182
    ],
    [
      0.5261245381569456,
      0.4489523003031702
    ],
    [
      0.5140654349660858,
      0.448229402043984
    ],
    [
      0.5020867297186226,
      0.44332794487603194
    ],
    [
      0.4909071040513727,
      0.4345289712742504
    ],
    [
      0.5149912972115862,
      0.4341006072696724
    ],
    [
      0.5248114950148953,
      0.4345146936830386
    ],
    [
      0.5356712014143852,
      0.43452529609412477
    ],
    [
      0.5572073277457096,
      0.4362783691034618
    ],
    [
      0.5361814249506305,
      0.4376756870945189
    ],
    [
      0.526081170669184,
      0.4372594971241071
    ],
    [
      0.5156580471222637,
      0.43666600389145005
    ]
  ]
}
