{
  "steersLeft": true,
  "leftEye": [
    [
      0.41687709868735506,
      0.36761728537884136
    ],
    [
      0.42382158003041587,
      0.3645449112908341
    ],
    [
      0.4384757807524643,
      0.36588288221720033
    ],
    [
      0.45280673516642445,
      0.37316925519583904
    ],
    [
      0.4394371778662048,
      0.376144719600204
    ],
    [
      0.4248217644925946,
      0.3735576995160137
    ]
  ],
  "rightEye": [
    [
      0.515811348794759,
      0.3776248553565965
    ],
    [
      0.531792067631179,
      0.37272618634810156
    ],
    [
      0.5463837484848314,
      0.37287047352414077
    ],
    [
      0.5607572263476961,
      0.37836501705801595
    ],
    [
      0.5463757057463888,
      0.38380840105301695
    ],
    [
      0.5289152702720382,
      0.3815765018683725
    ]
  ],
  "mouth": [
    [
      0.4411945668280857,
      0.45974485433803547
    ],
    [
      0.4479504027042462,
      0.45578550138082863
    ],
    [
      0.46022849874296107,
      0.4526261693413979
    ],
    [
      0.46848612737778833,
      0.4550835613193421
    ],
    [
      0.4772546263414175,
      0.4544408528292025
    ],
    [
      0.49689627272624887,
      0.45916039389304153
    ],
    [
      0.5156091576631133,
      0.4652245446851041
    ],
    [
      0.49759709523689255,
      0.471258141459262
    ],
    [
      0.482286399087813,
      0.4756358683448218
    ],
    [
      0.46931529322144955,
      0.47564534125507435
    ],
    [
      0.45717945426921336,
      0.4735632162873804
    ],
    [
      0.44799684629797526,
      0.46868587103280435
    ],
    [
      0.4445266531199271,
      0.46013792834897904
    ],
    [
      0.4594680550625589,
      0.4610869276039509
    ],
    [
      0.4689694554684228,
      0.4617302313862649
    ],
    [
      0.48123715300091335,
      0.4623318517752409
    ],
    [
      0.5129994454762319,
      0.4637905634839242
    ],
    [
      0.4804190574253829,
      0.4641717834159179
    ],
    [
      0.4691934006431782,
      0.4630487776701596
    ],
    [
      0.4595529731293177,
      0.46164016109206035
    ]
  ]
}
