{
  "steersLeft": false,
  "leftEye": [
    [
      0.46143230069146246,
      0.41423776208534063
    ],
    [
      0.48790784238188567,
      0.41355295997143127
    ],
    [
      0.5095961448692269,
      0.41795698540990656
    ],
    [
      0.5269544075515654,
      0.4322786026360707
    ],
    [
      0.5072891432047241,
      0.4352806488185406
    ],
    [
      0.4809306937912313,
      0.42747984869839856
    ]
  ],
  "rightEye": [
    [
      0.6210607708330308,
      0.45057071655149056
    ],
    [
      0.6489586591343307,
      0.4449231695474266
    ],
    [
      0.6712156333169871,
      0.44904957250729
    ],
    [
      0.6800989947202465,
      0.45958766233240017
    ],
    [
      0.6650911761454478,
      0.4647800816776821
    ],
    [
      0.6428676127420738,
      0.46111801637981387
    ]
  ],
  "mouth": [
    [
      0.47148269302808726,
      0.5708151183326715
    ],
    [
      0.5094832113772704,
      0.5626129466873664
    ],
    [
      0.54205090940594,
      0.5611290367777775
    ],
    [
      0.5534005707981368,
      0.5668273114008903
    ],
    [
      0.5675076190275361,
      0.5671079053501334
    ],
    [
      0.5814355023042816,
      0.5795596637482776
    ],
    [
      0.5829889770913751,
      0.5931355196331842
    ],
    [
      0.5699623137584047,
      0.598610721340635
    ],
    [
      0.5529604982881761,
      0.6009171633615079
    ],
    [
      0.5325713243569141,
      0.5995283612553699
    ],
    [
      0.5145485271756253,
      0.5946073777142442
    ],
    [
      0.49505544495666753,
      0.5851636395547083
    ],
    [
      0.4778033717906526,
      0.5708270042151965
    ],
    [
      0.5284643555959266,
      0.5742723958901758
    ],
    [
      0.5451078130609495,
      0.5779787791426946
    ],
    [
      0.559561445438095,
      0.5806445150051319
    ],
    [
      0.5813935491558638,
      0.5902484325448746
    ],
    [
      0.5563439789632201,
      0.5832831186959415
    ],
    [
      0.5403201242594918,
      0.5800878491352501
    ],
    [
      0.522516618685874,
      0.5768315114451459
    ]
  ]
}
