{
  "steersLeft": true,
  "leftEye": [
    [
      0.44393335536161044,
      0.3186789253556952
    ],
    [
      0.4462187782579401,
      0.31631167938085425
    ],
    [
      0.4564004975402293,
      0.31729761434326864
    ],
    [
      0.46787124210602726,
      0.32273158683429676
    ],
    [
      0.45761341650712245,
      0.3254336560360694
    ],
    [
      0.44768117761943876,
      0.32350937481831177
    ]
  ],
  "rightEye": [
    [
      0.513121078350118,
      0.32607298318636263
    ],
    [
      0.5243526260047094,
      0.3226595711162502
    ],
    [
      0.5356346484510214,
      0.32241423942875974
    ],
    [
      0.5484436450167717,
      0.32665596093249644
    ],
    [
      0.5361595100866345,
      0.3311800674759734
    ],
    [
      0.5227622759364788,
      0.32961855632331877
    ]
  ],
  "mouth": [
    [
      0.45903713538826635,
      0.39608569169440744
    ],
    [
      0.45907435430678384,
      0.39202275489391514
    ],
    [
      0.46534415242320654,
      0.38898429422537106
    ],
    [
      0.47163869527419605,
      0.39057632841873735
    ],
    [
      0.47817635005147074,
      0.39001614778644605
    ],
    [
      0.49531708746211534,
      0.39398337102242326
    ],
    [
      0.5140594207561162,
      0.3998849175726367
    ],
    [
      0.4981323642951653,
      0.4047097454985967
    ],
    [
      0.4855379447135823,
      0.4083889165853952
    ],
    [
      0.4757740744651469,
      0.40835138605931387
    ],
    [
      0.46680104383144416,
      0.4067247916129303
    ],
    [
      0.4616402065801749,
      0.40299916845785033
    ],
    [
      0.4613421596352589,
      0.3960863136288396
    ],
    [
      0.46736059539093505,
      0.39621916096816034
    ],
    [
      0.47391976304469136,
      0.3964759769966318
    ],
    [
      0.48350282002960543,
      0.3972566119391253
    ],
    [
      0.5117095643314177,
      0.3985375395172915
    ],
    [
      0.4836590462101739,
      0.398727647716405
    ],
    [
      0.4752241199476529,
      0.3976762461127453
    ],
    [
      0.4682735558870936,
      0.3969321980716775
    ]
  ]
}
