{
  "steersLeft": false,
  "leftEye": [
    [
      0.47867053774544416,
      0.2557689421709256
    ],
    [
      0.48927110677345376,
      0.25108430283021893
    ],
    [
      0.5008582398022513,
      0.2500670605347534
    ],
    [
      0.5130457883553167,
      0.2552279731465096
    ],
    [
      0.5036293537291434,
      0.2595966857271852
    ],
    [
      0.49011669355050436,
      0.259145826809333
    ]
  ],
  "rightEye": [
    [
      0.5651207013537848,
      0.2526727153243059
    ],
    [
      0.5782903177448496,
      0.24694925016234295
    ],
    [
      0.589264779452394,
      0.24662429114735324
    ],
    [
      0.5964906108709099,
      0.25131609187382004
    ],
    [
      0.5896161122993091,
      0.2556500631673083
    ],
    [
      0.5771934752767964,
      0.25545129188121163
    ]
  ],
  "mouth": [
    [
      0.5127489625926088,
      0.3393926492813718
    ],
    [
      0.5304362585580696,
      0.3338411156281568
    ],
    [
      0.5473918020542632,
      0.3296371423319659
    ],
    [
      0.5548298934461007,
      0.3309979289803937
    ],
    [
      0.561933056268613,
      0.3292418064260067
    ],
    [
      0.5750006911536214,
      0.3318299106806965
    ],
    [
      0.5827017409026997,
      0.335967464693838
    ],
    [
      0.574675134199528,
      0.34272801844137296
    ],
    [
      0.5663041324893853,
      0.3468722883952272
    ],
    [
      0.5548642665711081,
      0.34834217481523433
    ],
    [
      0.5430857582056312,
      0.34844591554024495
    ],
    [
      0.5303954375089229,
      0.34561300839357284
    ],
    [
      0.5161304167897477,
      0.3391565771123161
    ],
    [
      0.5431098905099468,
      0.337734620579396
    ],
    [
      0.5534009196699298,
      0.33697355373061977
    ],
    [
      0.5634401953212376,
      0.3360992067798205
    ],
    [
      0.5814012040860392,
      0.3353174027508433
    ],
    [
      0.5631260012530662,
      0.33695897054507196
    ],
    [
      0.553580323676865,
      0.33764485997586924
    ],
    [
      0.5436618517807558,
      0.3379926497627821
    ]
  ]
}
