{
  "steersLeft": true,
  "leftEye": [
    [
      0.3982948155893531,
      0.3886820502127746
    ],
    [
      0.40824495916837145,
      0.3835335440241975
    ],
    [
      0.4238345740635821,
      0.38371446872275683
    ],
    [
      0.4396968453196352,
      0.3913400208243811
    ],
    [
      0.4256934859793056,
      0.39510344580673923
    ],
    [
      0.4092682170314113,
      0.3933298546294278
    ]
  ],
  "rightEye": [
    [
      0.5057749423236537,
      0.39067217408384625
    ],
    [
      0.52188685203039,
      0.3828531415685883
    ],
    [
      0.5369271152861197,
      0.38204459368078236
    ],
    [
      0.5510440348782739,
      0.38838002454262144
    ],
    [
      0.537833695480201,
      0.3937841809003063
    ],
    [
      0.520083220351203,
      0.39348557864675376
    ]
  ],
  "mouth": [
    [
      0.43330366978890905,
      0.46899455896618825
    ],
    [
      0.4449543399065268,
      0.46507567134468036
    ],
    [
      0.4595759673720356,
      0.461957863207724
    ],
    [
      0.46825932693161715,
      0.4639184545324222
    ],
    [
      0.47734742134589747,
      0.46261364192661064
    ],
    [
      0.4961890022749931,
      0.46542209305432497
    ],
    [
      0.5122960495952561,
      0.46956200461166975
    ],
    [
      0.496202589508162,
      0.476247701354867
    ],
    [
      0.48195432666204135,
      0.48103316600683876
    ],
    [
      0.4690893539483418,
      0.4818202203209593
    ],
    [
      0.4563261776482253,
      0.48099259501382846
    ],
    [
      0.44401207606977966,
      0.47690794262798175
    ],
    [
      0.436814861801644,
      0.4692425622298723
    ],
    [
      0.45815969927974426,
      0.4691496136003799
    ],
    [
      0.46822119248931754,
      0.4695238943985624
    ],
    [
      0.48106298063848285,
      0.4691023997766473
    ],
    [
      0.509864209347576,
      0.4685098618262493
    ],
    [
      0.4794799209263241,
      0.4706664485326428
    ],
    [
      0.468190851589853,
      0.4705519393911514
    ],
    [
      0.4575819281677114,
      0.47006714024997304
    ]
  ]
}
