{
  "steersLeft": false,
  "leftEye": [
    [
      0.4355829498296963,
      0.2983202530363355
    ],
    [
      0.44619446903311466,
      0.29613015926475206
    ],
    [
      0.45765709189614323,
      0.2959622861988061
    ],
    [
      0.4687645681414568,
      0.30027359625200095
    ],
    [
      0.458625386459329,
      0.30251016288166405
    ],
    [
      0.4457158752856371,
      0.3013934623245028
    ]
  ],
  "rightEye": [
    [
      0.5205492790276688,
      0.30246647361516443
    ],
    [
      0.5335590107136124,
      0.2991145326175946
    ],
    [
      0.5445531344163445,
      0.29992665249034384
    ],
    [
      0.5528903869516962,
      0.30339664073319506
    ],
    [
      0.5436953816274533,
      0.3061790982574094
    ],
    [
      0.5313120281430835,
      0.3050241889225581
    ]
  ],
  "mouth": [
    [
      0.44974067635347026,
      0.3598764097901682
    ],
    [
      0.46586071204460666,
      0.35713478764815676
    ],
    [
      0.48403183789066284,
      0.3559913688293901
    ],
    [
      0.4924131257958428,
      0.35796430731137185
    ],
    [
      0.5008654082677537,
      0.3574530730692284
    ],
    [
      0.5175707713429833,
      0.3604680214107308
    ],
    [
      0.5297631739237322,
      0.36449291676059115
    ],
    [
      0.5153006226015735,
      0.36945296766827496
    ],
    [
      0.5030463831185125,
      0.3719597090406317
    ],
    [
      0.4904114885399497,
      0.37223086085208706
    ],
    [
      0.4776989804886901,
      0.37102462846170603
    ],
    [
      0.4647834019845294,
      0.3674367944793614
    ],
    [
      0.45273850429221385,
      0.3602622980599498
    ],
    [
      0.47931084276380653,
      0.3612656188082165
    ],
    [
      0.4908358541046445,
      0.3619393604389337
    ],
    [
      0.5032872327150549,
      0.36232575481627527
    ],
    [
      0.5281157765861066,
      0.36394475541129157
    ],
    [
      0.502500550051182,
      0.3651910171607242
    ],
    [
      0.4911758437299306,
      0.36477318788048885
    ],
    [
      0.47959719356095065,
      0.3636797987312652
    ]
  ]
}
