{
  "steersLeft": true,
  "leftEye": [
    [
      0.4103679343829749,
      0.20696829493662572
    ],
    [
      0.413102543310388,
      0.2042232807057326
    ],
    [
      0.42287445258790446,
      0.20404527595683167
    ],
    [
      0.4332292812452201,
      0.20776122518172974
    ],
    [
      0.42415046336472373,
      0.21033248040938046
    ],
    [
      0.4149758080010491,
      0.20962354795914043
    ]
  ],
  "rightEye": [
    [
      0.4731872023350243,
      0.20686450228371367
    ],
    [
      0.48320352418579243,
      0.20306523495569082
    ],
    [
      0.49274874908807204,
      0.20262752744192333
    ],
    [
      0.5040583354196234,
      0.20563914377437809
    ],
    [
      0.49356962379599645,
      0.20902349188358774
    ],
    [
      0.4816884990651403,
      0.20871751887080492
    ]
  ],
  "mouth": [
    [
      0.42497303662381564,
      0.2688611085045526
    ],
    [
      0.4280645304063389,
      0.2636786731427082
    ],
    [
      0.43564422903197375,
      0.2596293956402365
    ],
    [
      0.44182240976598375,
      0.26080470369828446
    ],
    [
      0.44819834449158114,
      0.25984425271658534
    ],
    [
      0.46368186931664074,
      0.2624307311770247
    ],
    [
      0.4795050562381108,
      0.2674528617077242
    ],
    [
      0.4661795234794705,
      0.27035757556478895
    ],
    [
      0.4546050181796014,
      0.2736002358789155
    ],
    [
      0.4453506581304766,
      0.2742032434925685
    ],
    [
      0.43687175201817924,
      0.2739847365646887
    ],
    [
      0.4297725989616971,
      0.27250244992251776
    ],
    [
      0.42716522664552115,
      0.2687379725696109
    ],
    [
      0.43673412123653893,
      0.26632933126284913
    ],
    [
      0.4434020004611748,
      0.26545305032666017
    ],
    [
      0.45278589050944906,
      0.26525711288885967
    ],
    [
      0.4782298912985125,
      0.26623552449199567
    ],
    [
      0.45248524695281217,
      0.2663189869132294
    ],
    [
      0.4443560292025209,
      0.26600685012056524
    ],
    [
      0.4377710832858985,
      0.2661668570046463
    ]
  ]
}
