{
  "steersLeft": false,
  "leftEye": [
    [
      0.35713495991479544,
      0.3115198220413848
    ],
    [
      0.38310652398778794,
      0.30376672327858073
    ],
    [
      0.40655138700952864,
      0.30107975217014665
    ],
    [
      0.4282225017494715,
      0.3108803213945998
    ],
    [
      0.40975187600150254,
      0.3195086016043743
    ],
    [
      0.3817539844671106,
      0.3185355573020079
    ]
  ],
  "rightEye": [
    [
      0.5310133290707169,
      0.30521595194405726
    ],
    [
      0.5581535246137567,
      0.2929639597276917
    ],
    [
      0.580078977420477,
      0.29231277714963005
    ],
    [
      0.5925969774502545,
      0.3005074875278205
    ],
    [
      0.5790394154763177,
      0.30918486646208654
    ],
    [
      0.5552170177563798,
      0.3106452059421996
    ]
  ],
  "mouth": [
    [
      0.41815242549362547,
      0.47542422894074765
    ],
    [
      0.45714936892330377,
      0.46417636938608164
    ],
    [
      0.49022300638966065,
      0.45621334199159524
    ],
    [
      0.5039612865679937,
      0.45862082361534284
    ],
    [
      0.5180641035664114,
      0.45582426733825154
    ],
    [
      0.5386122284679352,
      0.4602119891880442
    ],
    [
      0.5479765437916018,
      0.4680074428839016
    ],
    [
      0.5364179421870757,
      0.4763559220908223
    ],
    [
      0.5217881745154634,
      0.48372041924638853
    ],
    [
      0.5008741712697377,
      0.48566096975036804
    ],
    [
      0.4793413378546201,
      0.4871557262191212
    ],
    [
      0.4536973292535513,
      0.4826677647456927
    ],
    [
      0.42525390265404905,
      0.47449904305905827
    ],
    [
      0.48015480826757856,
      0.4708100679964018
    ],
    [
      0.4984754963367271,
      0.46967803405157427
    ],
    [
      0.5168424818937388,
      0.4673703305430665
    ],
    [
      0.5460103762339422,
      0.4662508265511934
    ],
    [
      0.5171978367265335,
      0.4656453275354921
    ],
    [
      0.5007461004340257,
      0.46614924855320883
    ],
    [
      0.4809952582211142,
      0.46769906297361835
    ]
  ]
}
