{
  "steersLeft": true,
  "leftEye": [
    [
      0.41847839051342206,
      0.3213894461300388
    ],
    [
      0.42315819846460945,
      0.31988559682912426
    ],
    [
      0.43508622848069867,
      0.31964288682219777
    ],
    [
      0.4478226412991516,
      0.3252039340641397
    ],
    [
      0.4367718859992876,
      0.32901080142891975
    ],
    [
      0.4250776496161236,
      0.3270729282408724
    ]
  ],
  "rightEye": [
    [
      0.4987916857016828,
      0.32535857352732733
    ],
    [
      0.5108730909159869,
      0.32000132012934057
    ],
    [
      0.5229642209996548,
      0.31945742335216065
    ],
    [
      0.5369349148855558,
      0.32251929292478543
    ],
    [
      0.5248748946670803,
      0.32869828974085047
    ],
    [
      0.5098829680383213,
      0.3282597960309949
    ]
  ],
  "mouth": [
    [
      0.44764517255489833,
      0.4049340824898126
    ],
    [
      0.45108095027734346,
      0.40125867165446555
    ],
    [
      0.45881481256084095,
      0.3975125774756956
    ],
    [
      0.46557991267057125,
      0.399684692612025
    ],
    [
      0.472819790457472,
      0.3984324451213433
    ],
    [
      0.489842838240574,
      0.40178076608533725
    ],
    [
      0.5066773887431416,
      0.40591954854294166
    ],
    [
      0.4930867259095759,
      0.4137607521407865
    ],
    [
      0.4803642242697801,
      0.4193124086542559
    ],
    [
      0.4696240979778571,
      0.4201335848012547
    ],
    [
      0.4599579260144941,
      0.4186555224133874
    ],
    [
      0.45216807083203636,
      0.41382032243872446
    ],
    [
      0.45040803142337527,
      0.4052218461227151
    ],
    [
      0.46039502690802575,
      0.4053948296290034
    ],
    [
      0.4673857018809858,
      0.40529403307622824
    ],
    [
      0.47752861107055006,
      0.4052191806321006
    ],
    [
      0.5048433318233605,
      0.4047040438151918
    ],
    [
      0.47684050976024783,
      0.40820228837436323
    ],
    [
      0.4679080188654296,
      0.4079141009967989
    ],
    [
      0.4603866299975092,
      0.4069342393085516
    ]
  ]
}
