{
  "steersLeft": false,
  "leftEye": [
    [
      0.41582688197922424,
      0.3179617583558249
    ],
    [
      0.43895951105072445,
      0.3113311152061203
    ],
    [
      0.4625936400402897,
      0.3110875069539532
    ],
    [
      0.4871323692797855,
      0.321832670287825
    ],
    [
      0.46633076047319255,
      0.3284648341650007
    ],
    [
      0.4380894559257913,
      0.32633009121616047
    ]
  ],
  "rightEye": [
    [
      0.5955160922089663,
      0.3224986362736974
    ],
    [
      0.6221679470215756,
      0.31266466519093206
    ],
    [
      0.6459817549852651,
      0.3129450422780154
    ],
    [
      0.6617570481047437,
      0.32189786699789164
    ],
    [
      0.6450232177999937,
      0.3292126122166429
    ],
    [
      0.6192926124916239,
      0.3288513549573917
    ]
  ],
  "mouth": [
    [
      0.4828729027326987,
      0.4594296279633694
    ],
    [
      0.513686143085937,
      0.44664871745482126
    ],
    [
      0.5450360794930134,
      0.43875441122014774
    ],
    [
      0.5577749475437597,
      0.44185233277031094
    ],
    [
      0.5710337931375695,
      0.43993709684735294
    ],
    [
      0.5941541499633811,
      0.44899733510557677
    ],
    [
      0.6082027962898889,
      0.4612379930991985
    ],
    [
      0.5916365389290915,
      0.4648288351617861
    ],
    [
      0.5746848831890133,
      0.46817779451145847
    ],
    [
      0.5543401869879888,
      0.46833373820122454
    ],
    [
      0.5332029197956458,
      0.46849926708232376
    ],
    [
      0.5119065843533149,
      0.464795901427462
    ],
    [
      0.4885915199003631,
      0.45892390671465605
    ],
    [
      0.536712560441928,
      0.4533359244980394
    ],
    [
      0.5546102317983129,
      0.4528179759860229
    ],
    [
      0.5723725483185013,
      0.4529353126551416
    ],
    [
      0.6058510960443798,
      0.45899917504403487
    ],
    [
      0.5712912609737566,
      0.4523174364753593
    ],
    [
      0.5544315501172921,
      0.4511588367135554
    ],
    [
      0.5355035918773657,
      0.4515207800922716
    ]
  ]
}
