{
  "steersLeft": false,
  "leftEye": [
    [
      0.46408303803818596,
      0.2897456582204011
    ],
    [
      0.4772202339494732,
      0.2856276422381074
    ],
    [
      0.4907279473180271,
      0.28514569020764624
    ],
    [
      0.5043491920321174,
      0.29130235475161637
    ],
    [
      0.49274188420529463,
      0.29574633318193755
    ],
    [
      0.4768733665426704,
      0.29445419062277156
    ]
  ],
  "rightEye": [
    [
      0.5646120096059611,
      0.28853086290013685
    ],
    [
      0.5806810715540912,
      0.28182721860931303
    ],
    [
      0.593884350665853,
      0.2811272337909432
    ],
    [
      0.6015829232352657,
      0.28605101963539487
    ],
    [
      0.5931295106357907,
      0.2915132901096955
    ],
    [
      0.578708235419625,
      0.2918918261120163
    ]
  ],
  "mouth": [
    [
      0.49380030723837653,
      0.3718264596654801
    ],
    [
      0.5148254519251967,
      0.36806441152561536
    ],
    [
      0.5348076904547676,
      0.3650402268088479
    ],
    [
      0.5435055054145523,
      0.36666612167804946
    ],
    [
      0.5521652915373237,
      0.36472155413292184
    ],
    [
      0.5670008312524589,
      0.3656230751836887
    ],
    [
      0.575214837981159,
      0.3680302515381429
    ],
    [
      0.5656931759191839,
      0.37905345124936196
    ],
    [
      0.5552600431329949,
      0.38529594532642036
    ],
    [
      0.5417578259029292,
      0.3873113076503902
    ],
    [
      0.5282470036075538,
      0.38704625999984327
    ],
    [
      0.513417903812263,
      0.38226191268533644
    ],
    [
      0.49766583211407045,
      0.3718585167107809
    ],
    [
      0.5295452396327802,
      0.37254675582775254
    ],
    [
      0.5413677666199271,
      0.3724484432812241
    ],
    [
      0.5529158752985232,
      0.37091757831711225
    ],
    [
      0.5736155727142306,
      0.36746339321749816
    ],
    [
      0.5527668503717741,
      0.37403821627178074
    ],
    [
      0.5414562414957234,
      0.37539415235109524
    ],
    [
      0.529970237331491,
      0.37553633175841333
    ]
  ]
}
