{
  "steersLeft": false,
  "leftEye": [
    [
      0.4884139351738304,
      0.2998619281520968
    ],
    [
      0.5028254814773596,
      0.2951159616241744
    ],
    [
      0.5191225173722572,
      0.29386041075953384
    ],
    [
      0.535650618515877,
      0.30019898101336107
    ],
    [
      0.5221476994358656,
      0.3051537605351638
    ],
    [
      0.5036548873435309,
      0.3042040564084309
    ]
  ],
  "rightEye": [
    [
      0.6083541123024063,
      0.29661542216247333
    ],
    [
      0.6271482706595414,
      0.28925701753252836
    ],
    [
      0.6425536139455982,
      0.28869021023771513
    ],
    [
      0.6538748768909688,
      0.2938189956379343
    ],
    [
      0.6429861088673579,
      0.29936612722433575
    ],
    [
      0.6254902157814859,
      0.2996016172587158
    ]
  ],
  "mouth": [
    [
      0.5327146269996796,
      0.39779466542755837
    ],
    [
      0.5554130300233456,
      0.39138077132851296
    ],
    [
      0.5783324699764278,
      0.3869509422087272
    ],
    [
      0.5887414160336307,
      0.3886502837955346
    ],
    [
      0.598922407040198,
      0.3867986907774759
    ],
    [
      0.6184796400807374,
      0.38926969898638464
    ],
    [
      0.6303514435649796,
      0.3942183382597897
    ],
    [
      0.6183028199978831,
      0.40352411858549053
    ],
    [
      0.6056174691099568,
      0.4094190985847527
    ],
    [
      0.5891047297431982,
      0.41124788284455516
    ],
    [
      0.5726113138124604,
      0.4112559609464376
    ],
    [
      0.5551042807775481,
      0.4070910757490536
    ],
    [
      0.5370375539972283,
      0.39776131355838934
    ],
    [
      0.5731063438197027,
      0.39618415326255385
    ],
    [
      0.5871521402889273,
      0.39542161905342627
    ],
    [
      0.6016561174222845,
      0.3944155686811181
    ],
    [
      0.6288908803524985,
      0.3932016853787608
    ],
    [
      0.6011660542713023,
      0.397338579359144
    ],
    [
      0.5876476433300991,
      0.39839468723410976
    ],
    [
      0.5739137890856962,
      0.3985623672459785
    ]
  ]
}
