{
  "steersLeft": false,
  "leftEye": [
    [
      0.4919270646023579,
      0.28700182288039744
    ],
    [
      0.5061143133164699,
      0.2853150337575587
    ],
    [
      0.5197873404611798,
      0.28625300512007684
    ],
    [
      0.5318156010763273,
      0.2928836295083324
    ],
    [
      0.5201464939226113,
      0.29588602719707924
    ],
    [
      0.5041167718458194,
      0.2933032484339058
    ]
  ],
  "rightEye": [
    [
      0.590807623994492,
      0.2968710909172517
    ],
    [
      0.6074332145209128,
      0.2923712319682149
    ],
    [
      0.6205652685273062,
      0.2930079432374575
    ],
    [
      0.6272885565391908,
      0.2973732852133604
    ],
    [
      0.6179057622136281,
      0.3022019373911548
    ],
    [
      0.6038513250300841,
      0.30101101210649583
    ]
  ],
  "mouth": [
    [
      0.5072428382602018,
      0.3695864983176599
    ],
    [
      0.5282002448268368,
      0.3703157478423416
    ],
    [
      0.5467004014994611,
      0.3711151461718284
    ],
    [
      0.5543228334003989,
      0.37375621201797327
    ],
    [
      0.5622558928726253,
      0.37336502757452583
    ],
    [
      0.5745064917824723,
      0.37535604222109853
    ],
    [
      0.5809677782041146,
      0.3765579699437906
    ],
    [
      0.569341564552392,
      0.38087406233907145
    ],
    [
      0.5588779704460071,
      0.3836921166122102
    ],
    [
      0.5468724122677443,
      0.3834818264312135
    ],
    [
      0.5351205390355102,
      0.3819424585609602
    ],
    [
      0.5226028429984849,
      0.377423779493999
    ],
    [
      0.5107175940869506,
      0.36981560861658097
    ],
    [
      0.5404614988683837,
      0.3764207729666355
    ],
    [
      0.5510380319112862,
      0.3778931407363597
    ],
    [
      0.56150752228184,
      0.3778293734657935
    ],
    [
      0.579362920647769,
      0.3757609030976226
    ],
    [
      0.5587881616075098,
      0.37501767669098296
    ],
    [
      0.5494993071450318,
      0.37418388297356536
    ],
    [
      0.5388148397108167,
      0.37297524923184283
    ]
  ]
}
