{
  "steersLeft": false,
  "leftEye": [
    [
      0.43822855076727785,
      0.333806643734839
    ],
    [
      0.45564451095000585,
      0.327659195243964
    ],
    [
      0.4735852313066982,
      0.32749035656814096
    ],
    [
      0.49122788615850604,
      0.33658419570432263
    ],
    [
      0.47630080927993695,
      0.3424604375951715
    ],
    [
      0.4553434134621205,
      0.3405508332747687
    ]
  ],
  "rightEye": [
    [
      0.568262500275769,
      0.3354369695358985
    ],
    [
      0.5879484050650722,
      0.3258625607101446
    ],
    [
      0.6048451353199831,
      0.3253329331995466
    ],
    [
      0.6151624624632268,
      0.33245690674936706
    ],
    [
      0.6044317863266199,
      0.33957973482008075
    ],
    [
      0.5860906511662194,
      0.3396583402334612
    ]
  ],
  "mouth": [
    [
      0.49083172975788886,
      0.4483097859563102
    ],
    [
      0.5146536568111952,
      0.4414778189292891
    ],
    [
      0.5378420811092062,
      0.436823696114219
    ],
    [
      0.5476519201614225,
      0.4388710545982813
    ],
    [
      0.5575722278676892,
      0.4370013030617657
    ],
    [
      0.5736104867709444,
      0.440917473624659
    ],
    [
      0.5815006377097528,
      0.4468854362526178
    ],
    [
      0.5725795444162337,
      0.4559913358828481
    ],
    [
      0.5616886387659907,
      0.46154376154332843
    ],
    [
      0.546511054228257,
      0.4635354942434292
    ],
    [
      0.5309232094588686,
      0.46307441830081414
    ],
    [
      0.5138729495778512,
      0.4581688174970962
    ],
    [
      0.4957992421315634,
      0.4484575939653673
    ],
    [
      0.5318462949800913,
      0.44706816901314594
    ],
    [
      0.5446878899182444,
      0.4468561812106825
    ],
    [
      0.5581250026561213,
      0.44589900568369867
    ],
    [
      0.5795370255879294,
      0.44594205592005653
    ],
    [
      0.5581979065170387,
      0.4476728830912352
    ],
    [
      0.5458421783379527,
      0.44821864207918205
    ],
    [
      0.5326588891357803,
      0.4483342942646809
    ]
  ]
}
