{
  "steersLeft": false,
  "leftEye": [
    [
      0.4148644784770921,
      0.15356736357475453
    ],
    [
      0.4236690896224158,
      0.15135402848133897
    ],
    [
      0.43420430213233674,
      0.1513556602827063
    ],
    [
      0.4448487850190248,
      0.15509628130449843
    ],
    [
      0.4357441186967966,
      0.15768441075554304
    ],
    [
      0.4238747718392638,
      0.15687045014805848
    ]
  ],
  "rightEye": [
    [
      0.49085081167853,
      0.15395224673957789
    ],
    [
      0.5026075511923226,
      0.14982391464530315
    ],
    [
      0.5130000760818786,
      0.14921238988981383
    ],
    [
      0.5210336439684256,
      0.15222893090991382
    ],
    [
      0.5130582521252377,
      0.15579302966087036
    ],
    [
      0.5014451720979549,
      0.1561393291495345
    ]
  ],
  "mouth": [
    [
      0.4447536848584263,
      0.2113196706448506
    ],
    [
      0.4550270983769647,
      0.2079020291493609
    ],
    [
      0.4658245380430732,
      0.2055130719475769
    ],
    [
      0.471007724470629,
      0.20657849437886763
    ],
    [
      0.47633514127110127,
      0.20587226554427465
    ],
    [
      0.4872819424915208,
      0.2085619098927244
    ],
    [
      0.49567824072691824,
      0.21162459965300529
    ],
    [
      0.4879092786899206,
      0.21438240150844046
    ],
    [
      0.48005238655374305,
      0.21635495752805917
    ],
    [
      0.4714555440791588,
      0.2167973853254839
    ],
    [
      0.4628330932714698,
      0.2165184500499415
    ],
    [
      0.45462727400420605,
      0.2144059454838362
    ],
    [
      0.44734083331375124,
      0.21109227891879537
    ],
    [
      0.4636790110010044,
      0.21088057221545495
    ],
    [
      0.47031967042510653,
      0.21075146672188289
    ],
    [
      0.477964369520892,
      0.21072031041366016
    ],
    [
      0.4943016568972012,
      0.21099219236137806
    ],
    [
      0.47775715134775903,
      0.20961901301427338
    ],
    [
      0.4710473059281667,
      0.20953870536914726
    ],
    [
      0.46391410746033573,
      0.20944469388080023
    ]
  ]
}
