{
  "steersLeft": false,
  "leftEye": [
    [
      0.42651504333724516,
      0.23617629910202578
    ],
    [
      0.43745707326060784,
      0.23251686811557398
    ],
    [
      0.4496022861221502,
      0.2320496755918003
    ],
    [
      0.46225737235983433,
      0.23694409811213024
    ],
    [
      0.45185623387580554,
      0.24039771589369874
    ],
    [
      0.4375409165461,
      0.2394881857667123
    ]
  ],
  "rightEye": [
    [
      0.5188737237321025,
      0.2370302165496922
    ],
    [
      0.5335461784015787,
      0.23248990132111477
    ],
    [
      0.5455617340405265,
      0.23284222543529562
    ],
    [
      0.5541212587970821,
      0.2372875748168542
    ],
    [
      0.5450810313914032,
      0.24097109376577164
    ],
    [
      0.5314887098864303,
      0.24007350627198404
    ]
  ],
  "mouth": [
    [
      0.45833549484805797,
      0.31224263599625107
    ],
    [
      0.4736988962077223,
      0.3071402938754117
    ],
    [
      0.48937767651737546,
      0.3039094609857218
    ],
    [
      0.4965692445413381,
      0.30543221245783386
    ],
    [
      0.5037121975510238,
      0.30433174811301367
    ],
    [
      0.5170423347955428,
      0.30786616492992575
    ],
    [
      0.5254557911104744,
      0.31296484756499593
    ],
    [
      0.5163805588323732,
      0.31798374464506285
    ],
    [
      0.5068832231270237,
      0.32121594710278006
    ],
    [
      0.49533671903091453,
      0.32189516519200934
    ],
    [
      0.4835274292160624,
      0.32143123224014075
    ],
    [
      0.4724079433206491,
      0.3182194199112153
    ],
    [
      0.46135371564959665,
      0.31212906045887606
    ],
    [
      0.48537868346068286,
      0.3111722254522237
    ],
    [
      0.4949932176097824,
      0.31097926975198154
    ],
    [
      0.5049408737283976,
      0.3108195890765326
    ],
    [
      0.5242497813183362,
      0.3120680544206642
    ],
    [
      0.5045777132134751,
      0.3123099639604773
    ],
    [
      0.4952395921094958,
      0.31234006158744715
    ],
    [
      0.4853413930467623,
      0.3121262117573791
    ]
  ]
}
