{
  "steersLeft": false,
  "leftEye": [
    [
      0.479127006875182,
      0.24990015648619562
    ],
    [
      0.4892347069031956,
      0.24639831999961975
    ],
    [
      0.49951318686329255,
      0.24602499340037134
    ],
    [
      0.5099105500438819,
      0.2510117647088512
    ],
    [
      0.5012708921059568,
      0.25437738823222705
    ],
    [
      0.4895109468153623,
      0.253495459608403
    ]
  ],
  "rightEye": [
    [
      0.5524896911484752,
      0.24905384203010122
    ],
    [
      0.5634727031749885,
      0.2433874882953467
    ],
    [
      0.5730600483704495,
      0.24259321455405758
    ],
    [
      0.5785461202409704,
      0.24634183456992517
    ],
    [
      0.5730003246776151,
      0.2504160182935667
    ],
    [
      0.5629792856084549,
      0.2509587226446949
    ]
  ],
  "mouth": [
    [
      0.5105187849508418,
      0.31325391255426166
    ],
    [
      0.5248138615821294,
      0.30768983634771324
    ],
    [
      0.5394239369216828,
      0.3045464927459789
    ],
    [
      0.5455331584107294,
      0.30544787405352053
    ],
    [
      0.5518849968643479,
      0.3042182072332286
    ],
    [
      0.5608161985054373,
      0.30643325090074786
    ],
    [
      0.5645316087882035,
      0.3111647542076156
    ],
    [
      0.560962609095754,
      0.31926341251333723
    ],
    [
      0.5549288819858583,
      0.32379777762099626
    ],
    [
      0.5455540908841787,
      0.325231876783319
    ],
    [
      0.5359207824384669,
      0.325264607163089
    ],
    [
      0.5250089071014644,
      0.3215350815049457
    ],
    [
      0.513622692059418,
      0.3133055016801439
    ],
    [
      0.5358728608217408,
      0.31031201688080595
    ],
    [
      0.5442032978809676,
      0.3100793111453325
    ],
    [
      0.5521138015090787,
      0.3092493594248355
    ],
    [
      0.5633383281084395,
      0.3106628033025043
    ],
    [
      0.552280509076439,
      0.3158191045286967
    ],
    [
      0.5450259674322978,
      0.31648800589522635
    ],
    [
      0.5367749803931153,
      0.3164308798964616
    ]
  ]
}
