{
  "steersLeft": false,
  "leftEye": [
    [
      0.46370510132526294,
      0.2693097449499942
    ],
    [
      0.47523157844201175,
      0.26655482095552674
    ],
    [
      0.48736407431583045,
      0.26633056569095664
    ],
    [
      0.49915111591762296,
      0.27230937887757367
    ],
    [
      0.48887538762991095,
      0.2763022202986391
    ],
    [
      0.47478814899391114,
      0.2745369506392723
    ]
  ],
  "rightEye": [
    [
      0.5525808139412841,
      0.27171982790550453
    ],
    [
      0.5675257216772038,
      0.2664357421339683
    ],
    [
      0.5790198917275052,
      0.26631547400159905
    ],
    [
      0.5858820305434101,
      0.2703497196903341
    ],
    [
      0.5781007704248875,
      0.27555389263980956
    ],
    [
      0.5650564506975216,
      0.27537851731086305
    ]
  ],
  "mouth": [
    [
      0.488586723053343,
      0.354576541413197
    ],
    [
      0.5064646693951766,
      0.35105811681328203
    ],
    [
      0.5238535883972276,
      0.3483975768202446
    ],
    [
      0.5312654207390668,
      0.35032901757706525
    ],
    [
      0.5388555359247793,
      0.34900808477846523
    ],
    [
      0.5521922538073074,
      0.3510821098661618
    ],
    [
      0.5595659464826466,
      0.3544416839090797
    ],
    [
      0.5504422772874006,
      0.3614900420917872
    ],
    [
      0.5409079323108115,
      0.36619804343540435
    ],
    [
      0.5288280727495652,
      0.36739462307754567
    ],
    [
      0.5171441690234343,
      0.3669843625569681
    ],
    [
      0.5047549047672096,
      0.36260755103256614
    ],
    [
      0.49141905328928354,
      0.3543935796109415
    ],
    [
      0.5188631693458186,
      0.35597163992944253
    ],
    [
      0.5292291019642056,
      0.3558320104080346
    ],
    [
      0.5392962768390119,
      0.3550865267533179
    ],
    [
      0.55849967930979,
      0.35350463995655584
    ],
    [
      0.5389722057898431,
      0.35610278914767757
    ],
    [
      0.5293304087785949,
      0.35640298301557405
    ],
    [
      0.5192991584327494,
      0.3561272401960248
    ]
  ]
}
