{
  "steersLeft": false,
  "leftEye": [
    [
      0.38888425578165825,
      0.21205483236495298
    ],
    [
      0.401353698107093,
      0.20855328989553895
    ],
    [
      0.4159999031887866,
      0.20837061247271088
    ],
    [
      0.4315861883445572,
      0.21446491525415853
    ],
    [
      0.4186973951817852,
      0.21869058717404116
    ],
    [
      0.4013122322065871,
      0.217473672817898
    ]
  ],
  "rightEye": [
    [
      0.49693228720619687,
      0.2135547061660979
    ],
    [
      0.5136436957352524,
      0.20706649477750705
    ],
    [
      0.5285291934268709,
      0.20668098718687347
    ],
    [
      0.5391654672368134,
      0.21088041388280243
    ],
    [
      0.5281209673637246,
      0.21679972527780325
    ],
    [
      0.5115919721419555,
      0.21709330944869737
    ]
  ],
  "mouth": [
    [
      0.4241272288516772,
      0.3003066958432335
    ],
    [
      0.4411666807633426,
      0.2970202472685746
    ],
    [
      0.45931062848099147,
      0.29490979558558716
    ],
    [
      0.46796727896397533,
      0.2968214949111629
    ],
    [
      0.4762893981400271,
      0.29575268444722796
    ],
    [
      0.4931291172854103,
      0.2986082423705554
    ],
    [
      0.5046717577886649,
      0.30222613876714993
    ],
    [
      0.49119972955327457,
      0.30809018765145707
    ],
    [
      0.47902178563559505,
      0.3118927185775026
    ],
    [
      0.46568946770277103,
      0.3125876429074687
    ],
    [
      0.45243725914060395,
      0.3118970205765808
    ],
    [
      0.4398794417556159,
      0.30778744809942615
    ],
    [
      0.4277227851941518,
      0.3004206564047297
    ],
    [
      0.4550406029210506,
      0.30197056366698455
    ],
    [
      0.4661072057227626,
      0.30237360644822686
    ],
    [
      0.47811136857144904,
      0.3021556586921115
    ],
    [
      0.5030102626831345,
      0.3011279898813326
    ],
    [
      0.4766639749685528,
      0.302096909138503
    ],
    [
      0.4654698862866556,
      0.3018654979430189
    ],
    [
      0.4545990025353315,
      0.3012415626569964
    ]
  ]
}
