{
  "steersLeft": false,
  "leftEye": [
    [
      0.4419216677260555,
      0.35251642538918976
    ],
    [
      0.4580561013033375,
      0.3478642058039372
    ],
    [
      0.4746336029374977,
      0.3449645935693057
    ],
    [
      0.4918032009814831,
      0.350741089627074
    ],
    [
      0.4777941365241434,
      0.35670714337920134
    ],
    [
      0.4590569639611098,
      0.3564052206007144
    ]
  ],
  "rightEye": [
    [
      0.5700237877301051,
      0.34704591442780003
    ],
    [
      0.5892867398723638,
      0.33975041143875895
    ],
    [
      0.6049218794646889,
      0.34017641917419394
    ],
    [
      0.6178440666047531,
      0.34564560602563804
    ],
    [
      0.6053641126627254,
      0.35069523000041175
    ],
    [
      0.5874969961061927,
      0.35086257350073075
    ]
  ],
  "mouth": [
    [
      0.49634980593522765,
      0.4642709962738136
    ],
    [
      0.5181753270436077,
      0.45644496656653805
    ],
    [
      0.5389814855062594,
      0.4512851029397822
    ],
    [
      0.5486233307661907,
      0.4532658685750233
    ],
    [
      0.5596388213058234,
      0.45151727212054843
    ],
    [
      0.578818408557946,
      0.45515032128101196
    ],
    [
      0.5932478425911922,
      0.4616166571947504
    ],
    [
      0.5805099777640934,
      0.46532095975384413
    ],
    [
      0.5665588089525158,
      0.46920006196634884
    ],
    [
      0.5507357656237882,
      0.4703158109994086
    ],
    [
      0.5350437104373847,
      0.4710206145833085
    ],
    [
      0.5184020940640619,
      0.46866056215353114
    ],
    [
      0.5006051661472504,
      0.4640838382609095
    ],
    [
      0.5341924932021381,
      0.46129854513673346
    ],
    [
      0.5477360089108911,
      0.46037926145250657
    ],
    [
      0.5622870661481499,
      0.4596592541725314
    ],
    [
      0.5920114287460226,
      0.4599460161063977
    ],
    [
      0.5623995906007283,
      0.4574333267955037
    ],
    [
      0.5495669874442005,
      0.45763243179393714
    ],
    [
      0.5352227090128089,
      0.45842609215399743
    ]
  ]
}
