{
  "steersLeft": false,
  "leftEye": [
    [
      0.43450015584415064,
      0.3847222423417626
    ],
    [
      0.45205939700783865,
      0.37700691795717395
    ],
    [
      0.47120566423284627,
      0.3759750570260026
    ],
    [
      0.4899442099234291,
      0.3858992642469439
    ],
    [
      0.47409640364447136,
      0.39296207262204946
    ],
    [
      0.4524097834547839,
      0.39149339422207013
    ]
  ],
  "rightEye": [
    [
      0.571110047377674,
      0.3805139231481958
    ],
    [
      0.5918644089282254,
      0.3686715708759613
    ],
    [
      0.6097548364559588,
      0.3669938424926255
    ],
    [
      0.6217451375671796,
      0.37487902663724865
    ],
    [
      0.60993447112987,
      0.38339267593746185
    ],
    [
      0.5903376106222422,
      0.38469287264201457
    ]
  ],
  "mouth": [
    [
      0.49233027521629347,
      0.5150379887692036
    ],
    [
      0.5167525275565643,
      0.5064828089534922
    ],
    [
      0.5402480534849756,
      0.49987103870688493
    ],
    [
      0.5501129427828009,
      0.5023641074772666
    ],
    [
      0.5613293588200491,
      0.4996270294003183
    ],
    [
      0.5787616118648207,
      0.50353872139587
    ],
    [
      0.5901496113171116,
      0.50987037220787
    ],
    [
      0.5789302302953103,
      0.5159124650515274
    ],
    [
      0.5665891208897484,
      0.5215567275664936
    ],
    [
      0.5506772540705439,
      0.5234871784929693
    ],
    [
      0.5346070136861761,
      0.5244077256510259
    ],
    [
      0.5163157106046126,
      0.520851545312418
    ],
    [
      0.49723037019634014,
      0.5146506414021609
    ],
    [
      0.5346756904422111,
      0.5124049473171778
    ],
    [
      0.5478815387980168,
      0.5115444547641379
    ],
    [
      0.5620782946337562,
      0.5096628985370123
    ],
    [
      0.5878111545160581,
      0.508159135095648
    ],
    [
      0.5618321527047027,
      0.5064368541253056
    ],
    [
      0.5491176963010816,
      0.5067331815338271
    ],
    [
      0.5354189132369012,
      0.5077776481296746
    ]
  ]
}
