{
  "steersLeft": false,
  "leftEye": [
    [
      0.47807155336153434,
      0.18456920092769247
    ],
    [
      0.49060449787086285,
      0.18179374710128654
    ],
    [
      0.5037424746874294,
      0.1825692283283124
    ],
    [
      0.5162353327865792,
      0.1895395316543376
    ],
    [
      0.5047116556527937,
      0.19238768555029495
    ],
    [
      0.4897747157348211,
      0.18994995954940258
    ]
  ],
  "rightEye": [
    [
      0.5733373425676969,
      0.19403606188822506
    ],
    [
      0.5892670321252735,
      0.18919895297075845
    ],
    [
      0.6017006173964787,
      0.19042162030417137
    ],
    [
      0.6095207915288617,
      0.1957470295484271
    ],
    [
      0.6000037664891859,
      0.1996489804872821
    ],
    [
      0.5860339194100954,
      0.1983619424369657
    ]
  ],
  "mouth": [
    [
      0.49998486767341016,
      0.27109351173784746
    ],
    [
      0.5183747354149338,
      0.26760555386107904
    ],
    [
      0.5360386842443593,
      0.2660624551833021
    ],
    [
      0.5437697524951118,
      0.26879399814218796
    ],
    [
      0.5520426287032947,
      0.26853610709802767
    ],
    [
      0.5666390635477476,
      0.2725476917061159
    ],
    [
      0.575648720671254,
      0.2783977034787475
    ],
    [
      0.5642037275142804,
      0.28394863664259345
    ],
    [
      0.5528605000909722,
      0.28713284739132805
    ],
    [
      0.540336067272102,
      0.2869517062933895
    ],
    [
      0.5281205460794396,
      0.2852081546648272
    ],
    [
      0.5153354158193677,
      0.28019339966109985
    ],
    [
      0.50321365431489,
      0.2714263031782541
    ],
    [
      0.5310006624173889,
      0.27312598858360604
    ],
    [
      0.5416798843469827,
      0.2741532796620282
    ],
    [
      0.5527401378586815,
      0.2747478653348192
    ],
    [
      0.5744748752192568,
      0.277177230094271
    ],
    [
      0.5516497425556008,
      0.2776368879074751
    ],
    [
      0.541687768663117,
      0.2768776922868708
    ],
    [
      0.5307029124358748,
      0.2753502701395753
    ]
  ]
}
