{
  "steersLeft": true,
  "leftEye": [
    [
      0.4053616678193656,
      0.27858407541291436
    ],
    [
      0.4110732651892224,
      0.2755971178496746
    ],
    [
      0.4213575371480353,
      0.27534994121848694
    ],
    [
      0.43172176666054934,
      0.2800432404538867
    ],
    [
      0.42264152434497304,
      0.2828358884510092
    ],
    [
      0.4120552215301147,
      0.2816138591897215
    ]
  ],
  "rightEye": [
    [
      0.475306334316269,
      0.28133449541624894
    ],
    [
      0.4864016401045628,
      0.2768212700616434
    ],
    [
      0.4962249537603659,
      0.27724506500327273
    ],
    [
      0.506512310368807,
      0.28154861675693515
    ],
    [
      0.49677359197658666,
      0.2848033992609078
    ],
    [
      0.4846965373992316,
      0.2834630416408684
    ]
  ],
  "mouth": [
    [
      0.42387784619034896,
      0.34287024901807134
    ],
    [
      0.4297038761887527,
      0.33990755340093126
    ],
    [
      0.4375471310617015,
      0.33750216516670684
    ],
    [
      0.4429213135667859,
      0.33911970281484466
    ],
    [
      0.4486468956358847,
      0.3381991933449622
    ],
    [
      0.46145768172106605,
      0.3410851222873026
    ],
    [
      0.47382714820063776,
      0.3440981364559807
    ],
    [
      0.4625038145195342,
      0.347111296531922
    ],
    [
      0.45267928418058306,
      0.3498381573758086
    ],
    [
      0.4441682277125089,
      0.35024753424803573
    ],
    [
      0.4360293116776423,
      0.3494798577728886
    ],
    [
      0.4293671913338691,
      0.3471034856297599
    ],
    [
      0.4263355533062194,
      0.3428156894287466
    ],
    [
      0.4373677418669721,
      0.34310598651981594
    ],
    [
      0.4434737163438056,
      0.3431300320368084
    ],
    [
      0.4516558675721835,
      0.3430130046844878
    ],
    [
      0.472530579068558,
      0.3434682937089013
    ],
    [
      0.45121217901291527,
      0.34263590249890347
    ],
    [
      0.4443168849223124,
      0.34233009060216935
    ],
    [
      0.43753751926483253,
      0.34176928144493457
    ]
  ]
}
