{
  "steersLeft": false,
  "leftEye": [
    [
      0.4527182201033632,
      0.24102395542462202
    ],
    [
      0.46271474316610706,
      0.23955816895834833
    ],
    [
      0.472005361819729,
      0.24017403591130937
    ],
    [
      0.4810080126563379,
      0.24544958919356052
    ],
    [
      0.4726503967110415,
      0.2476419607342361
    ],
    [
      0.4613825549185728,
      0.2456812442120087
    ]
  ],
  "rightEye": [
    [
      0.5241893294887334,
      0.24925912482727425
    ],
    [
      0.5361843308689568,
      0.24585413997217254
    ],
    [
      0.5455801028766207,
      0.24694680345993072
    ],
    [
      0.5514951135469074,
      0.250720259075185
    ],
    [
      0.5441671383080389,
      0.25384673164380483
    ],
    [
      0.5338041228277207,
      0.25287109053989215
    ]
  ],
  "mouth": [
    [
      0.46846047626531434,
      0.3136437125613283
    ],
    [
      0.4816567074237212,
      0.31081091419911466
    ],
    [
      0.49483280594261686,
      0.3093354622361752
    ],
    [
      0.5003228193161429,
      0.31128392869597965
    ],
    [
      0.5060663936862703,
      0.3109220271486912
    ],
    [
      0.5165451834677034,
      0.31458752843945514
    ],
    [
      0.5226818989356159,
      0.31893714220693703
    ],
    [
      0.5149450670512608,
      0.32335146622782857
    ],
    [
      0.5069442192793141,
      0.32552815374032146
    ],
    [
      0.4973738758326425,
      0.32560895843537074
    ],
    [
      0.4885017782885416,
      0.3242456688336319
    ],
    [
      0.4796806533196993,
      0.32024802356875964
    ],
    [
      0.47089686440057393,
      0.31369296217615833
    ],
    [
      0.4905632649261803,
      0.3153533911207055
    ],
    [
      0.49823696892999647,
      0.3159293726392933
    ],
    [
      0.5062306032256946,
      0.3163176133793231
    ],
    [
      0.5217241405864266,
      0.3181373035255824
    ],
    [
      0.5061773324342465,
      0.3176215436879134
    ],
    [
      0.49868848206210153,
      0.31709882240679793
    ],
    [
      0.49064217477685423,
      0.3160278614787394
    ]
  ]
}
