{
  "steersLeft": true,
  "leftEye": [
    [
      0.40963689823774657,
      0.25955875058288924
    ],
    [
      0.42020198026270567,
      0.254115713563455
    ],
    [
      0.43469133960085965,
      0.25325143432647707
    ],
    [
      0.449448932821553,
      0.26022371645166587
    ],
    [
      0.43676215468791246,
      0.26461132195575876
    ],
    [
      0.4209850380770496,
      0.2637295076311465
    ]
  ],
  "rightEye": [
    [
      0.513551121875688,
      0.2591754347095541
    ],
    [
      0.5289808378728282,
      0.2517210435098807
    ],
    [
      0.5428198845456582,
      0.25178640614541203
    ],
    [
      0.5552821875838788,
      0.25788727941952827
    ],
    [
      0.5434151038171926,
      0.2630360871432523
    ],
    [
      0.5273226966926764,
      0.2624784182707588
    ]
  ],
  "mouth": [
    [
      0.4430893870904575,
      0.35822039993680915
    ],
    [
      0.4565073720626974,
      0.3509334505128291
    ],
    [
      0.47257459733083035,
      0.34576388223986343
    ],
    [
      0.48117333294586023,
      0.3478100747653181
    ],
    [
      0.4902316328210567,
      0.34631993838155317
    ],
    [
      0.5086079400954263,
      0.3509260722694022
    ],
    [
      0.5233820964373579,
      0.35793107603062674
    ],
    [
      0.5091570080263551,
      0.3638906942454746
    ],
    [
      0.4957076612043641,
      0.3685013975372674
    ],
    [
      0.4823757989199678,
      0.3693866254754141
    ],
    [
      0.4691112145005898,
      0.36905343529137125
    ],
    [
      0.4565465304960096,
      0.36548753965075054
    ],
    [
      0.44628877612329426,
      0.3582431394411412
    ],
    [
      0.47009068340459703,
      0.3554749407742968
    ],
    [
      0.48090173655571855,
      0.35490900665643443
    ],
    [
      0.49359748445551765,
      0.3547551386983388
    ],
    [
      0.5215722729087783,
      0.3566117547178195
    ],
    [
      0.4933278187359498,
      0.35695057602025193
    ],
    [
      0.4816866141887373,
      0.3568933778344143
    ],
    [
      0.47029454004680804,
      0.35676227625949747
    ]
  ]
}
