{
  "steersLeft": true,
  "leftEye": [
    [
      0.35703432268247104,
      0.27253479860903157
    ],
    [
      0.36439049407320306,
      0.2664508807429049
    ],
    [
      0.38049570719101816,
      0.2665353422433271
    ],
    [
      0.397689543094166,
      0.27532681846689033
    ],
    [
      0.38252972385469086,
      0.27942555525517143
    ],
    [
      0.365693129297149,
      0.2779837242873348
    ]
  ],
  "rightEye": [
    [
      0.46623203837043625,
      0.27708236593081825
    ],
    [
      0.48309318516774885,
      0.2694836524218586
    ],
    [
      0.4996206217263184,
      0.26936592190055214
    ],
    [
      0.516376051234343,
      0.27669726507937675
    ],
    [
      0.5004148228620947,
      0.28273772415523396
    ],
    [
      0.4812193662373325,
      0.28085987312002353
    ]
  ],
  "mouth": [
    [
      0.38553746082379076,
      0.37891751863230233
    ],
    [
      0.3919017217277854,
      0.37009492328104004
    ],
    [
      0.40494593378202554,
      0.36353198748383353
    ],
    [
      0.4143315467605586,
      0.3656472321608908
    ],
    [
      0.4236215837011341,
      0.36407083697518355
    ],
    [
      0.4445135124968679,
      0.3707701148498627
    ],
    [
      0.4635466990892371,
      0.3803659474346617
    ],
    [
      0.4463405995800876,
      0.38813341603550316
    ],
    [
      0.43012841277906355,
      0.39357452242389046
    ],
    [
      0.41636901725612574,
      0.3944207440864191
    ],
    [
      0.4027748350310213,
      0.3931678798402723
    ],
    [
      0.39244669635628654,
      0.3886022178585371
    ],
    [
      0.38906405344338485,
      0.3790188961376036
    ],
    [
      0.4050967811413998,
      0.37456219719547124
    ],
    [
      0.41552011543202844,
      0.37374218250040825
    ],
    [
      0.42836361480322543,
      0.3742797150587198
    ],
    [
      0.46088326411002306,
      0.3790772494405381
    ],
    [
      0.4279781871860295,
      0.3807187011183457
    ],
    [
      0.41597864415210134,
      0.38027293245415467
    ],
    [
      0.4051490491307343,
      0.3797433805100561
    ]
  ]
}
