{
  "steersLeft": false,
  "leftEye": [
    [
      0.41636295137251517,
      0.21413679885428202
    ],
    [
      0.43169744359054346,
      0.20892245495017175
    ],
    [
      0.44646805588938726,
      0.2083551548293934
    ],
    [
      0.4606062458965331,
      0.21514218329157941
    ],
    [
      0.44839988000648445,
      0.21959530561675591
    ],
    [
      0.4308898783310342,
      0.21867327486264646
    ]
  ],
  "rightEye": [
    [
      0.5210183505146433,
      0.21412389862885736
    ],
    [
      0.5376221532013078,
      0.20663446206592676
    ],
    [
      0.5517223276805566,
      0.20645036390836286
    ],
    [
      0.5587940697671593,
      0.2121607634381166
    ],
    [
      0.5510340348589776,
      0.2169159868455679
    ],
    [
      0.5369433044888606,
      0.21730077689901883
    ]
  ],
  "mouth": [
    [
      0.45919836490078253,
      0.30674182351337365
    ],
    [
      0.4805312668097253,
      0.29731945555166184
    ],
    [
      0.4991302015927837,
      0.2922068998100185
    ],
    [
      0.5072608452030739,
      0.29368398013276026
    ],
    [
      0.5153596555051879,
      0.2923983128074595
    ],
    [
      0.5251504300460011,
      0.29773974603894043
    ],
    [
      0.5278500960992075,
      0.30608197202012116
    ],
    [
      0.5235750570062926,
      0.3134392812800256
    ],
    [
      0.5159133228072644,
      0.31796444816094854
    ],
    [
      0.503673023020571,
      0.31914186066846334
    ],
    [
      0.49091970146477265,
      0.31884636760560053
    ],
    [
      0.47736282796889706,
      0.31481704580805486
    ],
    [
      0.46381705514379107,
      0.30685307404683293
    ],
    [
      0.49398702173386755,
      0.3011118150363479
    ],
    [
      0.5041951302617519,
      0.3009733263491358
    ],
    [
      0.5135564625453776,
      0.30060665796931124
    ],
    [
      0.5259290994055996,
      0.3053825626427966
    ],
    [
      0.5129893207367824,
      0.30696581642263554
    ],
    [
      0.5039397636001864,
      0.30714992661118606
    ],
    [
      0.49270199100762613,
      0.3070394219988985
    ]
  ]
}
