{
  "steersLeft": false,
  "leftEye": [
    [
      0.3421778506449342,
      0.3953673990021596
    ],
    [
      0.3643030284160588,
      0.3891253828050242
    ],
    [
      0.3885755702568086,
      0.38747069218183705
    ],
    [
      0.414062794099167,
      0.39791479553347026
    ],
    [
      0.39282966698894756,
      0.40568689642890066
    ],
    [
      0.3643343569118415,
      0.4040698129443113
    ]
  ],
  "rightEye": [
    [
      0.5233188654879413,
      0.3954306292317559
    ],
    [
      0.549705225853572,
      0.3842678116758085
    ],
    [
      0.5738625391103885,
      0.3830412367745994
    ],
    [
      0.5907421935291363,
      0.3905787801624861
    ],
    [
      0.5737125622688757,
      0.40026402685849277
    ],
    [
      0.5477682785680634,
      0.40092113061633383
    ]
  ],
  "mouth": [
    [
      0.40018203892796705,
      0.5677259858214766
    ],
    [
      0.43442396889429574,
      0.5571522293946399
    ],
    [
      0.4686999950449799,
      0.5498128981632769
    ],
    [
      0.48489621876294414,
      0.552735033867635
    ],
    [
      0.50058005783203,
      0.549809470796089
    ],
    [
      0.5296302387511851,
      0.5560045308889919
    ],
    [
      0.5502850783453571,
      0.5643395827138418
    ],
    [
      0.5264155177570199,
      0.573337806614465
    ],
    [
      0.5057876015417399,
      0.5795584780608076
    ],
    [
      0.48242277460978655,
      0.5808939305580322
    ],
    [
      0.4587888587940755,
      0.5812363151500731
    ],
    [
      0.4336873435089525,
      0.5769222692903583
    ],
    [
      0.4065196690063626,
      0.5674053157133327
    ],
    [
      0.4603062476767666,
      0.5646810987265267
    ],
    [
      0.4816425762425662,
      0.5640971316979626
    ],
    [
      0.5044408819575354,
      0.5630055152485631
    ],
    [
      0.5467191652032786,
      0.5629094550668263
    ],
    [
      0.5021616976630561,
      0.5615202210748903
    ],
    [
      0.48134181109063967,
      0.5610807668710504
    ],
    [
      0.4600539098296068,
      0.5618287780222873
    ]
  ]
}
