{
  "steersLeft": false,
  "leftEye": [
    [
      0.4262156298978681,
      0.22917664186829018
    ],
    [
      0.4407453272629921,
      0.223356858011708
    ],
    [
      0.4571130273796372,
      0.22271165256815664
    ],
    [
      0.4744129698799081,
      0.23005920098698832
    ],
    [
      0.46059636041873137,
      0.23594247038063018
    ],
    [
      0.4412308920441067,
      0.2351861552497883
    ]
  ],
  "rightEye": [
    [
      0.5451783387108883,
      0.22456754025463413
    ],
    [
      0.5631104552425628,
      0.21520356713787112
    ],
    [
      0.5797140267387317,
      0.21329021055316086
    ],
    [
      0.5906212330667815,
      0.21864552806946477
    ],
    [
      0.5799851055402464,
      0.22640901709137765
    ],
    [
      0.5626954887835995,
      0.22789052806100218
    ]
  ],
  "mouth": [
    [
      0.47790513025757914,
      0.33471608494314714
    ],
    [
      0.4983287987788708,
      0.3280245355634421
    ],
    [
      0.5184448559565469,
      0.3234251041970848
    ],
    [
      0.5276536252603201,
      0.32479016503081654
    ],
    [
      0.5367495758766013,
      0.32266487734214755
    ],
    [
      0.553288603830197,
      0.32515565675353486
    ],
    [
      0.5630680717855162,
      0.3292461422774708
    ],
    [
      0.5532252834754172,
      0.3388796135530707
    ],
    [
      0.5422546344738084,
      0.3447694194522175
    ],
    [
      0.5278773870806877,
      0.34680690420375854
    ],
    [
      0.5129589198618456,
      0.3470528629448288
    ],
    [
      0.4980187818325945,
      0.34290751149148185
    ],
    [
      0.48236864444857475,
      0.3345570711774145
    ],
    [
      0.5138962486680463,
      0.3326398901189605
    ],
    [
      0.5257537903658349,
      0.3317880067697011
    ],
    [
      0.5384013482865537,
      0.33052633760257744
    ],
    [
      0.5611556380567573,
      0.32835351301402915
    ],
    [
      0.5381184453363678,
      0.33247757538159345
    ],
    [
      0.526246714660174,
      0.33340142572917114
    ],
    [
      0.5142477724534505,
      0.33387737639697457
    ]
  ]
}
