{
  "steersLeft": false,
  "leftEye": [
    [
      0.43328310770767353,
      0.3151802483065269
    ],
    [
      0.4542637576547202,
      0.3081195813683778
    ],
    [
      0.47312884622518275,
      0.3075452569337014
    ],
    [
      0.4917797253044425,
      0.3178436802074424
    ],
    [
      0.4768030087715625,
      0.3253878272108612
    ],
    [
      0.4540568914747481,
      0.32351282729608294
    ]
  ],
  "rightEye": [
    [
      0.5683028852292487,
      0.31547203276697033
    ],
    [
      0.5909980874225148,
      0.305218635341413
    ],
    [
      0.6087601818053252,
      0.3051118718758722
    ],
    [
      0.615421740908786,
      0.3137741271167012
    ],
    [
      0.6085164548652026,
      0.31990370111712324
    ],
    [
      0.5903057307551794,
      0.32143460015086156
    ]
  ],
  "mouth": [
    [
      0.506625881756982,
      0.4691697901401566
    ],
    [
      0.5352824993705366,
      0.4535848889986081
    ],
    [
      0.5614770888658455,
      0.4435587564871901
    ],
    [
      0.571318079879901,
      0.4457052342957607
    ],
    [
      0.5817054709311201,
      0.4435717219926999
    ],
    [
      0.5950576074192796,
      0.4527067890304411
    ],
    [
      0.5964074899423728,
      0.46705116191429313
    ],
    [
      0.5946239083520616,
      0.4786438788928385
    ],
    [
      0.5869788336187524,
      0.48581121841681696
    ],
    [
      0.568933034510811,
      0.4874417620053606
    ],
    [
      0.5521501296379397,
      0.4877438057754597
    ],
    [
      0.5331055736469309,
      0.4806932769740175
    ],
    [
      0.5119616736826903,
      0.46850776173499364
    ],
    [
      0.554173178604155,
      0.4599845575016582
    ],
    [
      0.5682424526619,
      0.45926507292332513
    ],
    [
      0.5800034644326376,
      0.4587839355350635
    ],
    [
      0.5952664369921336,
      0.46569875063397387
    ],
    [
      0.5796192162437679,
      0.46575659052148155
    ],
    [
      0.5685023082644537,
      0.4656355387457411
    ],
    [
      0.5530355865498435,
      0.466159631944313
    ]
  ]
}
