{
  "steersLeft": true,
  "leftEye": [
    [
      0.420952041133022,
      0.26416792889147794
    ],
    [
      0.4271981967392794,
      0.260190010015719
    ],
    [
      0.4400808708579452,
      0.2601520613216293
    ],
    [
      0.453089456538024,
      0.26657973583100136
    ],
    [
      0.4417921457761016,
      0.27063317113538204
    ],
    [
      0.4287376847396977,
      0.2689919333341049
    ]
  ],
  "rightEye": [
    [
      0.5070067490349266,
      0.26565599533984346
    ],
    [
      0.5204328159734674,
      0.25927773672738114
    ],
    [
      0.532752116235813,
      0.2585618496916948
    ],
    [
      0.5448349368804547,
      0.2631444090096176
    ],
    [
      0.533620575865604,
      0.2691562197423463
    ],
    [
      0.5188653821058551,
      0.2685071670989756
    ]
  ],
  "mouth": [
    [
      0.44560394654544133,
      0.35472296975021317
    ],
    [
      0.45406064869255797,
      0.3498848601999298
    ],
    [
      0.4665415384756983,
      0.3457622375177302
    ],
    [
      0.474346331293963,
      0.34763675062193683
    ],
    [
      0.4820397026812135,
      0.3461458477856041
    ],
    [
      0.4996599167448161,
      0.34873597581152727
    ],
    [
      0.5154011289674191,
      0.3531144112360347
    ],
    [
      0.5005453145698681,
      0.360452601497634
    ],
    [
      0.4877007492355526,
      0.36559485123125585
    ],
    [
      0.47612315228680846,
      0.36687997187962806
    ],
    [
      0.46497019977223203,
      0.3661417170756268
    ],
    [
      0.45493152190742425,
      0.36263345730766383
    ],
    [
      0.4486842500180695,
      0.35472952609621416
    ],
    [
      0.46570917056273053,
      0.35411965786448996
    ],
    [
      0.4748402456197932,
      0.3536372542188865
    ],
    [
      0.48637493247387625,
      0.35311848334155876
    ],
    [
      0.513697396502623,
      0.3521434317597252
    ],
    [
      0.48505790805783155,
      0.3549720852875239
    ],
    [
      0.47491372204544424,
      0.35517779064330474
    ],
    [
      0.46623459079374074,
      0.3548280633666781
    ]
  ]
}
