{
  "steersLeft": true,
  "leftEye": [
    [
      0.4049177004750985,
      0.3172624944762808
    ],
    [
      0.41435930215436195,
      0.31241612228159393
    ],
    [
      0.4288596507306868,
      0.31190766179500284
    ],
    [
      0.4437012793283807,
      0.31802847927248534
    ],
    [
      0.4316172533515391,
      0.3225167742581755
    ],
    [
      0.4162159240452247,
      0.321645356464339
    ]
  ],
  "rightEye": [
    [
      0.5032714510246544,
      0.3138777117070728
    ],
    [
      0.5183817676443534,
      0.3061711634923339
    ],
    [
      0.5315366867841034,
      0.3044199249854891
    ],
    [
      0.5434761642415314,
      0.3091085060659431
    ],
    [
      0.53271460755734,
      0.3155527139290891
    ],
    [
      0.5172387337644928,
      0.31621088667976543
    ]
  ],
  "mouth": [
    [
      0.4448181019889835,
      0.40475185885769055
    ],
    [
      0.4578659106297988,
      0.4006830311919347
    ],
    [
      0.472870857411294,
      0.3968213331962212
    ],
    [
      0.4811818953410113,
      0.39801695726714714
    ],
    [
      0.489091862934735,
      0.39634715539982707
    ],
    [
      0.5063233726665259,
      0.3972470912678042
    ],
    [
      0.5203868061895869,
      0.3997318847929605
    ],
    [
      0.5084199386527235,
      0.40947762399925347
    ],
    [
      0.4966486513871736,
      0.4154790010720996
    ],
    [
      0.48420184040056974,
      0.41748960155055465
    ],
    [
      0.4715869221106938,
      0.41732861930957643
    ],
    [
      0.45892391921936154,
      0.41364852196994173
    ],
    [
      0.44848248754226117,
      0.40485664371727387
    ],
    [
      0.470898569075365,
      0.4043921803664561
    ],
    [
      0.4809252722161347,
      0.4036416365061164
    ],
    [
      0.49286067892201263,
      0.4024515635469484
    ],
    [
      0.5186550421692364,
      0.39914997882772685
    ],
    [
      0.4925853598115094,
      0.4048467615183203
    ],
    [
      0.4820335481404511,
      0.4063263005551701
    ],
    [
      0.4721358473005049,
      0.4064425231450237
    ]
  ]
}
