{
  "steersLeft": false,
  "leftEye": [
    [
      0.5240820849869945,
      0.2046060863794652
    ],
    [
      0.5393488704797962,
      0.20155209335167185
    ],
    [
      0.5529881812941472,
      0.20136691461783168
    ],
    [
      0.5659351417006455,
      0.20767955424379253
    ],
    [
      0.5546201389988638,
      0.21203877017907047
    ],
    [
      0.5386304582272748,
      0.2101864891232843
    ]
  ],
  "rightEye": [
    [
      0.6255843442796256,
      0.20830968419927015
    ],
    [
      0.6418746698235216,
      0.20232897694264312
    ],
    [
      0.6545316435852343,
      0.2026405743271865
    ],
    [
      0.6616468189169031,
      0.20803513876159654
    ],
    [
      0.653422595399747,
      0.21252467294348495
    ],
    [
      0.6400706261474393,
      0.21246235655230997
    ]
  ],
  "mouth": [
    [
      0.5543860491761514,
      0.30296211092680075
    ],
    [
      0.5770147320383437,
      0.29615691106606346
    ],
    [
      0.5981691313560659,
      0.2925037418485253
    ],
    [
      0.6067925095285499,
      0.2946815909479805
    ],
    [
      0.6161443746069423,
      0.29382573186126104
    ],
    [
      0.6304293384492577,
      0.2988921516643996
    ],
    [
      0.6369142839192474,
      0.30658627424797624
    ],
    [
      0.6291359318864448,
      0.31385950276092794
    ],
    [
      0.6196977320853025,
      0.31821239294221193
    ],
    [
      0.6046449162821459,
      0.3197284756018854
    ],
    [
      0.5907099785730436,
      0.31840603815776963
    ],
    [
      0.5752116024717385,
      0.31296095254908307
    ],
    [
      0.5587700015339361,
      0.30280126706000215
    ],
    [
      0.5918776270107603,
      0.30133035954104676
    ],
    [
      0.604129650274077,
      0.30166716736955645
    ],
    [
      0.6162411340675599,
      0.30182713180226317
    ],
    [
      0.6357401200203635,
      0.30539956279870234
    ],
    [
      0.6167797001427283,
      0.30682054314711005
    ],
    [
      0.605443283940215,
      0.3067928641162192
    ],
    [
      0.5924980545069819,
      0.3060045825965575
    ]
  ]
}
