{
  "steersLeft": true,
  "leftEye": [
    [
      0.38978238356699096,
      0.3121990782183392
    ],
    [
      0.39322762434358716,
      0.3090687844690949
    ],
    [
      0.40393518630129516,
      0.30931468685249935
    ],
    [
      0.4150308180205193,
      0.3145070509625131
    ],
    [
      0.40528139007529146,
      0.31782741591363844
    ],
    [
      0.3951070581195865,
      0.3163851043404552
    ]
  ],
  "rightEye": [
    [
      0.45894583038904374,
      0.3149505671887876
    ],
    [
      0.46977374167037644,
      0.3100938938871031
    ],
    [
      0.4804008933298709,
      0.30956487298683943
    ],
    [
      0.4919578129453559,
      0.31323970017640457
    ],
    [
      0.48127877398888114,
      0.31849749062323174
    ],
    [
      0.4682805830268682,
      0.31752381693435267
    ]
  ],
  "mouth": [
    [
      0.4081684261645942,
      0.385551032849149
    ],
    [
      0.4118421238984367,
      0.3827641373088744
    ],
    [
      0.4202121815511289,
      0.3798278969185087
    ],
    [
      0.42666214650369527,
      0.3816411466952689
    ],
    [
      0.4333333011895096,
      0.3805437915664022
    ],
    [
      0.449438595477972,
      0.38312170484786207
    ],
    [
      0.46572256794521266,
      0.38653863012483725
    ],
    [
      0.45062683095566447,
      0.39249789176872174
    ],
    [
      0.43889869827225025,
      0.3967456748347376
    ],
    [
      0.42899100178860033,
      0.39736253496947427
    ],
    [
      0.4200122680661693,
      0.3962698489615754
    ],
    [
      0.41288362968820597,
      0.39273492226378026
    ],
    [
      0.41065270792332487,
      0.385828521612497
    ],
    [
      0.42079212649725706,
      0.3866903095354121
    ],
    [
      0.4278636881661736,
      0.386649594353768
    ],
    [
      0.4379922741409532,
      0.38634806743653854
    ],
    [
      0.46395212205813624,
      0.38554410735871847
    ],
    [
      0.4366552482226169,
      0.38754155284063957
    ],
    [
      0.4279151319236611,
      0.38715515515519827
    ],
    [
      0.4209283135926192,
      0.386381477342793
    ]
  ]
}
