{
  "steersLeft": true,
  "leftEye": [
    [
      0.32616808375254186,
      0.4281690313830793
    ],
    [
      0.3332303848698327,
      0.4227843236823075
    ],
    [
      0.3504540420590687,
      0.42166328398429764
    ],
    [
      0.36924064473853246,
      0.4300449990095301
    ],
    [
      0.35412270917760985,
      0.4358503305652087
    ],
    [
      0.33697073520606957,
      0.4342943874719642
    ]
  ],
  "rightEye": [
    [
      0.4412698948034305,
      0.42731202748958375
    ],
    [
      0.4577907105825792,
      0.4181385123522634
    ],
    [
      0.47447333213851106,
      0.41670280793733033
    ],
    [
      0.49294405822335785,
      0.42283807350040026
    ],
    [
      0.47720715912495076,
      0.4310520139041001
    ],
    [
      0.4567644466833429,
      0.43083228937299567
    ]
  ],
  "mouth": [
    [
      0.3761686545124556,
      0.5442050230713302
    ],
    [
      0.38210293058833095,
      0.5377210900849108
    ],
    [
      0.3955767174918541,
      0.5313801600300252
    ],
    [
      0.4050805075209046,
      0.5335775809419004
    ],
    [
      0.4154475879215963,
      0.5314614632149217
    ],
    [
      0.43923543933895143,
      0.5352426280243802
    ],
    [
      0.46139381127339163,
      0.5417219315343378
    ],
    [
      0.4432242314407775,
      0.5531469686032887
    ],
    [
      0.4265625515494056,
      0.5622450552017054
    ],
    [
      0.41106484118158293,
      0.5641844227101149
    ],
    [
      0.3966474115291239,
      0.5633052851300184
    ],
    [
      0.3846879749998992,
      0.5568769856797002
    ],
    [
      0.3795913655064215,
      0.544460027405816
    ],
    [
      0.3966885830863204,
      0.5424325880986487
    ],
    [
      0.40761176866650795,
      0.5416625145985073
    ],
    [
      0.4218778022065642,
      0.5410109397320764
    ],
    [
      0.45898408518371553,
      0.5401168122264706
    ],
    [
      0.4212167106683611,
      0.5469970124343086
    ],
    [
      0.4083828067240098,
      0.5471651422484317
    ],
    [
      0.39695297299156906,
      0.5469402774020836
    ]
  ]
}
