{
  "steersLeft": true,
  "leftEye": [
    [
      0.40696428717884725,
      0.2541001336384607
    ],
    [
      0.41340861976329907,
      0.2489335766416484
    ],
    [
      0.4271581293619454,
      0.24867959415767762
    ],
    [
      0.44148240638921754,
      0.25470624467234554
    ],
    [
      0.42965416279351343,
      0.25904157853339654
    ],
    [
      0.41570383767662283,
      0.2583379200773094
    ]
  ],
  "rightEye": [
    [
      0.4987356205317516,
      0.2504167669218479
    ],
    [
      0.5122930329363278,
      0.242993291514254
    ],
    [
      0.5255388553341278,
      0.24092715771294274
    ],
    [
      0.5386213447950495,
      0.24562069478249976
    ],
    [
      0.5269387407011302,
      0.2522860036460186
    ],
    [
      0.5116061532430617,
      0.2526232795296452
    ]
  ],
  "mouth": [
    [
      0.4431305714051222,
      0.3376653364571371
    ],
    [
      0.45075174521797956,
      0.3323745230750083
    ],
    [
      0.46259535460118284,
      0.32740029770912304
    ],
    [
      0.4702030429681919,
      0.3287762708953263
    ],
    [
      0.47792535762491195,
      0.32703583079663323
    ],
    [
      0.49528381026740315,
      0.3292681544019332
    ],
    [
      0.5114991477212748,
      0.3330582246392277
    ],
    [
      0.49736870326946425,
      0.3402679621760224
    ],
    [
      0.4849999070080809,
      0.34580568144295304
    ],
    [
      0.47359693539631686,
      0.34733541154787323
    ],
    [
      0.4622944750867174,
      0.3472491690401044
    ],
    [
      0.45219617066012124,
      0.34418397445337745
    ],
    [
      0.4463461461472658,
      0.3375500943862561
    ],
    [
      0.4625510795962323,
      0.33559279401704156
    ],
    [
      0.4711055241261637,
      0.33469776491076925
    ],
    [
      0.4822841718073262,
      0.3338713970908224
    ],
    [
      0.5090645277390432,
      0.33223024363193693
    ],
    [
      0.4814115524627962,
      0.3356018051807204
    ],
    [
      0.47150236733236944,
      0.3361424371923763
    ],
    [
      0.4627558214666462,
      0.3364603485263628
    ]
  ]
}
