{
  "steersLeft": true,
  "leftEye": [
    [
      0.39648837868856995,
      0.32315392703377754
    ],
    [
      0.4031204294173093,
      0.3204080117377594
    ],
    [
      0.41540681533359486,
      0.32127598012816444
    ],
    [
      0.4279386383489534,
      0.3269388206659255
    ],
    [
      0.4165028416368135,
      0.32971734326879165
    ],
    [
      0.40403286941209676,
      0.32795180775163074
    ]
  ],
  "rightEye": [
    [
      0.4819566618757025,
      0.3296298484413958
    ],
    [
      0.49481908947306796,
      0.32569102234926556
    ],
    [
      0.5071928439680398,
      0.3256880305707899
    ],
    [
      0.5193644259528205,
      0.32953736358498015
    ],
    [
      0.5070589128875138,
      0.3346116185853716
    ],
    [
      0.4928793943599759,
      0.333085005545733
    ]
  ],
  "mouth": [
    [
      0.4178071662116223,
      0.4012738332630653
    ],
    [
      0.42461273043772263,
      0.3980268272570732
    ],
    [
      0.43625575098827174,
      0.3955171477151568
    ],
    [
      0.4437540634690479,
      0.39727291027587514
    ],
    [
      0.45166311533990033,
      0.3966283541325787
    ],
    [
      0.46990702059560346,
      0.4002096221161431
    ],
    [
      0.4869309442811923,
      0.40494708793974454
    ],
    [
      0.46972063628409716,
      0.40942297884898315
    ],
    [
      0.45619665630100753,
      0.41253291718179796
    ],
    [
      0.4448319214056325,
      0.4125704081681971
    ],
    [
      0.4338792913258345,
      0.4111620053617269
    ],
    [
      0.4258153942341378,
      0.4078344872105626
    ],
    [
      0.42059578291902733,
      0.40147568455472304
    ],
    [
      0.4352574981045078,
      0.40206339410831077
    ],
    [
      0.44432266246194807,
      0.40257699487421217
    ],
    [
      0.4558181275223311,
      0.40313357202016303
    ],
    [
      0.48462016680827424,
      0.40385616628414867
    ],
    [
      0.45521195321346836,
      0.4033915310525888
    ],
    [
      0.44473375999641807,
      0.4025828273029712
    ],
    [
      0.43568453306449334,
      0.4016400896387054
    ]
  ]
}
