{
  "steersLeft": false,
  "leftEye": [
    [
      0.4441159248524211,
      0.2625631863788496
    ],
    [
      0.45740018918829495,
      0.25962532981782865
    ],
    [
      0.4693567956162571,
      0.26000253701014264
    ],
    [
      0.4804747235646457,
      0.26664019410979983
    ],
    [
      0.4705169196953913,
      0.27010912843172513
    ],
    [
      0.45611834081496927,
      0.26795737408674775
    ]
  ],
  "rightEye": [
    [
      0.5313518703603131,
      0.2690459562560111
    ],
    [
      0.5455975865432632,
      0.2641561972685206
    ],
    [
      0.5568400124720978,
      0.2648195575877415
    ],
    [
      0.5622368588558595,
      0.2698398930612136
    ],
    [
      0.5552674197886122,
      0.2736520973972715
    ],
    [
      0.5434669345434066,
      0.27318167257295783
    ]
  ],
  "mouth": [
    [
      0.4625579104373195,
      0.35667603932902425
    ],
    [
      0.48572438178384575,
      0.35105844192540286
    ],
    [
      0.5058387730197638,
      0.34747204277583293
    ],
    [
      0.5136776872262863,
      0.3496767457270237
    ],
    [
      0.5213858805402218,
      0.34822988201330496
    ],
    [
      0.5321473699361036,
      0.3516999378315697
    ],
    [
      0.5363668858489236,
      0.3568954332418209
    ],
    [
      0.5292234913526306,
      0.3632714544589099
    ],
    [
      0.5210810452680874,
      0.36727750292430306
    ],
    [
      0.5089508648922837,
      0.36820926622865036
    ],
    [
      0.4972014822333702,
      0.3676845965643939
    ],
    [
      0.48268270498357285,
      0.36411478158165667
    ],
    [
      0.4663430941042811,
      0.3566327807053472
    ],
    [
      0.4995063598781254,
      0.3558527275800411
    ],
    [
      0.5105497161986479,
      0.3558443274771473
    ],
    [
      0.5204620602244199,
      0.35512763730649843
    ],
    [
      0.5348330135076488,
      0.35601025810269094
    ],
    [
      0.5195663105672158,
      0.3571333048393492
    ],
    [
      0.5100204428181321,
      0.35719491406601955
    ],
    [
      0.4992201536047887,
      0.35685031922476645
    ]
  ]
}
