{
  "steersLeft": false,
  "leftEye": [
    [
      0.45751968151734523,
      0.3397525360577322
    ],
    [
      0.47201136855292825,
      0.3356416496066084
    ],
    [
      0.4859270150871048,
      0.33559973407756144
    ],
    [
      0.49887302398102734,
      0.34282471847993273
    ],
    [
      0.48735381404237366,
      0.34730055129573234
    ],
    [
      0.4708773693902381,
      0.3457018165589488
    ]
  ],
  "rightEye": [
    [
      0.5577202524464742,
      0.3414257742541234
    ],
    [
      0.5735344756122993,
      0.3335609302838905
    ],
    [
      0.5871140287412786,
      0.33300434772389836
    ],
    [
      0.594950272112651,
      0.33849618480500926
    ],
    [
      0.5865791180009217,
      0.34371573553282264
    ],
    [
      0.5724335974726675,
      0.3448724881098845
    ]
  ],
  "mouth": [
    [
      0.49270462931346504,
      0.4251869177280201
    ],
    [
      0.5148203613261328,
      0.4228648606457243
    ],
    [
      0.5332836030871043,
      0.4212934568806062
    ],
    [
      0.5409394923319155,
      0.4228936973303529
    ],
    [
      0.5488851884558328,
      0.42168118774598706
    ],
    [
      0.5600202691425806,
      0.42335029989776485
    ],
    [
      0.565142346234403,
      0.4254037403947209
    ],
    [
      0.5581992844145125,
      0.43140140577613584
    ],
    [
      0.5497243980773747,
      0.4350271886644729
    ],
    [
      0.5384191938879592,
      0.4357970316741339
    ],
    [
      0.5267306977991606,
      0.43562760963370317
    ],
    [
      0.512766675502895,
      0.43207086792158356
    ],
    [
      0.49684566916385553,
      0.42523285826899254
    ],
    [
      0.528347865948789,
      0.4277569025084469
    ],
    [
      0.5380630952190222,
      0.4285178285686115
    ],
    [
      0.5477844761285818,
      0.4272548938955733
    ],
    [
      0.5632989105099787,
      0.4247357644075226
    ],
    [
      0.5477163272400862,
      0.42483214307364336
    ],
    [
      0.538666221172827,
      0.42461263489291295
    ],
    [
      0.5281315968605536,
      0.42481119345691726
    ]
  ]
}
