{
  "steersLeft": false,
  "leftEye": [
    [
      0.4880836095282539,
      0.25088909407506294
    ],
    [
      0.49821986321186634,
      0.24834709646841074
    ],
    [
      0.5082726233284487,
      0.24883892822412443
    ],
    [
      0.5185235528176075,
      0.2540769589110891
    ],
    [
      0.5095136595906291,
      0.25709226688157094
    ],
    [
      0.4976972548498356,
      0.25530333799760374
    ]
  ],
  "rightEye": [
    [
      0.5638301348610797,
      0.2555017452366897
    ],
    [
      0.5760810194616905,
      0.25120994316821627
    ],
    [
      0.5858833636109142,
      0.2513107844201674
    ],
    [
      0.5916808389333927,
      0.2555916420298003
    ],
    [
      0.5851123071869658,
      0.25922961935931077
    ],
    [
      0.574171931089299,
      0.2586929545332677
    ]
  ],
  "mouth": [
    [
      0.5148987810427544,
      0.3171759850666391
    ],
    [
      0.5281137774750929,
      0.3129700260744349
    ],
    [
      0.5411227199663448,
      0.3104560988711735
    ],
    [
      0.5467857174347776,
      0.31183783391663533
    ],
    [
      0.5523765367924655,
      0.3111893084177537
    ],
    [
      0.5620911796821045,
      0.31412997725481523
    ],
    [
      0.5671911878867285,
      0.3190131549109118
    ],
    [
      0.5609022670206162,
      0.32396497473668046
    ],
    [
      0.5541617377493026,
      0.3264833189343949
    ],
    [
      0.5450699110382259,
      0.32705229240263156
    ],
    [
      0.5362466257393584,
      0.3262143781755316
    ],
    [
      0.526871394751295,
      0.32299693792886636
    ],
    [
      0.5176676304715189,
      0.3170302819128021
    ],
    [
      0.5375643844202426,
      0.3163661758407977
    ],
    [
      0.5449390712198965,
      0.3167600379675858
    ],
    [
      0.5526446121218072,
      0.3166556677331213
    ],
    [
      0.5661919968458414,
      0.3181423957746677
    ],
    [
      0.5526846823016736,
      0.31826601395623955
    ],
    [
      0.5453508683801579,
      0.3180691290233358
    ],
    [
      0.537803808599974,
      0.31773110785514186
    ]
  ]
}
