{
  "steersLeft": true,
  "leftEye": [
    [
      0.2951760585154326,
      0.3932761416116608
    ],
    [
      0.30423661331840246,
      0.3908267509587042
    ],
    [
      0.32579731743912704,
      0.3898310247601966
    ],
    [
      0.3501130878812614,
      0.3974455875382252
    ],
    [
      0.3304225959281211,
      0.403433573483138
    ],
    [
      0.30852744707379937,
      0.40112519084604503
    ]
  ],
  "rightEye": [
    [
      0.44553306785406754,
      0.3975808140522099
    ],
    [
      0.46696591425750067,
      0.3893080088797347
    ],
    [
      0.4886893014795288,
      0.3890770909309059
    ],
    [
      0.5128498533902847,
      0.3929398487536798
    ],
    [
      0.49194299133251607,
      0.4020650725001864
    ],
    [
      0.4656399617619493,
      0.40155454206535524
    ]
  ],
  "mouth": [
    [
      0.3465782487934619,
      0.5292972981280567
    ],
    [
      0.35799760769276767,
      0.5269599083751697
    ],
    [
      0.37625619617182954,
      0.5237332673340338
    ],
    [
      0.3892805280425081,
      0.5270672234437538
    ],
    [
      0.4024484885345045,
      0.52533072878353
    ],
    [
      0.4359813958298179,
      0.5292384870452732
    ],
    [
      0.46951600056694087,
      0.532656909381695
    ],
    [
      0.43862456316963827,
      0.5393207160851942
    ],
    [
      0.4142589129825244,
      0.5452525976429597
    ],
    [
      0.39326710926698716,
      0.545590895621068
    ],
    [
      0.374396273006034,
      0.5438996482504556
    ],
    [
      0.35862650988323375,
      0.5389065786607159
    ],
    [
      0.3513509821045741,
      0.5294634242794244
    ],
    [
      0.37673294079155745,
      0.5338647972109507
    ],
    [
      0.3921156315279333,
      0.5342682984042569
    ],
    [
      0.4130511831349761,
      0.5342470605876171
    ],
    [
      0.46655877866542494,
      0.5309793470642191
    ],
    [
      0.40905021539548764,
      0.5312380811827622
    ],
    [
      0.3908038290186146,
      0.5298785491064707
    ],
    [
      0.37529913117380753,
      0.5288348819148546
    ]
  ]
}
