{
  "steersLeft": true,
  "leftEye": [
    [
      0.5746197472190321,
      0.2657823839182069
    ],
    [
      0.5800764346455791,
      0.26384015551821033
    ],
    [
      0.588708176703729,
      0.2649056583038722
    ],
    [
      0.596354382968455,
      0.270148844469199
    ],
    [
      0.588167559675877,
      0.27044989476742454
    ],
    [
      0.5791870417839162,
      0.2685348578354471
    ]
  ],
  "rightEye": [
    [
      0.6315497298557453,
      0.27512059943105055
    ],
    [
      0.6419186406162337,
      0.27268070140527595
    ],
    [
      0.6500596090529205,
      0.2739183116587112
    ],
    [
      0.6582890128170282,
      0.27887442328071543
    ],
    [
      0.6490966436043739,
      0.2796523127333245
    ],
    [
      0.6391956194619014,
      0.2774342321859828
    ]
  ],
  "mouth": [
    [
      0.5756602738049603,
      0.31220503357075424
    ],
    [
      0.580229859091414,
      0.3079009763428489
    ],
    [
      0.5872225831290684,
      0.305975681919696
    ],
    [
      0.59222467686012,
      0.3077928660324213
    ],
    [
      0.5974920833108507,
      0.3081232199363536
    ],
    [
      0.6085190307918842,
      0.31316107190145753
    ],
    [
      0.61832490914022,
      0.32029668017050417
    ],
    [
      0.6072181098002352,
      0.3221048175324744
    ],
    [
      0.5969678449422217,
      0.32248129839292883
    ],
    [
      0.5890521622344927,
      0.3218897851171078
    ],
    [
      0.5822812676311927,
      0.320091300900418
    ],
    [
      0.5773049175681342,
      0.31721356554111024
    ],
    [
      0.5774345387218941,
      0.31239041001602774
    ],
    [
      0.5861570405161165,
      0.31077564695144794
    ],
    [
      0.5917281157979853,
      0.3117663399098173
    ],
    [
      0.5987542372086417,
      0.3131745027207398
    ],
    [
      0.6165210871776214,
      0.319168098013805
    ],
    [
      0.597142498987074,
      0.3165517350839219
    ],
    [
      0.5905646919998457,
      0.31543525623416596
    ],
    [
      0.5849044806992524,
      0.31424154402764654
    ]
  ]
}
