{
  "steersLeft": false,
  "leftEye": [
    [
      0.4834610096242308,
      0.3183910243278534
    ],
    [
      0.49904103558561147,
      0.3136680289869859
    ],
    [
      0.5128221328061466,
      0.31411574266632236
    ],
    [
      0.5252345124194686,
      0.32211206783405494
    ],
    [
      0.5139359805375575,
      0.32702462182239866
    ],
    [
      0.4975395008875403,
      0.3248937552625203
    ]
  ],
  "rightEye": [
    [
      0.5805147258067045,
      0.3234905474812865
    ],
    [
      0.5969310833123705,
      0.31586531861567335
    ],
    [
      0.6101516972241905,
      0.31612155287763105
    ],
    [
      0.613935075626812,
      0.3233434805324282
    ],
    [
      0.6085871414699315,
      0.3278923616386269
    ],
    [
      0.5959444125882081,
      0.3278864357077799
    ]
  ],
  "mouth": [
    [
      0.5217348061488881,
      0.42180164063666564
    ],
    [
      0.5459562999691918,
      0.41411419305414093
    ],
    [
      0.5650191463410777,
      0.4100878894127142
    ],
    [
      0.572110536953057,
      0.4120676056092011
    ],
    [
      0.5799389901987154,
      0.41102395883972864
    ],
    [
      0.587755595829718,
      0.41615558730638175
    ],
    [
      0.5876859717488164,
      0.42361974183077444
    ],
    [
      0.5840938403276194,
      0.42906192322082815
    ],
    [
      0.5780454181036386,
      0.43248275750525156
    ],
    [
      0.5664965559254159,
      0.4334564882502777
    ],
    [
      0.5550841734533222,
      0.43242253069786835
    ],
    [
      0.5420236656954353,
      0.4286224083833898
    ],
    [
      0.526516943625604,
      0.42162177120625244
    ],
    [
      0.5582573739081063,
      0.4192782896461067
    ],
    [
      0.5678529272520444,
      0.4195786980588377
    ],
    [
      0.5765450870819475,
      0.41960126354820926
    ],
    [
      0.5865624086294803,
      0.42204947686577243
    ],
    [
      0.5756200445884472,
      0.420843731344465
    ],
    [
      0.5671000276762784,
      0.42010312515388604
    ],
    [
      0.5568503965873821,
      0.4199519961323823
    ]
  ]
}
