{
  "steersLeft": false,
  "leftEye": [
    [
      0.3819464005034645,
      0.25812983932912426
    ],
    [
      0.39489612133411256,
      0.254389757934963
    ],
    [
      0.4076289193337926,
      0.2538755635239453
    ],
    [
      0.4199840545164696,
      0.25988715693057834
    ],
    [
      0.40989509818103714,
      0.2646266339026362
    ],
    [
      0.3946708177762382,
      0.263379648534865
    ]
  ],
  "rightEye": [
    [
      0.47332113780174356,
      0.25674730095684684
    ],
    [
      0.4879530118841425,
      0.2498748558092716
    ],
    [
      0.49995000562172676,
      0.24889331439088344
    ],
    [
      0.5053946508776417,
      0.25329329655526917
    ],
    [
      0.49909178889473876,
      0.2588771841004686
    ],
    [
      0.48662411132012234,
      0.2598150405252226
    ]
  ],
  "mouth": [
    [
      0.41374138062549515,
      0.34658525318500316
    ],
    [
      0.43660606515004113,
      0.3429847753715772
    ],
    [
      0.4561299782043754,
      0.3401875766155307
    ],
    [
      0.4641010087320832,
      0.3415647187051905
    ],
    [
      0.4717040445705142,
      0.3397801774634985
    ],
    [
      0.4822272252151826,
      0.340680064782503
    ],
    [
      0.4853416076719268,
      0.3426124453280275
    ],
    [
      0.4797851352467503,
      0.3514276834243076
    ],
    [
      0.4725680167364619,
      0.3570679964383738
    ],
    [
      0.4605311893029194,
      0.35895429999715855
    ],
    [
      0.448587172529795,
      0.3590238730174402
    ],
    [
      0.4341123445186601,
      0.35523336800490457
    ],
    [
      0.4174911080084574,
      0.3465017655606652
    ],
    [
      0.4506142313999082,
      0.347447999007687
    ],
    [
      0.4612371393290077,
      0.3471035250863777
    ],
    [
      0.4708886738891153,
      0.3454932259078592
    ],
    [
      0.48396072304081117,
      0.34199611180212824
    ],
    [
      0.4697674908194813,
      0.34665654870946194
    ],
    [
      0.4605027823410363,
      0.34755782210604647
    ],
    [
      0.44994759337794266,
      0.34796893540771073
    ]
  ]
}
