{
  "steersLeft": true,
  "leftEye": [
    [
      0.41302104237132836,
      0.30575911043363985
    ],
    [
      0.4204525551299055,
      0.3023445114736208
    ],
    [
      0.4329636290198243,
      0.30281304218927474
    ],
    [
      0.4457260899930133,
      0.3092608954111897
    ],
    [
      0.43409463712857377,
      0.31223396248550433
    ],
    [
      0.420836140897381,
      0.31039201169803243
    ]
  ],
  "rightEye": [
    [
      0.5017044620508537,
      0.31106610085232217
    ],
    [
      0.5157530227598721,
      0.3062362366951553
    ],
    [
      0.5285180954631638,
      0.3063418504855087
    ],
    [
      0.5407766053790872,
      0.3111599294391262
    ],
    [
      0.5285265916468925,
      0.3158823002955554
    ],
    [
      0.5136671532281817,
      0.3145405870129231
    ]
  ],
  "mouth": [
    [
      0.4348143864160137,
      0.38588059942656067
    ],
    [
      0.44346757220410865,
      0.38167539391279637
    ],
    [
      0.4561456033591044,
      0.37882657043371865
    ],
    [
      0.4638618954600566,
      0.38080611729899433
    ],
    [
      0.4717266450711924,
      0.3798800513095434
    ],
    [
      0.48953676618226305,
      0.3834985067411402
    ],
    [
      0.5052179000322643,
      0.38847436048991146
    ],
    [
      0.4894713439553722,
      0.39516249105400947
    ],
    [
      0.4762106632215318,
      0.39931489885587257
    ],
    [
      0.464392624811769,
      0.3997820337136516
    ],
    [
      0.4529577046375497,
      0.398448022138066
    ],
    [
      0.44338630225690384,
      0.3941851701429402
    ],
    [
      0.437866015701197,
      0.3860672770507828
    ],
    [
      0.4548511202920815,
      0.38622597629566946
    ],
    [
      0.46396666291728933,
      0.38678485819780745
    ],
    [
      0.47535248417775894,
      0.38702642732074316
    ],
    [
      0.5031041881679368,
      0.38736167809807504
    ],
    [
      0.4745779611062229,
      0.3890358626866568
    ],
    [
      0.4641973173776463,
      0.38865376495994314
    ],
    [
      0.4548530387851815,
      0.38779629191624143
    ]
  ]
}
