{
  "steersLeft": true,
  "leftEye": [
    [
      0.4063932748755332,
      0.3473903320840555
    ],
    [
      0.4144111110866852,
      0.3438221467904749
    ],
    [
      0.42822865147901384,
      0.34380356635472914
    ],
    [
      0.44208605253729705,
      0.3503975762198962
    ],
    [
      0.43006976539339314,
      0.35388128584314077
    ],
    [
      0.41552364798710595,
      0.35227134357977763
    ]
  ],
  "rightEye": [
    [
      0.5015117907508639,
      0.35017525190610954
    ],
    [
      0.5162620907159229,
      0.34412370347817656
    ],
    [
      0.5295802052215725,
      0.34348624925799487
    ],
    [
      0.5423341827252184,
      0.3483027175449208
    ],
    [
      0.5301089609987693,
      0.3536731165985047
    ],
    [
      0.5142555918364865,
      0.353242867198239
    ]
  ],
  "mouth": [
    [
      0.4335340270686106,
      0.43441444896317527
    ],
    [
      0.4439993281587681,
      0.4315322473754519
    ],
    [
      0.45799228455677704,
      0.4287353058161438
    ],
    [
      0.4662989129736964,
      0.4306917573358845
    ],
    [
      0.47449251954794214,
      0.42943612518201424
    ],
    [
      0.49305109863393853,
      0.4319573023109279
    ],
    [
      0.5099225275585989,
      0.4353526633050715
    ],
    [
      0.4933580630147478,
      0.44048790753371964
    ],
    [
      0.4797976588992634,
      0.444720010739721
    ],
    [
      0.46730263488996576,
      0.4451466282874017
    ],
    [
      0.4551664749933974,
      0.4445293598428478
    ],
    [
      0.444285321849579,
      0.4410960810869263
    ],
    [
      0.4365334172479914,
      0.4344191856314205
    ],
    [
      0.45619385708157134,
      0.43603510976962956
    ],
    [
      0.46627398074953885,
      0.43606398147169173
    ],
    [
      0.4783678267365219,
      0.43567574558628736
    ],
    [
      0.5080219361153071,
      0.43414129702506055
    ],
    [
      0.47723910751422627,
      0.4348630285370757
    ],
    [
      0.46651620675676103,
      0.43453489218201047
    ],
    [
      0.456706948443882,
      0.433992067559518
    ]
  ]
}
