{
  "steersLeft": true,
  "leftEye": [
    [
      0.2915064580512778,
      0.22211339696855129
    ],
    [
      0.3004083479547069,
      0.21908336867253658
    ],
    [
      0.3144517483995597,
      0.21883501889623141
    ],
    [
      0.3294211765920679,
      0.22435697931788046
    ],
    [
      0.31676196078322044,
      0.22809058549925496
    ],
    [
      0.30146325665538815,
      0.22684403579530807
    ]
  ],
  "rightEye": [
    [
      0.3924918621000791,
      0.22487218777688153
    ],
    [
      0.4077079369246609,
      0.2196669469485949
    ],
    [
      0.4215568243999044,
      0.21977632129630414
    ],
    [
      0.43430534300139845,
      0.22346573536854894
    ],
    [
      0.4222262147439337,
      0.22868955394294924
    ],
    [
      0.40592165617124143,
      0.2280979303983951
    ]
  ],
  "mouth": [
    [
      0.32108965161904746,
      0.31333417097902094
    ],
    [
      0.3310559782187119,
      0.30746891883093436
    ],
    [
      0.34674975032379696,
      0.3031165961844611
    ],
    [
      0.355886393083642,
      0.3048862918667732
    ],
    [
      0.36448208097652274,
      0.3037437679633622
    ],
    [
      0.3839198666083083,
      0.3082696026281536
    ],
    [
      0.3992927662711974,
      0.3149241291376313
    ],
    [
      0.38475794961624654,
      0.32392520426384613
    ],
    [
      0.3710130613153532,
      0.32904000765430935
    ],
    [
      0.3571750209635095,
      0.32987683529913103
    ],
    [
      0.3434001689979777,
      0.328805773014249
    ],
    [
      0.33177590197175344,
      0.3239975997081827
    ],
    [
      0.3238990911796564,
      0.31361769486074387
    ],
    [
      0.3445906105160345,
      0.3119345576475161
    ],
    [
      0.3559796921849097,
      0.31161030459403316
    ],
    [
      0.36848584591356687,
      0.3117810749955573
    ],
    [
      0.3974490666939123,
      0.3140621959451374
    ],
    [
      0.3682648033367271,
      0.317982672044122
    ],
    [
      0.3565636376446147,
      0.3179832706504089
    ],
    [
      0.34504229719042684,
      0.3171833291249854
    ]
  ]
}
