{
  "steersLeft": true,
  "leftEye": [
    [
      0.3902085655101472,
      0.26798584020984656
    ],
    [
      0.3993331475497694,
      0.26412777068703824
    ],
    [
      0.41266220051575286,
      0.26326868544017584
    ],
    [
      0.4267915021038222,
      0.2680468314694381
    ],
    [
      0.41529261788819755,
      0.2716307846511079
    ],
    [
      0.40058346588439225,
      0.27129565569676395
    ]
  ],
  "rightEye": [
    [
      0.48440634717868597,
      0.2643425293200456
    ],
    [
      0.49775107300710886,
      0.25830645257501633
    ],
    [
      0.5107131292556621,
      0.25725916458318493
    ],
    [
      0.5226578370285426,
      0.26056364967424217
    ],
    [
      0.5120375505823603,
      0.26555662640495864
    ],
    [
      0.49724562888025414,
      0.26623730487721087
    ]
  ],
  "mouth": [
    [
      0.4269087869786225,
      0.33589466707264953
    ],
    [
      0.4392357927927855,
      0.332620677611388
    ],
    [
      0.453275894790271,
      0.3295564874063146
    ],
    [
      0.46102465048582303,
      0.3305585164135668
    ],
    [
      0.46864181327976145,
      0.3290404986809682
    ],
    [
      0.48549236205119034,
      0.3301811553494085
    ],
    [
      0.4997779297360246,
      0.33159336592532396
    ],
    [
      0.48727556529117205,
      0.337358788283862
    ],
    [
      0.4758223803217603,
      0.3412193508410886
    ],
    [
      0.464037570624894,
      0.34258574723846447
    ],
    [
      0.45202510634559917,
      0.3428380188326228
    ],
    [
      0.4402454071999105,
      0.3407208293718808
    ],
    [
      0.43007953519300823,
      0.3357261443520555
    ],
    [
      0.45164711511895905,
      0.33556321627829316
    ],
    [
      0.46109207336575087,
      0.3348949869629221
    ],
    [
      0.4726777383799332,
      0.3339689127601748
    ],
    [
      0.49805584080241033,
      0.3310252850589627
    ],
    [
      0.4723936705916271,
      0.3333828414741354
    ],
    [
      0.4621076323902695,
      0.3341789469061154
    ],
    [
      0.45240834460697954,
      0.33449034665705585
    ]
  ]
}
