{
  "steersLeft": true,
  "leftEye": [
    [
      0.5419261953869874,
      0.2546559564997374
    ],
    [
      0.5496162679742672,
      0.2522011395968571
    ],
    [
      0.5591062041573981,
      0.25167184228317685
    ],
    [
      0.5698110312214135,
      0.2568634247817458
    ],
    [
      0.5607854177226733,
      0.25986427951742774
    ],
    [
      0.5495750158915993,
      0.25874192246268474
    ]
  ],
  "rightEye": [
    [
      0.6156016511043728,
      0.2580520353790783
    ],
    [
      0.6269173360285856,
      0.2537925489025971
    ],
    [
      0.6370281747709537,
      0.2544280419514498
    ],
    [
      0.6467319222536916,
      0.25845433642677296
    ],
    [
      0.6370179343549626,
      0.262021439081156
    ],
    [
      0.6252200659961495,
      0.2611432787961033
    ]
  ],
  "mouth": [
    [
      0.559994740177972,
      0.33106187041622986
    ],
    [
      0.569797760349395,
      0.3270546388766883
    ],
    [
      0.5806365335698049,
      0.32425723458837424
    ],
    [
      0.5866953621853375,
      0.3260461927039887
    ],
    [
      0.5928842163047793,
      0.32522303376845807
    ],
    [
      0.6067448403197879,
      0.32822880325513504
    ],
    [
      0.6189528051404583,
      0.3322056465631239
    ],
    [
      0.6052840216188605,
      0.33337473873859863
    ],
    [
      0.5947407241745357,
      0.33445561282069847
    ],
    [
      0.5857354968060273,
      0.33435266172090816
    ],
    [
      0.5768528640107123,
      0.33413612026631334
    ],
    [
      0.5688790397241019,
      0.33271362038049623
    ],
    [
      0.5619865074017346,
      0.3303082490216652
    ],
    [
      0.5785315219923826,
      0.3303187870575516
    ],
    [
      0.586109745498465,
      0.33020111419791587
    ],
    [
      0.5956978305761711,
      0.33047957926573396
    ],
    [
      0.618192299573576,
      0.3310102149212182
    ],
    [
      0.5942023131537342,
      0.32769274675301546
    ],
    [
      0.5859387835843902,
      0.32709626243145384
    ],
    [
      0.5783561090960181,
      0.3268634809300929
    ]
  ]
}
