{
  "steersLeft": true,
  "leftEye": [
    [
      0.41115574642351793,
      0.2827593239448851
    ],
    [
      0.41791780912753296,
      0.2785274738959106
    ],
    [
      0.43160285955570693,
      0.2785852582338274
    ],
    [
      0.44606376202149983,
      0.2845469505299299
    ],
    [
      0.43381492649046105,
      0.2884628639147491
    ],
    [
      0.41973280050103057,
      0.28735747211214946
    ]
  ],
  "rightEye": [
    [
      0.505175752014246,
      0.28155538705658195
    ],
    [
      0.5191422065637719,
      0.27506061034533524
    ],
    [
      0.5326001749880349,
      0.2733282605544137
    ],
    [
      0.5461075242097811,
      0.27743409890815374
    ],
    [
      0.5339215811511272,
      0.2838259056194004
    ],
    [
      0.5181098919198026,
      0.28394092845420926
    ]
  ],
  "mouth": [
    [
      0.4445502276178071,
      0.36312941082379063
    ],
    [
      0.45246324929819537,
      0.35824061477933655
    ],
    [
      0.465546309246555,
      0.35396821456083855
    ],
    [
      0.47377848349256535,
      0.3550413324738168
    ],
    [
      0.4818241269604194,
      0.35342473422932585
    ],
    [
      0.500912283948097,
      0.35528134736174305
    ],
    [
      0.5180398709858389,
      0.35868292887992054
    ],
    [
      0.5025051062858059,
      0.36764266824326813
    ],
    [
      0.48936278290004714,
      0.3736421759622374
    ],
    [
      0.4771556002660978,
      0.3750977704998155
    ],
    [
      0.46501177993495557,
      0.3748787801890225
    ],
    [
      0.4546407431942918,
      0.37128967318581946
    ],
    [
      0.44786531867507856,
      0.36300589004774986
    ],
    [
      0.46510319435418057,
      0.3615399217599364
    ],
    [
      0.4747004932941255,
      0.36109715325362624
    ],
    [
      0.48652085158060027,
      0.36031044394490497
    ],
    [
      0.5155653875592111,
      0.3579731914679784
    ],
    [
      0.4862481312215353,
      0.3629696151711253
    ],
    [
      0.47534705285985707,
      0.3635950991116039
    ],
    [
      0.4660159938593599,
      0.36376412695865606
    ]
  ]
}
