{
  "steersLeft": true,
  "leftEye": [
    [
      0.22066462210994722,
      0.4204893734647792
    ],
    [
      0.22009278660349146,
      0.4126373791803765
    ],
    [
      0.24190123018475304,
      0.41152730894270245
    ],
    [
      0.2694756595641137,
      0.42254857190078965
    ],
    [
      0.2466116146907728,
      0.43198995018504227
    ],
    [
      0.22766286167648264,
      0.429010760138893
    ]
  ],
  "rightEye": [
    [
      0.3649589947048569,
      0.4232313996656274
    ],
    [
      0.3869044037321712,
      0.4112508705730364
    ],
    [
      0.41097769545354346,
      0.4100887106245763
    ],
    [
      0.44405414224291134,
      0.41870468528701354
    ],
    [
      0.4165379098892281,
      0.43153969318479507
    ],
    [
      0.3842793107801648,
      0.42845426051504326
    ]
  ],
  "mouth": [
    [
      0.2557740624005613,
      0.6054492029030589
    ],
    [
      0.24887609426083349,
      0.5933112625484145
    ],
    [
      0.25913486562294474,
      0.5820569375871582
    ],
    [
      0.2719863068853309,
      0.5877429258875824
    ],
    [
      0.2880330986077742,
      0.5854124900703577
    ],
    [
      0.3300983725359595,
      0.595678050020461
    ],
    [
      0.3747851389127486,
      0.6127047967100593
    ],
    [
      0.3348322492154148,
      0.6217134245089121
    ],
    [
      0.301440336097055,
      0.6316147310529294
    ],
    [
      0.27953489562088696,
      0.6324739810128153
    ],
    [
      0.26035751064053086,
      0.6283417066509469
    ],
    [
      0.25038747224006924,
      0.6211633601104429
    ],
    [
      0.2594583923381549,
      0.6057777187025466
    ],
    [
      0.266401718671468,
      0.6023322941213787
    ],
    [
      0.28016530227940245,
      0.6017109264432153
    ],
    [
      0.30345115057142547,
      0.6021615887152899
    ],
    [
      0.3708454621628548,
      0.6090654802618892
    ],
    [
      0.2979503963009864,
      0.6090220793334634
    ],
    [
      0.27747849699541305,
      0.6064879268776631
    ],
    [
      0.262817047112006,
      0.6047701146919015
    ]
  ]
}
