{
  "steersLeft": true,
  "leftEye": [
    [
      0.34927981995761914,
      0.29072433358153293
    ],
    [
      0.36183746657705684,
      0.28194303577923135
    ],
    [
      0.38455765497360267,
      0.2790574675307248
    ],
    [
      0.40598603615688783,
      0.28558142655803914
    ],
    [
      0.38801079108576425,
      0.2928073245674195
    ],
    [
      0.36558390350585346,
      0.2938088013653236
    ]
  ],
  "rightEye": [
    [
      0.5015743071228931,
      0.27721530507902015
    ],
    [
      0.5233475886681558,
      0.26745054811748137
    ],
    [
      0.5433598906668001,
      0.2656470150489187
    ],
    [
      0.5655780378479096,
      0.27383746455093505
    ],
    [
      0.5464066697451109,
      0.2800058574185566
    ],
    [
      0.5220216813165236,
      0.27947955785149575
    ]
  ],
  "mouth": [
    [
      0.41323145580430165,
      0.41735166860080575
    ],
    [
      0.42770342998833893,
      0.4001606922207078
    ],
    [
      0.446578291762429,
      0.38796044979536237
    ],
    [
      0.45990202746269754,
      0.3897740445211807
    ],
    [
      0.47337691048722774,
      0.3873095571715197
    ],
    [
      0.4998516521974451,
      0.39469852566483493
    ],
    [
      0.5244416235702839,
      0.40781163283864064
    ],
    [
      0.5050283206820682,
      0.414287584627507
    ],
    [
      0.48461298745680165,
      0.4216165956292583
    ],
    [
      0.4660234516381835,
      0.4232777567903546
    ],
    [
      0.4481183103377275,
      0.42433406799220175
    ],
    [
      0.4298181480527403,
      0.42283756199892314
    ],
    [
      0.41919610001179397,
      0.41639111137987417
    ],
    [
      0.4470058490483158,
      0.4036517073984195
    ],
    [
      0.46122292487493005,
      0.40097715174830073
    ],
    [
      0.4793006118848803,
      0.39960431622187215
    ],
    [
      0.5209785949506636,
      0.40600307436844973
    ],
    [
      0.47828325452983556,
      0.40587551816988726
    ],
    [
      0.46293386163703637,
      0.40609292377380213
    ],
    [
      0.44808089146831287,
      0.4072056540634749
    ]
  ]
}
