{
  "steersLeft": true,
  "leftEye": [
    [
      0.41165674263862473,
      0.4194834240775907
    ],
    [
      0.4225043983957275,
      0.4137221018158369
    ],
    [
      0.43730585649934667,
      0.4135806181219868
    ],
    [
      0.45176778593212424,
      0.4237724114782733
    ],
    [
      0.438626708385037,
      0.42823775453049095
    ],
    [
      0.42248333602566807,
      0.4260388179136596
    ]
  ],
  "rightEye": [
    [
      0.5156850219892988,
      0.424493055322965
    ],
    [
      0.5316770936025044,
      0.41495022167963114
    ],
    [
      0.5460208215950388,
      0.41531071610687403
    ],
    [
      0.5579504318906074,
      0.422847659097425
    ],
    [
      0.54637229649386,
      0.42923901005084775
    ],
    [
      0.5304048067165118,
      0.428240803971897
    ]
  ],
  "mouth": [
    [
      0.4441602156983745,
      0.5240108484927214
    ],
    [
      0.4586997003697429,
      0.5202769076551195
    ],
    [
      0.4748781585376346,
      0.5173459418703906
    ],
    [
      0.48364518412371227,
      0.5199638910272866
    ],
    [
      0.49293162118022177,
      0.5180564246201781
    ],
    [
      0.5104617537719011,
      0.5209448614556622
    ],
    [
      0.5251746084169756,
      0.5245304703404899
    ],
    [
      0.5107751676436897,
      0.533026985732616
    ],
    [
      0.4975142921976468,
      0.5388662134317512
    ],
    [
      0.4843656314716751,
      0.5401159205212656
    ],
    [
      0.4713857871837636,
      0.5390877171391402
    ],
    [
      0.4585283531817918,
      0.5341881328887413
    ],
    [
      0.4481395069595624,
      0.5242542250791009
    ],
    [
      0.4723794375996936,
      0.5257021829578373
    ],
    [
      0.4829036653349019,
      0.5263877062894009
    ],
    [
      0.49532164686388974,
      0.5255070780643724
    ],
    [
      0.5227006053767141,
      0.5236441735674462
    ],
    [
      0.4954133706735542,
      0.5267965095073858
    ],
    [
      0.48391753453759434,
      0.5267827387938829
    ],
    [
      0.47294957291740025,
      0.5262148749314616
    ]
  ]
}
