{
  "steersLeft": true,
  "leftEye": [
    [
      0.3360555943262172,
      0.3453657095308068
    ],
    [
      0.3418487401177002,
      0.34048152943994886
    ],
    [
      0.35746437777128826,
      0.3400031976558566
    ],
    [
      0.37464324627965395,
      0.34623942539076724
    ],
    [
      0.3603502333043052,
      0.35088438550794365
    ],
    [
      0.34478756120440257,
      0.35024575237656014
    ]
  ],
  "rightEye": [
    [
      0.4409573167396515,
      0.3439710016167664
    ],
    [
      0.4561208280722084,
      0.3364039634199861
    ],
    [
      0.47151580023259065,
      0.33517535710862867
    ],
    [
      0.48964071431872175,
      0.33987202940951006
    ],
    [
      0.4735113776993016,
      0.3468844908566557
    ],
    [
      0.45528832969529653,
      0.3467446999695724
    ]
  ],
  "mouth": [
    [
      0.3724516625603266,
      0.45063868864024836
    ],
    [
      0.3761181928275479,
      0.4430659482110404
    ],
    [
      0.3868494597016234,
      0.4369532361710737
    ],
    [
      0.39608741890415106,
      0.43876115820013806
    ],
    [
      0.4052361782588347,
      0.4370021394898425
    ],
    [
      0.4269994923646604,
      0.4419018545304558
    ],
    [
      0.44883386653424906,
      0.449047079632191
    ],
    [
      0.43167981824070756,
      0.45689275655462136
    ],
    [
      0.4158523586159366,
      0.4633280249882477
    ],
    [
      0.4021889359945674,
      0.4647932992961184
    ],
    [
      0.3890798080288622,
      0.4639566969584195
    ],
    [
      0.3786598049595012,
      0.4595752191885853
    ],
    [
      0.3760836537932993,
      0.45053036312463435
    ],
    [
      0.38888243349525026,
      0.4472537866854899
    ],
    [
      0.39841760143961863,
      0.4461246432617527
    ],
    [
      0.41234165140797624,
      0.4459687123866185
    ],
    [
      0.44586851991192294,
      0.4478309053367605
    ],
    [
      0.4117044047169553,
      0.45129522617303625
    ],
    [
      0.4003298043136065,
      0.4512565172425317
    ],
    [
      0.39012059700468166,
      0.45108679555038217
    ]
  ]
}
