{
  "steersLeft": false,
  "leftEye": [
    [
      0.44864098012948567,
      0.289517790240596
    ],
    [
      0.46230921007382936,
      0.2846994189912016
    ],
    [
      0.47490969881486494,
      0.282513389400109
    ],
    [
      0.48785310189971837,
      0.2871665666264609
    ],
    [
      0.4781307835696465,
      0.2932192313240707
    ],
    [
      0.4631769082399586,
      0.293302242828699
    ]
  ],
  "rightEye": [
    [
      0.5412408404494364,
      0.2808734571231836
    ],
    [
      0.5555971306087593,
      0.2740526361616851
    ],
    [
      0.5676636416348282,
      0.272860472851145
    ],
    [
      0.5735451443623968,
      0.27690934734830475
    ],
    [
      0.5681273351645846,
      0.28216654156817506
    ],
    [
      0.5556119300981011,
      0.28378447572582194
    ]
  ],
  "mouth": [
    [
      0.49860945644410243,
      0.3794537849659015
    ],
    [
      0.5194446916836089,
      0.37258118587823724
    ],
    [
      0.5378745546734693,
      0.3671043738084756
    ],
    [
      0.545134730698277,
      0.36813849707061985
    ],
    [
      0.5527222450060452,
      0.3659110993036486
    ],
    [
      0.5643361844346377,
      0.36861564036978767
    ],
    [
      0.5697779691622282,
      0.37301299245050196
    ],
    [
      0.5651413016479464,
      0.37890235039155645
    ],
    [
      0.5589462604025095,
      0.3834314513110798
    ],
    [
      0.5471052407514445,
      0.38548447270983827
    ],
    [
      0.5348797200129884,
      0.3865663596883121
    ],
    [
      0.5205501367729124,
      0.3840564293092091
    ],
    [
      0.5026263663323344,
      0.379256352198137
    ],
    [
      0.5332831425337132,
      0.3764875523538105
    ],
    [
      0.5437611988400372,
      0.37516355906964033
    ],
    [
      0.5534095018711805,
      0.3738620154376653
    ],
    [
      0.5685770147026237,
      0.3722516232907653
    ],
    [
      0.5536056263463442,
      0.371741828517569
    ],
    [
      0.5448786584725581,
      0.3725680349820425
    ],
    [
      0.5344007806884215,
      0.37388198165881925
    ]
  ]
}
