{
  "steersLeft": false,
  "leftEye": [
    [
      0.457494953274124,
      0.30853000706436834
    ],
    [
      0.4774206444554315,
      0.304132677881645
    ],
    [
      0.49561572397596093,
      0.3036838208906729
    ],
    [
      0.5134558147284253,
      0.3123591238408127
    ],
    [
      0.49818073484748543,
      0.3177596143053387
    ],
    [
      0.4758642735015324,
      0.3156020794413223
    ]
  ],
  "rightEye": [
    [
      0.5960138103753233,
      0.3129284152854312
    ],
    [
      0.619535974472292,
      0.3046314369520798
    ],
    [
      0.6377552942189477,
      0.30566529343090204
    ],
    [
      0.647604804493189,
      0.3128126229924709
    ],
    [
      0.6361993606228736,
      0.31841340133941926
    ],
    [
      0.6165010822573671,
      0.31810670650176404
    ]
  ],
  "mouth": [
    [
      0.5032372539693776,
      0.431953589760627
    ],
    [
      0.5304489951856909,
      0.42267788232847087
    ],
    [
      0.5568693838038649,
      0.4177974148771467
    ],
    [
      0.5672447042100536,
      0.42029648603805314
    ],
    [
      0.5783789067091827,
      0.41898758957396953
    ],
    [
      0.5954228471806986,
      0.4255524588315254
    ],
    [
      0.6016961487851763,
      0.4352868723492844
    ],
    [
      0.5936228944247359,
      0.44397242386782326
    ],
    [
      0.5813986636927047,
      0.4495097180271887
    ],
    [
      0.5627784856194148,
      0.45101342912390446
    ],
    [
      0.5446916455339718,
      0.449742257676831
    ],
    [
      0.5269820994656754,
      0.4431154378436299
    ],
    [
      0.5078426053614779,
      0.4315575505484606
    ],
    [
      0.5483838202937322,
      0.42925030026275074
    ],
    [
      0.5629480214163567,
      0.429145022854035
    ],
    [
      0.5773003558058736,
      0.4292664077797508
    ],
    [
      0.6008518361303936,
      0.4334794142558239
    ],
    [
      0.5776278175374903,
      0.4352337928462857
    ],
    [
      0.5639875547003572,
      0.4352072714613965
    ],
    [
      0.5483158045252906,
      0.43445471798185725
    ]
  ]
}
