{
  "steersLeft": true,
  "leftEye": [
    [
      0.3364450323272755,
      0.35210179944059833
    ],
    [
      0.3473885646647274,
      0.3484292249040398
    ],
    [
      0.364899245179281,
      0.34764621075535124
    ],
    [
      0.3839131966145576,
      0.35562637111813417
    ],
    [
      0.3679225710742519,
      0.3610683875027228
    ],
    [
      0.3488454135751493,
      0.35926282747896937
    ]
  ],
  "rightEye": [
    [
      0.46161088042915505,
      0.35601229799387407
    ],
    [
      0.4797677123266297,
      0.34783535056628107
    ],
    [
      0.4974370206418206,
      0.34766998614422234
    ],
    [
      0.5155968117112666,
      0.3531118706796061
    ],
    [
      0.49877643897389423,
      0.36093320378896987
    ],
    [
      0.47774710647786467,
      0.360274970026453
    ]
  ],
  "mouth": [
    [
      0.3752081565011613,
      0.47291937695040154
    ],
    [
      0.3878273604248323,
      0.47034479580647215
    ],
    [
      0.40284187534814336,
      0.46709555504102407
    ],
    [
      0.41251854108351504,
      0.47000442070440124
    ],
    [
      0.4224155957751609,
      0.46857359313357755
    ],
    [
      0.445461083802733,
      0.4717209952744943
    ],
    [
      0.4674622037504552,
      0.4742839226499968
    ],
    [
      0.4452064100649467,
      0.47750153661908606
    ],
    [
      0.42820559719291373,
      0.4817969795588657
    ],
    [
      0.4138265528911894,
      0.4821243568812603
    ],
    [
      0.3998423384215986,
      0.48135097197772453
    ],
    [
      0.3876638546141485,
      0.47789907473125137
    ],
    [
      0.3789252117159054,
      0.4722996686748962
    ],
    [
      0.40197332369674893,
      0.47628911938266466
    ],
    [
      0.41288569803401004,
      0.4761214242069205
    ],
    [
      0.428183912010811,
      0.47605036173871684
    ],
    [
      0.4654302929400183,
      0.47246486296894874
    ],
    [
      0.42581110690112506,
      0.47037652467963464
    ],
    [
      0.41313428003887087,
      0.4693747089021294
    ],
    [
      0.4016598364160317,
      0.46897979076126006
    ]
  ]
}
