{
  "steersLeft": true,
  "leftEye": [
    [
      0.4099984312911598,
      0.30046240286715736
    ],
    [
      0.41789008421388024,
      0.2961717243613787
    ],
    [
      0.43105353808910374,
      0.2965702842796415
    ],
    [
      0.4440553145083299,
      0.3038109993776569
    ],
    [
      0.43219374506935665,
      0.30694677238565615
    ],
    [
      0.41845510476143366,
      0.3051595802287522
    ]
  ],
  "rightEye": [
    [
      0.5009005350359138,
      0.30578117220778483
    ],
    [
      0.5148857814856276,
      0.29980406449764396
    ],
    [
      0.5277186284042887,
      0.2998319375865492
    ],
    [
      0.5400414392726776,
      0.30584450062336993
    ],
    [
      0.5277278745576321,
      0.31042068100072634
    ],
    [
      0.5127906812745249,
      0.30917925213183794
    ]
  ],
  "mouth": [
    [
      0.43069711352831147,
      0.38697522134456724
    ],
    [
      0.44124119564726766,
      0.38288659590195206
    ],
    [
      0.45467376467578824,
      0.37973031423499276
    ],
    [
      0.46259510540160714,
      0.38204749913040253
    ],
    [
      0.47095239086265916,
      0.38094489907805446
    ],
    [
      0.48842564285130935,
      0.3849404416615942
    ],
    [
      0.5041998490493577,
      0.39019137806819176
    ],
    [
      0.48788376617438256,
      0.3944604999121207
    ],
    [
      0.47446360945558796,
      0.3981733468727844
    ],
    [
      0.4626010877279341,
      0.3982140927200764
    ],
    [
      0.4512786764665771,
      0.3973276842999978
    ],
    [
      0.4407696499659748,
      0.39373994110598093
    ],
    [
      0.433819822757209,
      0.3871657432193082
    ],
    [
      0.45304036169039263,
      0.3878217298955901
    ],
    [
      0.46258765801577156,
      0.3882392643481008
    ],
    [
      0.47417442298702256,
      0.38824436547060037
    ],
    [
      0.5018804970628001,
      0.3888444039444184
    ],
    [
      0.47305986268739025,
      0.38778352198300703
    ],
    [
      0.4627667371230436,
      0.38676621421403595
    ],
    [
      0.4529123073501185,
      0.38619339856226986
    ]
  ]
}
