{
  "steersLeft": false,
  "leftEye": [
    [
      0.44913005617774276,
      0.3335292462006246
    ],
    [
      0.46936938673389106,
      0.3229523506750111
    ],
    [
      0.48814881992835,
      0.3188979070866256
    ],
    [
      0.5059702764304166,
      0.3263720313272401
    ],
    [
      0.4926633536106718,
      0.3370242139683504
    ],
    [
      0.47149382419374364,
      0.3381039552996556
    ]
  ],
  "rightEye": [
    [
      0.5777240467260986,
      0.31106860737046355
    ],
    [
      0.596955395867168,
      0.2978896787343107
    ],
    [
      0.6133458198983465,
      0.2929296679001062
    ],
    [
      0.6189337435784289,
      0.30136163807058475
    ],
    [
      0.6155377706725016,
      0.30960145800789257
    ],
    [
      0.5989661084327331,
      0.3139124598737496
    ]
  ],
  "mouth": [
    [
      0.5355794327135306,
      0.4569013583435347
    ],
    [
      0.5675664731499286,
      0.44123711445271674
    ],
    [
      0.5920717940257765,
      0.4308230677801523
    ],
    [
      0.6020053871512082,
      0.4309236096970714
    ],
    [
      0.6115301072481237,
      0.4269626732041734
    ],
    [
      0.6222834817754521,
      0.4302570655543593
    ],
    [
      0.6236660822901394,
      0.43846686817839087
    ],
    [
      0.6238475286589996,
      0.45020607599246554
    ],
    [
      0.6196387361557681,
      0.45859332628039284
    ],
    [
      0.6050609023707593,
      0.46314321636340017
    ],
    [
      0.5894149751104207,
      0.4657488810189263
    ],
    [
      0.5678104832444442,
      0.4632269286632662
    ],
    [
      0.5426415936850274,
      0.4561167786129102
    ],
    [
      0.5869495479990569,
      0.44435273103112605
    ],
    [
      0.5996906449465524,
      0.44205441959159336
    ],
    [
      0.6112530690574026,
      0.4388755933787289
    ],
    [
      0.6224626383813401,
      0.43790736123020274
    ],
    [
      0.6113482214298042,
      0.4408705359259108
    ],
    [
      0.6009881772974837,
      0.4433599496384894
    ],
    [
      0.5872381506492337,
      0.4468200649501852
    ]
  ]
}
