{
  "steersLeft": false,
  "leftEye": [
    [
      0.3937491589126934,
      0.3816301900636581
    ],
    [
      0.411049727207671,
      0.37807411199987484
    ],
    [
      0.4315567709998116,
      0.3789138580957911
    ],
    [
      0.45147263155823836,
      0.39013705799901083
    ],
    [
      0.4332194777304775,
      0.39608817091441045
    ],
    [
      0.41006898950020104,
      0.392566358336809
    ]
  ],
  "rightEye": [
    [
      0.5406004643673595,
      0.39120233150463163
    ],
    [
      0.5626645323227358,
      0.3807072194751152
    ],
    [
      0.5829352420900996,
      0.3805134735723825
    ],
    [
      0.5985852150581854,
      0.3869448000901685
    ],
    [
      0.5821225345666141,
      0.39729959191033665
    ],
    [
      0.5600285735776924,
      0.397576562305696
    ]
  ],
  "mouth": [
    [
      0.4396841695370258,
      0.5342204287156153
    ],
    [
      0.46001736370271135,
      0.5291664664318904
    ],
    [
      0.4821496360212309,
      0.5247765814441036
    ],
    [
      0.49329675320418626,
      0.5281217271544046
    ],
    [
      0.5049219350991574,
      0.5261971669164166
    ],
    [
      0.5268630486802838,
      0.5310721573791599
    ],
    [
      0.5431646997274238,
      0.5360701025749732
    ],
    [
      0.5278334034081321,
      0.5483152876109885
    ],
    [
      0.5112427200516205,
      0.5557734553290344
    ],
    [
      0.4933100832091616,
      0.5577716845720578
    ],
    [
      0.4755732183800713,
      0.5562016843935417
    ],
    [
      0.45852897911733365,
      0.5483260828503655
    ],
    [
      0.44442359560634964,
      0.5341064610640829
    ],
    [
      0.47737116497464716,
      0.5371185655834546
    ],
    [
      0.49121441244562686,
      0.5374052391624663
    ],
    [
      0.5074546609138788,
      0.5366452757933886
    ],
    [
      0.5408393102027754,
      0.5344903992128048
    ],
    [
      0.5080469010976141,
      0.5386297021681539
    ],
    [
      0.4932854127521923,
      0.5393753255923875
    ],
    [
      0.47831892584145064,
      0.5380980858608567
    ]
  ]
}
