{
  "steersLeft": false,
  "leftEye": [
    [
      0.4360457949191027,
      0.2313334977758146
    ],
    [
      0.4539095733277139,
      0.2271152702246836
    ],
    [
      0.4744114464374966,
      0.22917842039485883
    ],
    [
      0.49376498890523884,
      0.2393403005592789
    ],
    [
      0.4749273517529987,
      0.24242508373873406
    ],
    [
      0.45259113579428606,
      0.23849984911392574
    ]
  ],
  "rightEye": [
    [
      0.581934061068564,
      0.24886643198945463
    ],
    [
      0.604584544694769,
      0.24270057899347203
    ],
    [
      0.6240958436516709,
      0.24415714798833743
    ],
    [
      0.63803777879327,
      0.25189845964135227
    ],
    [
      0.6223804985971765,
      0.2573439870508044
    ],
    [
      0.6004772784970164,
      0.25371923889961495
    ]
  ],
  "mouth": [
    [
      0.4561269198665126,
      0.3462190903364691
    ],
    [
      0.48223681278027514,
      0.34017245633689747
    ],
    [
      0.5104449774088653,
      0.3375412952816678
    ],
    [
      0.5232650030391766,
      0.34178197483692707
    ],
    [
      0.5368555037622972,
      0.3409320061092117
    ],
    [
      0.5602320677922232,
      0.3489547219415204
    ],
    [
      0.5766843955030215,
      0.35819114424189563
    ],
    [
      0.5559622692740961,
      0.36797886252119066
    ],
    [
      0.5352448803616175,
      0.3726139413122349
    ],
    [
      0.5158513467265793,
      0.3726539196257083
    ],
    [
      0.4965635618058324,
      0.36904050248170434
    ],
    [
      0.47650978234360386,
      0.36183676932039316
    ],
    [
      0.4621200745108495,
      0.34720522206881305
    ],
    [
      0.5028251130291386,
      0.3481281789017858
    ],
    [
      0.5200592391744974,
      0.3503344701441993
    ],
    [
      0.5389163006079956,
      0.35115236458030274
    ],
    [
      0.5722595878825086,
      0.3573604200891473
    ],
    [
      0.5354936472472336,
      0.3590399292755158
    ],
    [
      0.5183334822944244,
      0.3581147005135539
    ],
    [
      0.5007072501357257,
      0.35531156016139565
    ]
  ]
}
