{
  "steersLeft": true,
  "leftEye": [
    [
      0.34539912654689725,
      0.2721319313406911
    ],
    [
      0.35502337389555344,
      0.26665600479277096
    ],
    [
      0.37260937337338557,
      0.2650349433845103
    ],
    [
      0.39114263986452646,
      0.27173449268770294
    ],
    [
      0.37601880534825854,
      0.277243212541684
    ],
    [
      0.35789843507729846,
      0.27660703892087746
    ]
  ],
  "rightEye": [
    [
      0.4668562843617427,
      0.2658222304815975
    ],
    [
      0.4843664981074729,
      0.2574091971524099
    ],
    [
      0.5009337411092941,
      0.25576992599967785
    ],
    [
      0.5181561335620667,
      0.261031021857824
    ],
    [
      0.5029392189601695,
      0.26809592222469525
    ],
    [
      0.4831897919038523,
      0.2684838412091657
    ]
  ],
  "mouth": [
    [
      0.3939959033742167,
      0.37516336376854553
    ],
    [
      0.4057358304719651,
      0.36713750241513954
    ],
    [
      0.4231921884390354,
      0.3606742631168857
    ],
    [
      0.4338582092250648,
      0.36228149547987076
    ],
    [
      0.44468018401516746,
      0.36006048474149577
    ],
    [
      0.46866239690810424,
      0.3630619881763203
    ],
    [
      0.4893544036155337,
      0.3689404885927381
    ],
    [
      0.47107014820863663,
      0.37805967036167465
    ],
    [
      0.4544945082144144,
      0.38554511785132695
    ],
    [
      0.43830033323251566,
      0.38752420288125256
    ],
    [
      0.4224639391432777,
      0.3878387573540868
    ],
    [
      0.40793065475011947,
      0.3838292201238901
    ],
    [
      0.397794173610905,
      0.37490733874032
    ],
    [
      0.4222527605357558,
      0.37105457573566447
    ],
    [
      0.4348455805041356,
      0.3697385341164703
    ],
    [
      0.45042234648997054,
      0.3684460063788197
    ],
    [
      0.48718112394938906,
      0.36760488210275755
    ],
    [
      0.4497392454067801,
      0.37265203317088136
    ],
    [
      0.43590472881414144,
      0.3734006935372718
    ],
    [
      0.42320882138562704,
      0.3737971862295082
    ]
  ]
}
