{
  "steersLeft": true,
  "leftEye": [
    [
      0.3784489030898175,
      0.40819040017078156
    ],
    [
      0.3908237233288702,
      0.40273107814095715
    ],
    [
      0.41309362038191444,
      0.40315526111110456
    ],
    [
      0.4349406848370104,
      0.41445521399404966
    ],
    [
      0.41524540731032633,
      0.42043179727844143
    ],
    [
      0.3922086565094854,
      0.4173463797598794
    ]
  ],
  "rightEye": [
    [
      0.5284519448879869,
      0.41734614646927737
    ],
    [
      0.5503718560978831,
      0.40653607585583895
    ],
    [
      0.5718498337164858,
      0.40621073811379504
    ],
    [
      0.5919823950416037,
      0.41317062262272775
    ],
    [
      0.5724079359031563,
      0.4236213837166466
    ],
    [
      0.5482797796242252,
      0.42236634093298475
    ]
  ],
  "mouth": [
    [
      0.41430795317068553,
      0.5619659908190322
    ],
    [
      0.42972066983887847,
      0.5583787092256405
    ],
    [
      0.45036384448260924,
      0.5551167653742926
    ],
    [
      0.46411174474179084,
      0.5587886474716245
    ],
    [
      0.4782077315434851,
      0.5570452201441214
    ],
    [
      0.5078279538158899,
      0.5620512072101619
    ],
    [
      0.5354622317718744,
      0.5672589626521338
    ],
    [
      0.5084605543231303,
      0.5778048923142671
    ],
    [
      0.4854280340715304,
      0.5852667388800826
    ],
    [
      0.46546186164554343,
      0.586023757552225
    ],
    [
      0.4458972737886585,
      0.5840285816701997
    ],
    [
      0.4287383439277075,
      0.5766649597794864
    ],
    [
      0.4198010609210295,
      0.5627789245826824
    ],
    [
      0.4483207813992583,
      0.5666139794587368
    ],
    [
      0.4642695327945668,
      0.5674876247686736
    ],
    [
      0.4852806762918083,
      0.5672553419819895
    ],
    [
      0.5316919103890617,
      0.565959851273738
    ],
    [
      0.48287881689714507,
      0.568981151203223
    ],
    [
      0.4652587952819709,
      0.5684073683015824
    ],
    [
      0.44820075068085025,
      0.5667569586029428
    ]
  ]
}
