{
  "steersLeft": false,
  "leftEye": [
    [
      0.4473964983441533,
      0.3375278296410749
    ],
    [
      0.46497428506169536,
      0.33265832736743123
    ],
    [
      0.48285429316230966,
      0.33317329949859037
    ],
    [
      0.5006418620730784,
      0.34426975842192253
    ],
    [
      0.4845496354820006,
      0.3489234301749341
    ],
    [
      0.46310612015033187,
      0.34621505855086293
    ]
  ],
  "rightEye": [
    [
      0.5831347627240945,
      0.34860605480330326
    ],
    [
      0.6042073616443906,
      0.33940363878297836
    ],
    [
      0.622466116677738,
      0.3406443988428917
    ],
    [
      0.6351644207892232,
      0.34836025440247353
    ],
    [
      0.6208403534774687,
      0.355381520367086
    ],
    [
      0.600967225093104,
      0.35422094761508816
    ]
  ],
  "mouth": [
    [
      0.48262546282401353,
      0.47403946252267004
    ],
    [
      0.5058197311734474,
      0.4704287390906659
    ],
    [
      0.528058664435178,
      0.46765641768270366
    ],
    [
      0.538835000375628,
      0.4710200113516032
    ],
    [
      0.5490973693685876,
      0.46955522084336204
    ],
    [
      0.5672339361199408,
      0.4741535507622627
    ],
    [
      0.5801147074535131,
      0.4788469980874995
    ],
    [
      0.5658506894477943,
      0.4845769619017469
    ],
    [
      0.5517683119815558,
      0.48844443213351113
    ],
    [
      0.5364676110232655,
      0.4884849711018943
    ],
    [
      0.5207944206603088,
      0.48725914991507024
    ],
    [
      0.504250216835562,
      0.4822861592013592
    ],
    [
      0.4878714069407276,
      0.4739940799372853
    ],
    [
      0.5217512368876827,
      0.4777411266188135
    ],
    [
      0.5351844618367821,
      0.47868865042008774
    ],
    [
      0.5494909851065437,
      0.4782103607905143
    ],
    [
      0.5779101286479161,
      0.4772378116347316
    ],
    [
      0.5498092349468292,
      0.4750218568564886
    ],
    [
      0.5369757911925069,
      0.4739590514607083
    ],
    [
      0.5233432438814999,
      0.4729703042669094
    ]
  ]
}
