{
  "steersLeft": false,
  "leftEye": [
    [
      0.39829054422375615,
      0.21682269158171572
    ],
    [
      0.4088093860979205,
      0.21329992180459267
    ],
    [
      0.41878570538567716,
      0.21199113327162195
    ],
    [
      0.4284455241583645,
      0.216252853044876
    ],
    [
      0.420583134222587,
      0.22001029471724756
    ],
    [
      0.40932145558797306,
      0.21957673420296683
    ]
  ],
  "rightEye": [
    [
      0.4696351448426775,
      0.2142948286631776
    ],
    [
      0.48064184716738456,
      0.20879584636176376
    ],
    [
      0.48964621756109195,
      0.20888700755241915
    ],
    [
      0.4949904056544152,
      0.2130962637715492
    ],
    [
      0.49007555862563673,
      0.21605648598107294
    ],
    [
      0.4804871167393913,
      0.21647009706544038
    ]
  ],
  "mouth": [
    [
      0.43353560257993234,
      0.28706086591164964
    ],
    [
      0.44876798990962785,
      0.28256832119876296
    ],
    [
      0.461837475728195,
      0.2791166947582703
    ],
    [
      0.46743567404299396,
      0.28035228216280556
    ],
    [
      0.47359654783301786,
      0.2790206374422856
    ],
    [
      0.4828764523301594,
      0.2814024351560588
    ],
    [
      0.48770345634761825,
      0.2847941930330008
    ],
    [
      0.4832821526425069,
      0.28880880292802685
    ],
    [
      0.47773664876875344,
      0.29185098962074213
    ],
    [
      0.4689048530246498,
      0.2928960640243681
    ],
    [
      0.4601246009397841,
      0.2933186918861277
    ],
    [
      0.4495671013211913,
      0.2910295860357319
    ],
    [
      0.4366715256274122,
      0.2868019592097115
    ],
    [
      0.45823481831101215,
      0.2857774221765146
    ],
    [
      0.4660543664870234,
      0.2849753395332801
    ],
    [
      0.47387005030931006,
      0.28446094226653845
    ],
    [
      0.4872449195223971,
      0.28406156846586667
    ],
    [
      0.4746561621486017,
      0.28418246120018853
    ],
    [
      0.46774566056474454,
      0.28439478882161273
    ],
    [
      0.4598201125977813,
      0.2847548415660683
    ]
  ]
}
