{
  "steersLeft": false,
  "leftEye": [
    [
      0.40316688984428767,
      0.3054539950043745
    ],
    [
      0.4187525029440386,
      0.30022722315146516
    ],
    [
      0.4371775275884422,
      0.2983631852674598
    ],
    [
      0.4566860734949161,
      0.305713736118779
    ],
    [
      0.4409674480146426,
      0.3116710775345324
    ],
    [
      0.41989217230302744,
      0.3108267439274088
    ]
  ],
  "rightEye": [
    [
      0.5413596110068397,
      0.3004370993512277
    ],
    [
      0.5615150525089248,
      0.2912605119198302
    ],
    [
      0.5794676516835471,
      0.29023250272222256
    ],
    [
      0.5950073542630203,
      0.2959176810327699
    ],
    [
      0.5804845589246231,
      0.3030953110086548
    ],
    [
      0.5600792545854593,
      0.30385206545176074
    ]
  ],
  "mouth": [
    [
      0.4621018276538548,
      0.42027075876643416
    ],
    [
      0.48171873710390734,
      0.412500278564154
    ],
    [
      0.5034867935594741,
      0.40732587253951436
    ],
    [
      0.5147274497358744,
      0.40874458264312324
    ],
    [
      0.5256827984789938,
      0.4066246415247457
    ],
    [
      0.5482386789550859,
      0.4091458141256888
    ],
    [
      0.5640561281305686,
      0.4145304856432499
    ],
    [
      0.5502472737317082,
      0.4255925456759238
    ],
    [
      0.535588966876979,
      0.4330639858160089
    ],
    [
      0.5178241200372858,
      0.4355650095467819
    ],
    [
      0.5001707321175042,
      0.4357663409583166
    ],
    [
      0.48284088714029233,
      0.43069022555794895
    ],
    [
      0.46673160994368046,
      0.4200033025694236
    ],
    [
      0.49972385618843557,
      0.41708025359623746
    ],
    [
      0.5138497075700804,
      0.41619106083398133
    ],
    [
      0.5296048178959792,
      0.4149433880560778
    ],
    [
      0.5622950366008698,
      0.41335192616396227
    ],
    [
      0.530710958240021,
      0.4190843976949495
    ],
    [
      0.5159936616314119,
      0.42039160480040455
    ],
    [
      0.5011952255677888,
      0.42106441348231055
    ]
  ]
}
