{
  "steersLeft": true,
  "leftEye": [
    [
      0.35544571419290694,
      0.2943424167482792
    ],
    [
      0.3698462121851455,
      0.28932606767593194
    ],
    [
      0.39111449574372736,
      0.29105882994723326
    ],
    [
      0.4142948474443738,
      0.3037615265707881
    ],
    [
      0.39367108052039856,
      0.3099608781463084
    ],
    [
      0.36961353562076704,
      0.30585090811434623
    ]
  ],
  "rightEye": [
    [
      0.5131274455309645,
      0.30934923699437394
    ],
    [
      0.5361514038829662,
      0.29833322831333076
    ],
    [
      0.5587407775203163,
      0.2989832908407345
    ],
    [
      0.5809115374440343,
      0.30807877365905245
    ],
    [
      0.5587764188756272,
      0.31860511861468516
    ],
    [
      0.5328219859387342,
      0.31680599594597003
    ]
  ],
  "mouth": [
    [
      0.39562558917395924,
      0.46165473807414054
    ],
    [
      0.4087224223169768,
      0.4540702123882223
    ],
    [
      0.42844734844713417,
      0.44897132000216294
    ],
    [
      0.44119553667891115,
      0.4529484335116123
    ],
    [
      0.45377169222717895,
      0.45133486102899517
    ],
    [
      0.48306570995160486,
      0.4604622555141941
    ],
    [
      0.5075071329132891,
      0.4711378226189831
    ],
    [
      0.48295011154006984,
      0.48212013429205697
    ],
    [
      0.4614413827752396,
      0.4896174810417881
    ],
    [
      0.4419300496491368,
      0.48997803641691234
    ],
    [
      0.4231587274976041,
      0.4872565919251105
    ],
    [
      0.40849178677509285,
      0.47763471016138515
    ],
    [
      0.4002206068978888,
      0.4619223721879396
    ],
    [
      0.4266897601951257,
      0.46299794100807473
    ],
    [
      0.4411327624808132,
      0.4643750758632794
    ],
    [
      0.459978326825585,
      0.46561105392599894
    ],
    [
      0.5043860523401883,
      0.4684608968078881
    ],
    [
      0.4589443575862374,
      0.46964179031164677
    ],
    [
      0.44201759675776225,
      0.46775830766635773
    ],
    [
      0.4266543356984547,
      0.4659273203134219
    ]
  ]
}
