{
  "steersLeft": true,
  "leftEye": [
    [
      0.3625246866877448,
      0.2567301926618731
    ],
    [
      0.367559910572554,
      0.25341218013671396
    ],
    [
      0.3782273859335073,
      0.2523920910681243
    ],
    [
      0.3896927176482285,
      0.256561356900541
    ],
    [
      0.3805313534844748,
      0.25993968530463896
    ],
    [
      0.3698836224864388,
      0.2598027782820192
    ]
  ],
  "rightEye": [
    [
      0.4343563277161564,
      0.252042985987181
    ],
    [
      0.4440312408712672,
      0.24597697566921295
    ],
    [
      0.4550032265014961,
      0.24420685909170747
    ],
    [
      0.4664562651924474,
      0.24695759624246122
    ],
    [
      0.45721818258029534,
      0.25238081621867847
    ],
    [
      0.44495638025858897,
      0.253212359193295
    ]
  ],
  "mouth": [
    [
      0.39898296637770575,
      0.3124572339654076
    ],
    [
      0.40423483204784433,
      0.31148187469868827
    ],
    [
      0.41180207492129206,
      0.3097006137173533
    ],
    [
      0.4177621212586357,
      0.3107582580789102
    ],
    [
      0.42396618715229384,
      0.3093866832968776
    ],
    [
      0.43831427677246304,
      0.3092029289052143
    ],
    [
      0.4527920601535573,
      0.30872357605036943
    ],
    [
      0.44042588513744035,
      0.3139939789869509
    ],
    [
      0.4301908740370043,
      0.31820888556645927
    ],
    [
      0.4216481328615264,
      0.319492966125372
    ],
    [
      0.41336730119961007,
      0.3190796535379332
    ],
    [
      0.4057678321272615,
      0.3169091602299506
    ],
    [
      0.40201086692913474,
      0.312490993290937
    ],
    [
      0.41309847981036873,
      0.31395850647565915
    ],
    [
      0.41894024878242214,
      0.3138509410203595
    ],
    [
      0.4282250759040492,
      0.31308666015375614
    ],
    [
      0.4504870811085879,
      0.30843490859760697
    ],
    [
      0.42660828366151365,
      0.31151309468288474
    ],
    [
      0.41902373749734,
      0.3119614014810217
    ],
    [
      0.41273528603074905,
      0.31210346545367723
    ]
  ]
}
