{
  "steersLeft": false,
  "leftEye": [
    [
      0.47058020699125763,
      0.3037283010439172
    ],
    [
      0.4856016606441037,
      0.29908333435795065
    ],
    [
      0.5006443863486071,
      0.29827547993677245
    ],
    [
      0.5152762054659369,
      0.30447351136341
    ],
    [
      0.5032012476460206,
      0.30949900655985024
    ],
    [
      0.4862864940361154,
      0.30813181144830204
    ]
  ],
  "rightEye": [
    [
      0.579611560113596,
      0.3017879424973049
    ],
    [
      0.5967289660513538,
      0.29476184876120615
    ],
    [
      0.6101340495366842,
      0.2939337582923464
    ],
    [
      0.6181461000897691,
      0.2994886677784977
    ],
    [
      0.6098037867387761,
      0.30465594906585153
    ],
    [
      0.5947615196719369,
      0.3050835917697881
    ]
  ],
  "mouth": [
    [
      0.5154345664993737,
      0.4008061656540459
    ],
    [
      0.5379097776287985,
      0.3945903163680653
    ],
    [
      0.5583758937109312,
      0.39005085238816234
    ],
    [
      0.5662145573871088,
      0.3917735458249236
    ],
    [
      0.5751186145170325,
      0.3901044678827329
    ],
    [
      0.5888476709123065,
      0.39313529209287973
    ],
    [
      0.5959974608170507,
      0.39850141745217305
    ],
    [
      0.5879633738162018,
      0.4020244257074096
    ],
    [
      0.5787841122479473,
      0.40559262979709243
    ],
    [
      0.5656798295505806,
      0.4066578716795022
    ],
    [
      0.5524308575901442,
      0.4071246277878287
    ],
    [
      0.5371060915621264,
      0.40461697704072047
    ],
    [
      0.5191920538417676,
      0.40047422266560206
    ],
    [
      0.5525722271901216,
      0.399141410179511
    ],
    [
      0.5642829939449331,
      0.3984843669364365
    ],
    [
      0.5755516121516923,
      0.39736797350681696
    ],
    [
      0.5947085579416812,
      0.3973388707685614
    ],
    [
      0.5753071145969654,
      0.39432765957940635
    ],
    [
      0.5650407288856433,
      0.39442918829036966
    ],
    [
      0.5533227331276505,
      0.3950587761199955
    ]
  ]
}
