{
  "steersLeft": false,
  "leftEye": [
    [
      0.44385070077197303,
      0.2437177235706907
    ],
    [
      0.45525703901229075,
      0.23953898892094203
    ],
    [
      0.46677469017793105,
      0.23898356462356193
    ],
    [
      0.4780799318741082,
      0.2440700414455392
    ],
    [
      0.46891112805527757,
      0.24843505825302684
    ],
    [
      0.4556380690411097,
      0.24763927912677036
    ]
  ],
  "rightEye": [
    [
      0.5268459751951116,
      0.24105667518013926
    ],
    [
      0.5399220150490911,
      0.23475583037740894
    ],
    [
      0.5506599343698106,
      0.23377484103123838
    ],
    [
      0.5565285609154091,
      0.2384298972724029
    ],
    [
      0.5506231059010838,
      0.2428630279900771
    ],
    [
      0.5391424610821168,
      0.24361304053026758
    ]
  ],
  "mouth": [
    [
      0.4830110952392788,
      0.32160707043681264
    ],
    [
      0.49978141255745734,
      0.31569244999146856
    ],
    [
      0.5150978483477138,
      0.31182602184748764
    ],
    [
      0.5212717598522632,
      0.3131184119979482
    ],
    [
      0.528053689112875,
      0.31164945591762716
    ],
    [
      0.5380121472725053,
      0.31439800768196347
    ],
    [
      0.5429430012847257,
      0.3191744135904282
    ],
    [
      0.5377244180934808,
      0.3239210345313079
    ],
    [
      0.5310006007845728,
      0.3276110343203363
    ],
    [
      0.5208250387244593,
      0.32891537055864273
    ],
    [
      0.5106386029081446,
      0.3291288294930024
    ],
    [
      0.499176689410315,
      0.32642250176085075
    ],
    [
      0.4864212010833812,
      0.3214125165877293
    ],
    [
      0.5108930147744275,
      0.31926992497031703
    ],
    [
      0.5195115725006542,
      0.3188886361127558
    ],
    [
      0.5278089909292297,
      0.31813238684340206
    ],
    [
      0.5416443221319424,
      0.3183250146437732
    ],
    [
      0.5276110050410718,
      0.31802880440224307
    ],
    [
      0.5197872678499141,
      0.3182736762739326
    ],
    [
      0.5111855234565333,
      0.3187525515995785
    ]
  ]
}
