{
  "steersLeft": true,
  "leftEye": [
    [
      0.3783756308286825,
      0.34479305018143963
    ],
    [
      0.3879803624865662,
      0.3417078773689846
    ],
    [
      0.4047208246853286,
      0.34132056114109105
    ],
    [
      0.4226473087982475,
      0.34819555768214355
    ],
    [
      0.4077882890024794,
      0.3528050242484805
    ],
    [
      0.39019590405839966,
      0.35094693130677246
    ]
  ],
  "rightEye": [
    [
      0.49695318949009354,
      0.3471419112900517
    ],
    [
      0.5144635396613073,
      0.3402964618509433
    ],
    [
      0.5311689445510124,
      0.33904515988307043
    ],
    [
      0.5481037566137086,
      0.343588731368892
    ],
    [
      0.5328862727635004,
      0.35080836993487957
    ],
    [
      0.5129781856963357,
      0.35061306537097503
    ]
  ],
  "mouth": [
    [
      0.42309143501346935,
      0.43782688425699096
    ],
    [
      0.43455340044545676,
      0.4376434311662057
    ],
    [
      0.44967771065159906,
      0.4364835887518404
    ],
    [
      0.45940527124490993,
      0.4386807984697515
    ],
    [
      0.4695100913426618,
      0.43735390813264813
    ],
    [
      0.49302598959211436,
      0.43845845356104574
    ],
    [
      0.5148517706190445,
      0.4393224244681426
    ],
    [
      0.4945355633471703,
      0.4475985202574562
    ],
    [
      0.4778079923270011,
      0.45332091283080445
    ],
    [
      0.4625763225997436,
      0.45428172762775715
    ],
    [
      0.44787392783358454,
      0.4527014323259888
    ],
    [
      0.4354616425736151,
      0.4474494794540756
    ],
    [
      0.42685881778047347,
      0.4379960087832794
    ],
    [
      0.4489830826075061,
      0.44336635772332395
    ],
    [
      0.46041011350356553,
      0.4442184326586541
    ],
    [
      0.4751506683905991,
      0.4439299330939893
    ],
    [
      0.5122698517065176,
      0.43818997838775864
    ],
    [
      0.473298669216288,
      0.44118819342654547
    ],
    [
      0.46025662476935436,
      0.4411701714743055
    ],
    [
      0.44886846831055915,
      0.44020039761632146
    ]
  ]
}
