{
  "steersLeft": true,
  "leftEye": [
    [
      0.34836705071525637,
      0.2707617957641356
    ],
    [
      0.3513920360328107,
      0.2682358209950527
    ],
    [
      0.3633535092436672,
      0.26785088991786926
    ],
    [
      0.37679777345372695,
      0.2716986522579804
    ],
    [
      0.3658545035787597,
      0.2747870294947369
    ],
    [
      0.35432867751408575,
      0.2739854043805355
    ]
  ],
  "rightEye": [
    [
      0.42779229022468684,
      0.2712886697675562
    ],
    [
      0.43988672390240036,
      0.26731683179453675
    ],
    [
      0.45190444468452584,
      0.2669157527865226
    ],
    [
      0.46671001642870213,
      0.27021014685313915
    ],
    [
      0.4536618627186372,
      0.27423339979770456
    ],
    [
      0.43847363302572134,
      0.2734937571988243
    ]
  ],
  "mouth": [
    [
      0.375953273085763,
      0.3352336966138437
    ],
    [
      0.3777382803953668,
      0.3319056744309985
    ],
    [
      0.3852379793703316,
      0.32901689406530055
    ],
    [
      0.3922515477852169,
      0.33043046140757576
    ],
    [
      0.3994305919879209,
      0.3295614191848938
    ],
    [
      0.4181807887153454,
      0.3321619599907391
    ],
    [
      0.43730735755223876,
      0.3361315658089364
    ],
    [
      0.4202543545321997,
      0.33971966419281935
    ],
    [
      0.40654016697648204,
      0.3435286453565831
    ],
    [
      0.39584360987876405,
      0.34395351893390663
    ],
    [
      0.3862276441407161,
      0.34314672567745924
    ],
    [
      0.37947440354541845,
      0.3403001350488508
    ],
    [
      0.37823285193960965,
      0.33511760445358774
    ],
    [
      0.3873625075221703,
      0.33509717319863885
    ],
    [
      0.3944889131660844,
      0.3347420192678782
    ],
    [
      0.4054109052613167,
      0.3348371975451156
    ],
    [
      0.43578977635690924,
      0.33477650706535594
    ],
    [
      0.4035204070300765,
      0.3358506963818975
    ],
    [
      0.39436417132717166,
      0.3351894355979554
    ],
    [
      0.3872617031854593,
      0.3348116082026722
    ]
  ]
}
