{
  "steersLeft": false,
  "leftEye": [
    [
      0.44996945621238604,
      0.29104627139303746
    ],
    [
      0.46509233410027456,
      0.2859126286518781
    ],
    [
      0.48015900653903837,
      0.28489955189862093
    ],
    [
      0.49555996445885137,
      0.29204511261500926
    ],
    [
      0.4825556469797589,
      0.29793147299030653
    ],
    [
      0.46520365343789466,
      0.29646294671683293
    ]
  ],
  "rightEye": [
    [
      0.5632219576300888,
      0.2912462209615175
    ],
    [
      0.5806997287262705,
      0.283849057170672
    ],
    [
      0.5957992670632514,
      0.2840968230139307
    ],
    [
      0.6043907423100099,
      0.29127949552179594
    ],
    [
      0.5951619147351478,
      0.2960038150452281
    ],
    [
      0.5791688447136718,
      0.2959228236203057
    ]
  ],
  "mouth": [
    [
      0.49391716571192557,
      0.396285076754025
    ],
    [
      0.5170388212714812,
      0.3881475062801198
    ],
    [
      0.5388852561643502,
      0.38307728720488304
    ],
    [
      0.5478693955392625,
      0.38501745492130895
    ],
    [
      0.5575395906928969,
      0.383196690705844
    ],
    [
      0.5738587594907033,
      0.3870906254451193
    ],
    [
      0.5828712397488605,
      0.39418485076796145
    ],
    [
      0.5739274484241144,
      0.4022532795049975
    ],
    [
      0.5634183988502285,
      0.40723848303306015
    ],
    [
      0.5486034204459983,
      0.4087851774836314
    ],
    [
      0.5336655124683647,
      0.40867153181767096
    ],
    [
      0.5175595155381599,
      0.404603494144931
    ],
    [
      0.498527302566346,
      0.39626633993184146
    ],
    [
      0.5332036235497636,
      0.39339411869832386
    ],
    [
      0.5459535081694712,
      0.3929702656953125
    ],
    [
      0.5585967770855426,
      0.39212100093837826
    ],
    [
      0.5816227920874245,
      0.3926313805226107
    ],
    [
      0.5598360159445797,
      0.3937240331004726
    ],
    [
      0.5477447790085233,
      0.3941446572623097
    ],
    [
      0.5345629142314542,
      0.39459011009938316
    ]
  ]
}
