{
  "steersLeft": false,
  "leftEye": [
    [
      0.4014000448106732,
      0.35277169570287126
    ],
    [
      0.42239058916503935,
      0.3485069773876843
    ],
    [
      0.44505510307824114,
      0.34921033342528435
    ],
    [
      0.46752886776169034,
      0.36031376929541126
    ],
    [
      0.4470598535583267,
      0.36615865125669195
    ],
    [
      0.4205802360879037,
      0.36248285101051786
    ]
  ],
  "rightEye": [
    [
      0.572065539172791,
      0.3656990401381969
    ],
    [
      0.5980501286199681,
      0.35738726929646714
    ],
    [
      0.6211240574484463,
      0.35891674119774414
    ],
    [
      0.6372700789390199,
      0.3675866501859966
    ],
    [
      0.6192076297701906,
      0.3747587292221493
    ],
    [
      0.5938461641667525,
      0.3732424012821645
    ]
  ],
  "mouth": [
    [
      0.44827012179854614,
      0.5092905733757798
    ],
    [
      0.4744378733326666,
      0.49989496759272356
    ],
    [
      0.5027076467474514,
      0.4942477769736151
    ],
    [
      0.5159810094234658,
      0.4979660465319368
    ],
    [
      0.5295980009350342,
      0.496609931747974
    ],
    [
      0.5541598557072994,
      0.5054920878721444
    ],
    [
      0.5703698524090157,
      0.5170276936102624
    ],
    [
      0.5519225738399359,
      0.5241338639327952
    ],
    [
      0.533513971193956,
      0.5289595867985929
    ],
    [
      0.5127976875123179,
      0.5287457637792674
    ],
    [
      0.49203027653384074,
      0.527346737242705
    ],
    [
      0.47249249819317063,
      0.5204976397364874
    ],
    [
      0.45362396136394145,
      0.5092546611305551
    ],
    [
      0.4953247752013776,
      0.5087184829576648
    ],
    [
      0.5128237270094153,
      0.5096733589353459
    ],
    [
      0.5308669571788639,
      0.5100065513943635
    ],
    [
      0.5679094768198197,
      0.5148132443494856
    ],
    [
      0.5311405966047068,
      0.5104602069661005
    ],
    [
      0.5142989636551243,
      0.5090320091871545
    ],
    [
      0.4958471513055854,
      0.5078293665563725
    ]
  ]
}
