{
  "steersLeft": true,
  "leftEye": [
    [
      0.431078489147131,
      0.24731721798479708
    ],
    [
      0.4372954522884758,
      0.2445214150305576
    ],
    [
      0.44772799791232365,
      0.24445518051598109
    ],
    [
      0.4595536732613276,
      0.24873491496181457
    ],
    [
      0.4498174250989341,
      0.251563899501407
    ],
    [
      0.4385191174929937,
      0.2505424575546907
    ]
  ],
  "rightEye": [
    [
      0.5083247759157353,
      0.2487737281768282
    ],
    [
      0.5206346582066981,
      0.24530725251645288
    ],
    [
      0.5310477701714098,
      0.24519918136782368
    ],
    [
      0.5417121036088002,
      0.24915549184856314
    ],
    [
      0.5313418059535964,
      0.25254923585983124
    ],
    [
      0.5181862581931672,
      0.25166832149436813
    ]
  ],
  "mouth": [
    [
      0.451571026603789,
      0.3160331525675567
    ],
    [
      0.4593903326030451,
      0.3100760930757371
    ],
    [
      0.4714288291168688,
      0.306019939590639
    ],
    [
      0.4781150096723889,
      0.3073054950268326
    ],
    [
      0.4846291571499974,
      0.30648813094124794
    ],
    [
      0.5010137429595776,
      0.31028560373432956
    ],
    [
      0.5146038213123518,
      0.31674387241794644
    ],
    [
      0.5007367153953483,
      0.3205271930368028
    ],
    [
      0.48941254143844903,
      0.3235852907506915
    ],
    [
      0.4786672645510285,
      0.32394658055384684
    ],
    [
      0.46818248908514554,
      0.3235871036325137
    ],
    [
      0.4598959918943139,
      0.32097679942473084
    ],
    [
      0.45352229403230776,
      0.3158761102177034
    ],
    [
      0.46976349258013717,
      0.3133395142760094
    ],
    [
      0.47853275801955736,
      0.31287959200571225
    ],
    [
      0.48849408260390803,
      0.3132031153869062
    ],
    [
      0.5136735817635127,
      0.3153970532721728
    ],
    [
      0.48776472532464415,
      0.3149246162692963
    ],
    [
      0.47833401495897243,
      0.3146177129208082
    ],
    [
      0.4698110447856127,
      0.314458892777168
    ]
  ]
}
