{
  "steersLeft": false,
  "leftEye": [
    [
      0.5027685730537249,
      0.28745126480820793
    ],
    [
      0.5172213244729014,
      0.2850889224743484
    ],
    [
      0.5321362795494377,
      0.2881393576840404
    ],
    [
      0.5463598289573545,
      0.2973924329265521
    ],
    [
      0.5322341932164778,
      0.2995071254757733
    ],
    [
      0.5144970228273121,
      0.295457235242154
    ]
  ],
  "rightEye": [
    [
      0.61378328968602,
      0.3071057024501525
    ],
    [
      0.6326169835411837,
      0.30264574607868905
    ],
    [
      0.6479914386887511,
      0.3045185368876837
    ],
    [
      0.6569830553287659,
      0.3113414461197578
    ],
    [
      0.6448945718865791,
      0.3155869582173806
    ],
    [
      0.6280441778132333,
      0.31311446776467133
    ]
  ],
  "mouth": [
    [
      0.5172493376461115,
      0.3802092923113871
    ],
    [
      0.5371699188741083,
      0.3790196744419062
    ],
    [
      0.5578874826436085,
      0.3792504665437524
    ],
    [
      0.5669151227447061,
      0.38228768125129686
    ],
    [
      0.57612035923964,
      0.38218121577785
    ],
    [
      0.5926225204333616,
      0.38683505336257984
    ],
    [
      0.6027239592613157,
      0.3918020262209689
    ],
    [
      0.5878545632679134,
      0.3967258075592004
    ],
    [
      0.5745776709595026,
      0.3990406781906793
    ],
    [
      0.5602177913842127,
      0.39846179491119094
    ],
    [
      0.5463331584435711,
      0.3958832676527536
    ],
    [
      0.5330848821350519,
      0.38993293104730803
    ],
    [
      0.52074950463188,
      0.3806685383275219
    ],
    [
      0.5515679409376033,
      0.38609093816236867
    ],
    [
      0.5636277079087849,
      0.38842309839184147
    ],
    [
      0.5761646395995104,
      0.3892206022079466
    ],
    [
      0.6008574982508389,
      0.3903007409400177
    ],
    [
      0.57481041686095,
      0.38868707976707173
    ],
    [
      0.5628899941905485,
      0.38710086631806345
    ],
    [
      0.5506543662356737,
      0.38520714223546465
    ]
  ]
}
