{
  "steersLeft": false,
  "leftEye": [
    [
      0.41445747317365655,
      0.336384635141963
    ],
    [
      0.42791340563235025,
      0.33139801925299633
    ],
    [
      0.4440027230456091,
      0.331319064699451
    ],
    [
      0.46020364308921763,
      0.3386783976546553
    ],
    [
      0.44595013918358933,
      0.34240621824900025
    ],
    [
      0.4276153725545369,
      0.3410724237891441
    ]
  ],
  "rightEye": [
    [
      0.5305624373703769,
      0.33898790600827444
    ],
    [
      0.548252166554965,
      0.331644197618595
    ],
    [
      0.5641750654979282,
      0.3316347390813301
    ],
    [
      0.5772531999283707,
      0.33821565787055646
    ],
    [
      0.5643098121603803,
      0.34261762046535604
    ],
    [
      0.5463254746683279,
      0.34214858958143013
    ]
  ],
  "mouth": [
    [
      0.4541295738242124,
      0.4207073291382309
    ],
    [
      0.46965927790812423,
      0.41336968046597933
    ],
    [
      0.4856164635833001,
      0.4090711833250949
    ],
    [
      0.49438173885440495,
      0.41082830126466635
    ],
    [
      0.5031578933817469,
      0.40971735306955903
    ],
    [
      0.5189067827679995,
      0.41499441015173455
    ],
    [
      0.5302741517158648,
      0.42202458288333305
    ],
    [
      0.5178618082527711,
      0.4275304208761182
    ],
    [
      0.505010469725445,
      0.4316195482136128
    ],
    [
      0.49221435683964543,
      0.432032534528304
    ],
    [
      0.4793366739250188,
      0.43135030665103385
    ],
    [
      0.46716473763181354,
      0.4275183139484192
    ],
    [
      0.45848268135303705,
      0.420484151433829
    ],
    [
      0.48294856748137105,
      0.41719409383162537
    ],
    [
      0.4927349999901486,
      0.41730991010279556
    ],
    [
      0.5044377622598916,
      0.4174825964155436
    ],
    [
      0.5280830597525349,
      0.42100404892411014
    ],
    [
      0.5031793591788066,
      0.42154634673206576
    ],
    [
      0.49269936676702947,
      0.4211761098790225
    ],
    [
      0.48160994086236564,
      0.42076945218562856
    ]
  ]
}
