{
  "steersLeft": false,
  "leftEye": [
    [
      0.49388521281457715,
      0.3139914209039285
    ],
    [
      0.5086510367203385,
      0.30949784082038434
    ],
    [
      0.5234415751626943,
      0.308553703768825
    ],
    [
      0.5387081228924384,
      0.315682753237787
    ],
    [
      0.5262842014367108,
      0.3210975610652962
    ],
    [
      0.5086679544678994,
      0.319728675685807
    ]
  ],
  "rightEye": [
    [
      0.6035379493775873,
      0.3132417727136952
    ],
    [
      0.6202502332660083,
      0.30510426420454767
    ],
    [
      0.6344870119316015,
      0.30471414334154723
    ],
    [
      0.6429779819994808,
      0.31043219336557093
    ],
    [
      0.6341316799416512,
      0.3164670676434701
    ],
    [
      0.6189340878441968,
      0.3170365879151963
    ]
  ],
  "mouth": [
    [
      0.5416455952769045,
      0.4216284156038036
    ],
    [
      0.5623987898943553,
      0.41375040382881734
    ],
    [
      0.5816235964602556,
      0.4082855884548764
    ],
    [
      0.5893237211208341,
      0.41008372109770086
    ],
    [
      0.5977896110232289,
      0.40822774167819026
    ],
    [
      0.6109830034189825,
      0.4125475566786586
    ],
    [
      0.6175499354488373,
      0.41909194604761785
    ],
    [
      0.6107332887689451,
      0.4256967397276021
    ],
    [
      0.60180119238616,
      0.43063240899690514
    ],
    [
      0.5886235912057116,
      0.432070797309583
    ],
    [
      0.575391758367194,
      0.4322479336879239
    ],
    [
      0.561269550008389,
      0.42847589604224817
    ],
    [
      0.5457309743844531,
      0.42145055071568116
    ],
    [
      0.5762091464555396,
      0.41850110911468114
    ],
    [
      0.5872445971422602,
      0.4176021590448298
    ],
    [
      0.5980723903831604,
      0.4167696118665441
    ],
    [
      0.6161877405506042,
      0.41770188738384323
    ],
    [
      0.5981017395129827,
      0.4182586703595507
    ],
    [
      0.588219857856209,
      0.4185076967031301
    ],
    [
      0.5765460388911975,
      0.41887280410528455
    ]
  ]
}
