{
  "steersLeft": true,
  "leftEye": [
    [
      0.39068575383347165,
      0.3518033632349977
    ],
    [
      0.40377488471403555,
      0.34724441390412225
    ],
    [
      0.4203517738389047,
      0.34671851741633464
    ],
    [
      0.43781370113863916,
      0.3544105776630606
    ],
    [
      0.4228285875038299,
      0.358932376737461
    ],
    [
      0.404470431088237,
      0.3570899747323098
    ]
  ],
  "rightEye": [
    [
      0.5101253361200103,
      0.353534621615701
    ],
    [
      0.5282328775676313,
      0.3459128689972166
    ],
    [
      0.5442176672029809,
      0.34547258381475165
    ],
    [
      0.5579665755928273,
      0.3512556701681611
    ],
    [
      0.5448102657929412,
      0.35721006127564003
    ],
    [
      0.5265139312852734,
      0.35707609963652
    ]
  ],
  "mouth": [
    [
      0.43188809233714837,
      0.4562952274752392
    ],
    [
      0.44691998831993535,
      0.44612268581823733
    ],
    [
      0.46652099356191334,
      0.4396581983320504
    ],
    [
      0.4759989109313772,
      0.4416568407015563
    ],
    [
      0.48596113318628364,
      0.44022945941873703
    ],
    [
      0.5062717039792871,
      0.44631604429598826
    ],
    [
      0.5206507211299948,
      0.4562771844935326
    ],
    [
      0.507814855995299,
      0.4645249271479657
    ],
    [
      0.49318307219916396,
      0.4698129636551157
    ],
    [
      0.47792120182440945,
      0.4711949731961296
    ],
    [
      0.4621554174624521,
      0.4705341829199295
    ],
    [
      0.44730884301886864,
      0.4659091938474195
    ],
    [
      0.4354910207809323,
      0.45633434203098966
    ],
    [
      0.4627575765986325,
      0.4503159576245757
    ],
    [
      0.4754416930171043,
      0.44961725280090975
    ],
    [
      0.4896656562975584,
      0.4497164249141382
    ],
    [
      0.5189261849227006,
      0.4549788755303645
    ],
    [
      0.48998874064952436,
      0.45740973516949385
    ],
    [
      0.47700818075150064,
      0.4578134522423598
    ],
    [
      0.4637477253263155,
      0.4573873207290365
    ]
  ]
}
