{
  "steersLeft": false,
  "leftEye": [
    [
      0.4671915278395809,
      0.261857245999542
    ],
    [
      0.4812364614973567,
      0.25780012296125443
    ],
    [
      0.4940435070197958,
      0.25762796765383084
    ],
    [
      0.5068760964027806,
      0.2642378052717367
    ],
    [
      0.49602720332018796,
      0.26874408245049763
    ],
    [
      0.4802460646047094,
      0.2671745862070847
    ]
  ],
  "rightEye": [
    [
      0.5636224088916681,
      0.262760597731872
    ],
    [
      0.5796760816809899,
      0.2561393639226115
    ],
    [
      0.59249066855962,
      0.2557782549558242
    ],
    [
      0.5984487373185307,
      0.2607619274505496
    ],
    [
      0.5911816169737674,
      0.2660538280014705
    ],
    [
      0.577612497107914,
      0.26641607407642887
    ]
  ],
  "mouth": [
    [
      0.4958346698187198,
      0.35214054988189963
    ],
    [
      0.5177550685257588,
      0.3477477826430906
    ],
    [
      0.5384885286035476,
      0.344934254189627
    ],
    [
      0.5467057043364779,
      0.34643357256471674
    ],
    [
      0.5547896753586832,
      0.3447923201324908
    ],
    [
      0.5679624291449707,
      0.34641844938475097
    ],
    [
      0.5735343424577838,
      0.3495570257689023
    ],
    [
      0.5649672408868477,
      0.35809153554680373
    ],
    [
      0.5560382406031287,
      0.3630090800000991
    ],
    [
      0.5430271465416471,
      0.36484789511254223
    ],
    [
      0.5300825857280256,
      0.364412780850244
    ],
    [
      0.5159521228976889,
      0.3604811701618147
    ],
    [
      0.49942580662311375,
      0.35205758761760914
    ],
    [
      0.5321297054386734,
      0.35250646196490476
    ],
    [
      0.5436251683129876,
      0.35255663820811195
    ],
    [
      0.5545234387059891,
      0.35133496075554393
    ],
    [
      0.5723158216999726,
      0.348803908624648
    ],
    [
      0.5537446144316994,
      0.3519297006128321
    ],
    [
      0.5430030107464612,
      0.3527013271519212
    ],
    [
      0.5319428905830224,
      0.35286260280924137
    ]
  ]
}
