{
  "steersLeft": true,
  "leftEye": [
    [
      0.4300686031878572,
      0.3620521104855076
    ],
    [
      0.44057509550859403,
      0.35888359307985507
    ],
    [
      0.4548837757811801,
      0.35820913829289047
    ],
    [
      0.4697320909639846,
      0.36437918518152324
    ],
    [
      0.4573842827637169,
      0.36928495932844296
    ],
    [
      0.4417413804042757,
      0.367947117180188
    ]
  ],
  "rightEye": [
    [
      0.5314947693833874,
      0.3607607164698898
    ],
    [
      0.5460469504229616,
      0.3532032958740781
    ],
    [
      0.5597246829977089,
      0.3516753579913036
    ],
    [
      0.5712028209914236,
      0.35517106555823363
    ],
    [
      0.5605224435906566,
      0.36297991417059766
    ],
    [
      0.5452585650084866,
      0.36362257961949934
    ]
  ],
  "mouth": [
    [
      0.4737753406857144,
      0.4639508680512083
    ],
    [
      0.4860422993052839,
      0.4596662218709716
    ],
    [
      0.5001145419288998,
      0.45599046295584833
    ],
    [
      0.5076171871725745,
      0.4577281990232436
    ],
    [
      0.515132381011033,
      0.45593328721829934
    ],
    [
      0.5306544124766436,
      0.4585274860730323
    ],
    [
      0.5429359144098207,
      0.4614338335489781
    ],
    [
      0.5319333717851701,
      0.4689533730724272
    ],
    [
      0.5209322435975037,
      0.4745725204262648
    ],
    [
      0.5090804222328237,
      0.47618862212306373
    ],
    [
      0.4969601117144333,
      0.47587509991055854
    ],
    [
      0.48585203939708926,
      0.47166362608313084
    ],
    [
      0.4770321090427559,
      0.463764832280535
    ],
    [
      0.4979145484041024,
      0.46423342722666255
    ],
    [
      0.507157241279375,
      0.46384143861157523
    ],
    [
      0.5180917821259348,
      0.46293296536227807
    ],
    [
      0.5411654201154457,
      0.4604839093207823
    ],
    [
      0.5173299990070491,
      0.4633652030638833
    ],
    [
      0.5075804662124055,
      0.46393976485492755
    ],
    [
      0.49824251644638295,
      0.46382381085665525
    ]
  ]
}
