{
  "steersLeft": true,
  "leftEye": [
    [
      0.4539670533046422,
      0.2859866549885593
    ],
    [
      0.45853345174011007,
      0.28310022506780774
    ],
    [
      0.467923754673767,
      0.28388097631039055
    ],
    [
      0.47726435903494596,
      0.290033024333308
    ],
    [
      0.4683738541209307,
      0.29204215018578955
    ],
    [
      0.4587984530567757,
      0.2900699208747623
    ]
  ],
  "rightEye": [
    [
      0.5171432922451811,
      0.29388056287476294
    ],
    [
      0.5274111225046165,
      0.2896051119899105
    ],
    [
      0.5367889700898069,
      0.290002532113816
    ],
    [
      0.546218717584663,
      0.2951941783559639
    ],
    [
      0.5367193839002452,
      0.2984058024397008
    ],
    [
      0.5249461161397341,
      0.29671897044257595
    ]
  ],
  "mouth": [
    [
      0.4616703288894539,
      0.3499029402456611
    ],
    [
      0.46681482240488564,
      0.347147290805326
    ],
    [
      0.4745106090342856,
      0.34487672976424166
    ],
    [
      0.47952729587289894,
      0.34706952331994284
    ],
    [
      0.48528292657097744,
      0.34667249560539565
    ],
    [
      0.4967069532888734,
      0.3503580546070083
    ],
    [
      0.5079019464612379,
      0.35562349393206477
    ],
    [
      0.49605203815451154,
      0.3559990900585842
    ],
    [
      0.48606394462905517,
      0.3580748248841847
    ],
    [
      0.4782573794060627,
      0.3575229967086956
    ],
    [
      0.471018286787591,
      0.3562745916134137
    ],
    [
      0.46515051071431834,
      0.3539177910695192
    ],
    [
      0.463547039700622,
      0.35014216908929807
    ],
    [
      0.4737455577566694,
      0.35100898123812413
    ],
    [
      0.47957904461777934,
      0.35156014533623775
    ],
    [
      0.486953933601833,
      0.3518160566084898
    ],
    [
      0.5063301539178893,
      0.35417631840415964
    ],
    [
      0.48571444534659813,
      0.3507289116358934
    ],
    [
      0.4792162176400731,
      0.3492264566973666
    ],
    [
      0.47319753502120787,
      0.34845340019982807
    ]
  ]
}
