{
  "steersLeft": true,
  "leftEye": [
    [
      0.42230734297573347,
      0.3946624410520371
    ],
    [
      0.4256624037060796,
      0.38949739589689186
    ],
    [
      0.43925363789686994,
      0.3879690139016113
    ],
    [
      0.45450951286196184,
      0.3931923314659691
    ],
    [
      0.4424423221790014,
      0.39844032566576
    ],
    [
      0.4296614867840887,
      0.398322602914473
    ]
  ],
  "rightEye": [
    [
      0.5099632045293517,
      0.3878280604803805
    ],
    [
      0.522815505359556,
      0.37983482321105694
    ],
    [
      0.5361261736617757,
      0.3780723993577506
    ],
    [
      0.5533805757624524,
      0.38270749463437936
    ],
    [
      0.5395867466351502,
      0.38937210122388494
    ],
    [
      0.5227702620145428,
      0.3896873499144792
    ]
  ],
  "mouth": [
    [
      0.45983159707239146,
      0.49156603310296826
    ],
    [
      0.45888047718615055,
      0.4821263189664615
    ],
    [
      0.4662851744794863,
      0.47537862578925166
    ],
    [
      0.47441050777219335,
      0.4768643588560926
    ],
    [
      0.48259025690280793,
      0.47518806869825303
    ],
    [
      0.5045630731675457,
      0.47997669729586817
    ],
    [
      0.5270260320198703,
      0.4885996313752435
    ],
    [
      0.5107345606997116,
      0.49867208590281953
    ],
    [
      0.49512437795613473,
      0.5065457136122301
    ],
    [
      0.48260502052065435,
      0.5085358840835669
    ],
    [
      0.4712416162628908,
      0.5073637915115566
    ],
    [
      0.4630536757056001,
      0.5026025445628628
    ],
    [
      0.4628942857823471,
      0.4915158968946911
    ],
    [
      0.47011984800417456,
      0.48548107175711963
    ],
    [
      0.47790076990481123,
      0.4845471191209361
    ],
    [
      0.4899337089943679,
      0.4845019626767336
    ],
    [
      0.5246907134240067,
      0.48743744190346133
    ],
    [
      0.490152286737813,
      0.49384333705299827
    ],
    [
      0.4797602523350268,
      0.49411268162942984
    ],
    [
      0.4711426333489165,
      0.49372314558014446
    ]
  ]
}
