{
  "steersLeft": false,
  "leftEye": [
    [
      0.4854425687926266,
      0.3704240907688592
    ],
    [
      0.500145126200064,
      0.3682595073763275
    ],
    [
      0.5169919084530945,
      0.3687249897263843
    ],
    [
      0.5336465531075973,
      0.3753164089567934
    ],
    [
      0.5188499718267071,
      0.3805833910921046
    ],
    [
      0.5000765704626913,
      0.3778815867887467
    ]
  ],
  "rightEye": [
    [
      0.6104303564868838,
      0.374667184439511
    ],
    [
      0.6298039729422155,
      0.3682474262178075
    ],
    [
      0.645985284011861,
      0.3674294026681061
    ],
    [
      0.6568830407089667,
      0.3712736371780617
    ],
    [
      0.6448895668449113,
      0.3791225084551375
    ],
    [
      0.626930846838472,
      0.37914804419183235
    ]
  ],
  "mouth": [
    [
      0.5292204580184775,
      0.47994386366743036
    ],
    [
      0.5478532987639517,
      0.475177127025174
    ],
    [
      0.5676571291674565,
      0.47172221175495926
    ],
    [
      0.5777094718882696,
      0.47358919073403677
    ],
    [
      0.5875111269937303,
      0.4724087242046649
    ],
    [
      0.6042662132784088,
      0.47564088232057505
    ],
    [
      0.6135948978667802,
      0.4800418781311755
    ],
    [
      0.603009315379387,
      0.4899435594682808
    ],
    [
      0.5910546043387993,
      0.497446904677242
    ],
    [
      0.5758250220306932,
      0.4987459622929712
    ],
    [
      0.5610993991415227,
      0.4979580635109069
    ],
    [
      0.5464317496321339,
      0.4915406080287442
    ],
    [
      0.5331900701385617,
      0.48000324145130685
    ],
    [
      0.5633879647818303,
      0.48078275168218637
    ],
    [
      0.575625035761298,
      0.48097414223431567
    ],
    [
      0.5883154929553095,
      0.4802856560078607
    ],
    [
      0.611829918661809,
      0.47919741419710254
    ],
    [
      0.5880597010342774,
      0.4838932264614986
    ],
    [
      0.5761084498159496,
      0.48407400796360023
    ],
    [
      0.5638906000712595,
      0.48358508701464487
    ]
  ]
}
