{
  "steersLeft": true,
  "leftEye": [
    [
      0.38363785962870794,
      0.33170962871088466
    ],
    [
      0.39016770000034917,
      0.32608991114875574
    ],
    [
      0.40841734030090593,
      0.3234854536576335
    ],
    [
      0.4287760174116651,
      0.3293151218341792
    ],
    [
      0.412279261955221,
      0.33668987978043075
    ],
    [
      0.3947195671443305,
      0.33687757136916585
    ]
  ],
  "rightEye": [
    [
      0.5086212427435096,
      0.32166958676968577
    ],
    [
      0.5258997643086556,
      0.3121523194914106
    ],
    [
      0.5441502448774768,
      0.3097100565425916
    ],
    [
      0.5656324459023246,
      0.31304257637181665
    ],
    [
      0.5471656145221258,
      0.3238486800554458
    ],
    [
      0.525794816020214,
      0.3248034890571188
    ]
  ],
  "mouth": [
    [
      0.4326309002970409,
      0.46881473174706956
    ],
    [
      0.4373103542613984,
      0.4631249801513514
    ],
    [
      0.44928772076894974,
      0.45704393931132126
    ],
    [
      0.45996688498582783,
      0.4592607148268617
    ],
    [
      0.4707329621679656,
      0.45602532615223873
    ],
    [
      0.49796360887868124,
      0.4585867899234032
    ],
    [
      0.5278363269242423,
      0.4618409439697408
    ],
    [
      0.5031428763267364,
      0.4701978778737406
    ],
    [
      0.483651916243665,
      0.47894541933347384
    ],
    [
      0.4685923361421427,
      0.4814577068479851
    ],
    [
      0.45366156064109,
      0.48071674923426405
    ],
    [
      0.44162233090479847,
      0.47682224344698076
    ],
    [
      0.4371253978208264,
      0.4690287630250632
    ],
    [
      0.45225520730032986,
      0.4690711413317207
    ],
    [
      0.4633499267962494,
      0.46745866380561746
    ],
    [
      0.48043899831227893,
      0.4658703294166851
    ],
    [
      0.5240953064775912,
      0.4599554501677718
    ],
    [
      0.47856193643205136,
      0.4642377988848848
    ],
    [
      0.465247191648225,
      0.46449966197816744
    ],
    [
      0.45400837223386403,
      0.4648733409341902
    ]
  ]
}
