{
  "steersLeft": false,
  "leftEye": [
    [
      0.43794168960675645,
      0.2901800256795823
    ],
    [
      0.46237734060974595,
      0.27970545674532316
    ],
    [
      0.4885893970967133,
      0.27802797308573063
    ],
    [
      0.5153414374806953,
      0.29026682354951366
    ],
    [
      0.49317336824843233,
      0.2991288984125938
    ],
    [
      0.46367961270380864,
      0.2976446814718442
    ]
  ],
  "rightEye": [
    [
      0.6298189488336274,
      0.2894397719200723
    ],
    [
      0.6579194394464264,
      0.2773927719685873
    ],
    [
      0.6820778917902476,
      0.2778364863696093
    ],
    [
      0.6996421389538126,
      0.2892354159142021
    ],
    [
      0.6820651015019571,
      0.297040169160745
    ],
    [
      0.6552090345219679,
      0.2968581151597752
    ]
  ],
  "mouth": [
    [
      0.5131936104650537,
      0.48373417598376406
    ],
    [
      0.5489441380639555,
      0.4658638061800335
    ],
    [
      0.5862105258325726,
      0.4550439102214541
    ],
    [
      0.6022134813328626,
      0.45929110065658235
    ],
    [
      0.6202799258564623,
      0.4563227317386859
    ],
    [
      0.6509631782121003,
      0.4665256293816749
    ],
    [
      0.6729577345232651,
      0.4838175632645394
    ],
    [
      0.6517598119041008,
      0.49220049257753645
    ],
    [
      0.6300594646862775,
      0.49891713145973327
    ],
    [
      0.6038667072510581,
      0.500091829314121
    ],
    [
      0.577948129447568,
      0.5007401920572265
    ],
    [
      0.549030358890604,
      0.4950803550827433
    ],
    [
      0.5205763661348123,
      0.4835564095805905
    ],
    [
      0.5770930305037623,
      0.47489917795040276
    ],
    [
      0.6000008588465922,
      0.47412184946267644
    ],
    [
      0.6238971102804585,
      0.47358233973271147
    ],
    [
      0.6695653215615107,
      0.4814812902035643
    ],
    [
      0.6243406476127245,
      0.47767021342791016
    ],
    [
      0.6026501365810737,
      0.4768533870695767
    ],
    [
      0.5784943786380853,
      0.47738832336189246
    ]
  ]
}
