{
  "steersLeft": true,
  "leftEye": [
    [
      0.4081017539695436,
      0.2614468688128865
    ],
    [
      0.41336661690889215,
      0.25811216077614085
    ],
    [
      0.42730066984175225,
      0.2587057089806252
    ],
    [
      0.4412588638179099,
      0.2655600078681412
    ],
    [
      0.4285767565914726,
      0.26871131148196525
    ],
    [
      0.4149710368244528,
      0.2666272706716234
    ]
  ],
  "rightEye": [
    [
      0.49918484322005713,
      0.2682425904878509
    ],
    [
      0.5136527417676122,
      0.26260217012935333
    ],
    [
      0.5277189105147805,
      0.26255202749311723
    ],
    [
      0.5424349872247808,
      0.26793447828790173
    ],
    [
      0.5283915460670373,
      0.27340344078564516
    ],
    [
      0.5115002668136552,
      0.2715693642771478
    ]
  ],
  "mouth": [
    [
      0.4299768809389963,
      0.3483806976227648
    ],
    [
      0.4344657296203194,
      0.34433924116844317
    ],
    [
      0.4441298132884617,
      0.3411639540482953
    ],
    [
      0.45190077674737095,
      0.34369071166339166
    ],
    [
      0.4605814896661634,
      0.3427219329484613
    ],
    [
      0.47993801968612043,
      0.34719550569141794
    ],
    [
      0.49916631854976407,
      0.35291764105160967
    ],
    [
      0.48231436326803495,
      0.36047418216897237
    ],
    [
      0.4669245932555287,
      0.36548201575966377
    ],
    [
      0.45424432071093945,
      0.3659629512339841
    ],
    [
      0.4428043398987888,
      0.36370772693678277
    ],
    [
      0.434211785314923,
      0.3583956675716623
    ],
    [
      0.43322446438322676,
      0.34876435625366986
    ],
    [
      0.44491401809045195,
      0.3491897584517055
    ],
    [
      0.45320320428648214,
      0.34951088565804733
    ],
    [
      0.4652111314580865,
      0.3500084514183138
    ],
    [
      0.49671072794475674,
      0.35166852323072884
    ],
    [
      0.46450850447398595,
      0.3544549870348952
    ],
    [
      0.45388946890389636,
      0.35384852388979143
    ],
    [
      0.444933488183534,
      0.35229152627979
    ]
  ]
}
