{
  "steersLeft": true,
  "leftEye": [
    [
      0.42610595720905303,
      0.2778602284522704
    ],
    [
      0.43246559061845036,
      0.27378245353390246
    ],
    [
      0.44445382869086664,
      0.273236393936612
    ],
    [
      0.4567597437851597,
      0.2791459537134542
    ],
    [
      0.4461991868086922,
      0.2828866701398199
    ],
    [
      0.4336855277015255,
      0.28194750772222016
    ]
  ],
  "rightEye": [
    [
      0.5092325528690821,
      0.2775046048329406
    ],
    [
      0.5217333753633052,
      0.27144133124302344
    ],
    [
      0.5333737799642165,
      0.27064594653976964
    ],
    [
      0.544667486943933,
      0.2756566205849314
    ],
    [
      0.5341506714876922,
      0.28075492747227593
    ],
    [
      0.5201335715733191,
      0.28008014808168946
    ]
  ],
  "mouth": [
    [
      0.4514761066402138,
      0.3541473884427851
    ],
    [
      0.45929439751362416,
      0.3497972224749759
    ],
    [
      0.4704162375536779,
      0.3458033129613561
    ],
    [
      0.4774669268051568,
      0.34754204743810246
    ],
    [
      0.4843567615994513,
      0.34600346620729994
    ],
    [
      0.4997393416414579,
      0.34856582046785495
    ],
    [
      0.5140594954452365,
      0.352386451516855
    ],
    [
      0.5005786146657487,
      0.35774567562534665
    ],
    [
      0.4893540967665215,
      0.36185809677368735
    ],
    [
      0.47916025395214695,
      0.3625974489773231
    ],
    [
      0.4690532171813522,
      0.3624377498476329
    ],
    [
      0.4600129845619018,
      0.3596722378541374
    ],
    [
      0.4539945801433975,
      0.3539072660568351
    ],
    [
      0.46952362469792924,
      0.3532783464933583
    ],
    [
      0.47775930671052064,
      0.35266815174451016
    ],
    [
      0.4878298307832621,
      0.35210406522523996
    ],
    [
      0.5126373657236518,
      0.35129565713543787
    ],
    [
      0.48724779400440404,
      0.352762024220121
    ],
    [
      0.47828565673542545,
      0.3528252130765616
    ],
    [
      0.47023342583122407,
      0.35274477799161286
    ]
  ]
}
