{
  "steersLeft": true,
  "leftEye": [
    [
      0.40757544604855317,
      0.36090044985199016
    ],
    [
      0.41352956202212937,
      0.3586690771851672
    ],
    [
      0.4244146461106745,
      0.35911652415414896
    ],
    [
      0.43517729252756815,
      0.36448615049817074
    ],
    [
      0.4252436863244358,
      0.3671255523952129
    ],
    [
      0.4140523302025288,
      0.3653364084316416
    ]
  ],
  "rightEye": [
    [
      0.4825625133926072,
      0.36671800223578627
    ],
    [
      0.49442710237623005,
      0.3626112528627256
    ],
    [
      0.5052110138200597,
      0.36265840785235337
    ],
    [
      0.5158087876018119,
      0.36680244232645465
    ],
    [
      0.5054306937339654,
      0.37088813834113554
    ],
    [
      0.49257664354006964,
      0.3696043986098519
    ]
  ],
  "mouth": [
    [
      0.4268463889309015,
      0.42937807685540424
    ],
    [
      0.4333192405483018,
      0.42709584541508405
    ],
    [
      0.44196449181707903,
      0.4248268322076001
    ],
    [
      0.4480486350835467,
      0.42681459480074074
    ],
    [
      0.45451365407095273,
      0.4260523880184287
    ],
    [
      0.4677004712961633,
      0.429111991664861
    ],
    [
      0.48037851975834295,
      0.43277962371917245
    ],
    [
      0.46809768143163116,
      0.4366492485037968
    ],
    [
      0.4576001892624952,
      0.43960268388103224
    ],
    [
      0.4486276509859063,
      0.43952425020481717
    ],
    [
      0.4400925355108263,
      0.4384003501253972
    ],
    [
      0.4329345259934184,
      0.43511431598693096
    ],
    [
      0.42936779845960665,
      0.4295837270078972
    ],
    [
      0.4415893778689243,
      0.4310178898167559
    ],
    [
      0.44829236934226413,
      0.4313608942016537
    ],
    [
      0.4568863985918698,
      0.4314140556057348
    ],
    [
      0.47867662731772254,
      0.43165667147874
    ],
    [
      0.456028908744523,
      0.43113515398366503
    ],
    [
      0.44845648829808055,
      0.43028664234050257
    ],
    [
      0.4416364229550144,
      0.4295220968685148
    ]
  ]
}
