{
  "steersLeft": false,
  "leftEye": [
    [
      0.38946038966238644,
      0.35620169577958616
    ],
    [
      0.40740649688525726,
      0.3489696548933504
    ],
    [
      0.4292625732267627,
      0.3474040710430091
    ],
    [
      0.45164151188458296,
      0.35665523738082017
    ],
    [
      0.43313590338771824,
      0.36339936026994196
    ],
    [
      0.4082116560719117,
      0.36281104569387485
    ]
  ],
  "rightEye": [
    [
      0.5447204788569036,
      0.34844548071562276
    ],
    [
      0.5674836441261414,
      0.33647296653937664
    ],
    [
      0.5884166840784522,
      0.33424727015924055
    ],
    [
      0.6051304009622152,
      0.3400907127231111
    ],
    [
      0.5899084015829026,
      0.3495545983590279
    ],
    [
      0.5670392862041512,
      0.3516931236290505
    ]
  ],
  "mouth": [
    [
      0.45382544302509575,
      0.48791652428856985
    ],
    [
      0.47854356605119447,
      0.47922925765052093
    ],
    [
      0.5049445080947293,
      0.47222965370938474
    ],
    [
      0.5182687059551111,
      0.47393203320079297
    ],
    [
      0.531357873076731,
      0.4704113080205752
    ],
    [
      0.556542104218058,
      0.47181340417963924
    ],
    [
      0.5752154290848398,
      0.4753187338782368
    ],
    [
      0.5603580503202055,
      0.4912952966985818
    ],
    [
      0.5433409296318144,
      0.5003641462424495
    ],
    [
      0.5234055039031839,
      0.5041572214217701
    ],
    [
      0.5030676660965775,
      0.5049977039850714
    ],
    [
      0.4807940476905493,
      0.5003118158930908
    ],
    [
      0.4598407584825497,
      0.4876154908283509
    ],
    [
      0.5005241398019311,
      0.48412423495749896
    ],
    [
      0.5171573153046953,
      0.4824281601122763
    ],
    [
      0.5357257621602128,
      0.4799512735901714
    ],
    [
      0.5720969633014057,
      0.474695716957868
    ],
    [
      0.5372170776278197,
      0.4850073319281619
    ],
    [
      0.5200888339558608,
      0.48768814607107835
    ],
    [
      0.50331958238277,
      0.48876250778961927
    ]
  ]
}
