{
  "steersLeft": false,
  "leftEye": [
    [
      0.38266300291381544,
      0.4385344457820855
    ],
    [
      0.3994603172777461,
      0.4343133692343078
    ],
    [
      0.4179866134424856,
      0.4375451974940917
    ],
    [
      0.4353484883030741,
      0.4500782533710356
    ],
    [
      0.4180223389302055,
      0.45392532241612765
    ],
    [
      0.39648725728347567,
      0.44935786360768576
    ]
  ],
  "rightEye": [
    [
      0.5181859132981521,
      0.46289392545447194
    ],
    [
      0.5395541767942493,
      0.4563179458179418
    ],
    [
      0.5584563293248845,
      0.45882221933198214
    ],
    [
      0.5716680845041598,
      0.4685673004399413
    ],
    [
      0.5556144470289037,
      0.47489770202177756
    ],
    [
      0.5355964815414377,
      0.47170548031962145
    ]
  ],
  "mouth": [
    [
      0.4110147117024062,
      0.587297926098164
    ],
    [
      0.4298060525075193,
      0.5805672011549848
    ],
    [
      0.44906035779273956,
      0.5770704699902299
    ],
    [
      0.45915339800653776,
      0.5808364213624461
    ],
    [
      0.46965144046166396,
      0.5804098187685538
    ],
    [
      0.48641548473438273,
      0.590940136164223
    ],
    [
      0.4991133498722103,
      0.6029412298691116
    ],
    [
      0.4844259545387539,
      0.6069785074500037
    ],
    [
      0.46976881054062947,
      0.6095926409752379
    ],
    [
      0.4544950962834512,
      0.6081950070038595
    ],
    [
      0.4395516275418841,
      0.6050402904363801
    ],
    [
      0.4262876819000367,
      0.5982053275895978
    ],
    [
      0.41582562003876106,
      0.587496091655945
    ],
    [
      0.44427199446068516,
      0.5895563285486458
    ],
    [
      0.4562033081934523,
      0.5914622413349406
    ],
    [
      0.4693505215216609,
      0.5933822917989554
    ],
    [
      0.4961002488448423,
      0.600304333217704
    ],
    [
      0.4696341995389976,
      0.5932175109386917
    ],
    [
      0.4574916579300122,
      0.5904867049461603
    ],
    [
      0.44401791938393165,
      0.5885506122468055
    ]
  ]
}
