{
  "steersLeft": true,
  "leftEye": [
    [
      0.35058863552097136,
      0.35893111117786425
    ],
    [
      0.3641988767085303,
      0.35432584068865147
    ],
    [
      0.3837487800832138,
      0.3523202690242651
    ],
    [
      0.40543695244468836,
      0.35972324691443697
    ],
    [
      0.38747617992065475,
      0.36652736561890786
    ],
    [
      0.3661851757776743,
      0.36511914047977084
    ]
  ],
  "rightEye": [
    [
      0.4943937631022891,
      0.35736858144240424
    ],
    [
      0.514655277864218,
      0.34816069974751307
    ],
    [
      0.5347161747389069,
      0.3472947303045858
    ],
    [
      0.5541032674059895,
      0.3531205149141041
    ],
    [
      0.5361269598310937,
      0.3614788150559746
    ],
    [
      0.5129450001312819,
      0.36112924495874005
    ]
  ],
  "mouth": [
    [
      0.39927194765593754,
      0.49777317329286946
    ],
    [
      0.41455487030710403,
      0.4890877856863649
    ],
    [
      0.43258148300403143,
      0.4810856090336561
    ],
    [
      0.4434095701312236,
      0.4835303858497303
    ],
    [
      0.4552853873683115,
      0.4809362657872106
    ],
    [
      0.48018800158833064,
      0.4863512197562517
    ],
    [
      0.5037297622256448,
      0.4933591507136897
    ],
    [
      0.48298669704304054,
      0.4956181216692854
    ],
    [
      0.4639637199358099,
      0.49980857038767496
    ],
    [
      0.4475912105171493,
      0.500860941053066
    ],
    [
      0.4305220221612187,
      0.5012090028999376
    ],
    [
      0.416068193966192,
      0.49997072053193753
    ],
    [
      0.403908370931146,
      0.4969948808249772
    ],
    [
      0.43061832983495024,
      0.4931601322272264
    ],
    [
      0.4440544253922271,
      0.49187808413817363
    ],
    [
      0.46060588317023776,
      0.49073715889008046
    ],
    [
      0.5004248820260063,
      0.4918170132287484
    ],
    [
      0.4612959937578414,
      0.4866824879850492
    ],
    [
      0.44698181229232625,
      0.48663244229757396
    ],
    [
      0.4321261818779859,
      0.4872094053924822
    ]
  ]
}
