{
  "steersLeft": true,
  "leftEye": [
    [
      0.3727217603995637,
      0.5014016634571066
    ],
    [
      0.39789004808230416,
      0.49537830289033796
    ],
    [
      0.43504142060449486,
      0.49620322833519964
    ],
    [
      0.468923653118197,
      0.5133860197386126
    ],
    [
      0.4376061313610997,
      0.5207859958580219
    ],
    [
      0.40008560308394375,
      0.5148606237840208
    ]
  ],
  "rightEye": [
    [
      0.6192511891841266,
      0.5164032683123567
    ],
    [
      0.6584194880136883,
      0.5024440474124816
    ],
    [
      0.6896878843265642,
      0.5014262981103614
    ],
    [
      0.7211010526086372,
      0.5148159030327687
    ],
    [
      0.6915756903785152,
      0.5261679430455976
    ],
    [
      0.6526435205032985,
      0.5239141674592489
    ]
  ],
  "mouth": [
    [
      0.4539817815834136,
      0.7034750279587435
    ],
    [
      0.48740237790609553,
      0.6944675467914805
    ],
    [
      0.5217393016415726,
      0.6895051132578638
    ],
    [
      0.5421517663037476,
      0.6943463593251414
    ],
    [
      0.5625712525340937,
      0.6935109547603495
    ],
    [
      0.6021830080763567,
      0.6997668149303866
    ],
    [
      0.6342454288509776,
      0.7105457906509944
    ],
    [
      0.6030436225373373,
      0.7244129804579093
    ],
    [
      0.5709419320469096,
      0.7350337093917585
    ],
    [
      0.5409040719392344,
      0.7356203522619174
    ],
    [
      0.5123137017267547,
      0.7326525205879215
    ],
    [
      0.4825727390543222,
      0.7229327007816041
    ],
    [
      0.4636344973123423,
      0.7047538562821241
    ],
    [
      0.5176642643378863,
      0.7053276987932386
    ],
    [
      0.5416763933720874,
      0.7077049965026074
    ],
    [
      0.568232525920033,
      0.7069410270652278
    ],
    [
      0.6301406966971721,
      0.7083169449043778
    ],
    [
      0.5648696288267311,
      0.7095729096933648
    ],
    [
      0.5410773642416933,
      0.7088299253309802
    ],
    [
      0.5172884444764024,
      0.7065858908983699
    ]
  ]
}
