{
  "steersLeft": false,
  "leftEye": [
    [
      0.39851159634504363,
      0.233448381937185
    ],
    [
      0.40654592237466597,
      0.23040912962996485
    ],
    [
      0.41701311172689537,
      0.22918912863037225
    ],
    [
      0.4278312705785704,
      0.23189441438709682
    ],
    [
      0.4194236800173267,
      0.23537212875286498
    ],
    [
      0.40803960418432506,
      0.23557036502204248
    ]
  ],
  "rightEye": [
    [
      0.4734407811849561,
      0.22764691340856547
    ],
    [
      0.4838328396925979,
      0.22310278002007897
    ],
    [
      0.49356636755021355,
      0.2220353178643465
    ],
    [
      0.5018468974363306,
      0.2243511642590209
    ],
    [
      0.49456574433701894,
      0.22834682833004646
    ],
    [
      0.483643016794974,
      0.22904586410448927
    ]
  ],
  "mouth": [
    [
      0.43571615555477183,
      0.29203382496808167
    ],
    [
      0.44635094498839567,
      0.2880073588645605
    ],
    [
      0.45707089671806916,
      0.2849274107042915
    ],
    [
      0.463034318878553,
      0.2856746128040241
    ],
    [
      0.4689092830697977,
      0.2844359720651573
    ],
    [
      0.4801764018950809,
      0.2855879371053658
    ],
    [
      0.48878055113222063,
      0.2877523971131783
    ],
    [
      0.4819091907032306,
      0.29230932140779436
    ],
    [
      0.47433616700896275,
      0.2961172124259456
    ],
    [
      0.4652723041872891,
      0.2972826060955237
    ],
    [
      0.45630322807779267,
      0.2976402959505501
    ],
    [
      0.44704215007161935,
      0.29595858332514274
    ],
    [
      0.4385348489836719,
      0.2918320128935938
    ],
    [
      0.4559187897697392,
      0.2902524088692546
    ],
    [
      0.4629769794171209,
      0.2895906252423642
    ],
    [
      0.47097591963301305,
      0.2887847890458727
    ],
    [
      0.48730448344839405,
      0.2873127598218022
    ],
    [
      0.4708437644511231,
      0.2892485960480476
    ],
    [
      0.4636109435152031,
      0.2899656611695206
    ],
    [
      0.4563010090787127,
      0.2904374123812005
    ]
  ]
}
