{
  "steersLeft": true,
  "leftEye": [
    [
      0.3947807323868055,
      0.29958470545945
    ],
    [
      0.40253542449267116,
      0.2948333571669401
    ],
    [
      0.4191497604470771,
      0.2950343510863309
    ],
    [
      0.4360036245288788,
      0.3018861873934816
    ],
    [
      0.42103232357004644,
      0.30644355438914783
    ],
    [
      0.40451715534605626,
      0.30502893199388414
    ]
  ],
  "rightEye": [
    [
      0.5065076893010142,
      0.2998009551686949
    ],
    [
      0.5246774745864651,
      0.29275406269126575
    ],
    [
      0.5409314879936596,
      0.2913065343430562
    ],
    [
      0.5571881986681777,
      0.29672249541261475
    ],
    [
      0.5419292827001063,
      0.30382869125196493
    ],
    [
      0.5223668875064646,
      0.30317227716470174
    ]
  ],
  "mouth": [
    [
      0.42845765236303995,
      0.39558286764198697
    ],
    [
      0.43654425400213126,
      0.3887776437773061
    ],
    [
      0.4502078334499779,
      0.3833324683890812
    ],
    [
      0.45951350281766623,
      0.38547678900110194
    ],
    [
      0.46942979035111704,
      0.38379536078055565
    ],
    [
      0.4909470570101364,
      0.3880647580636537
    ],
    [
      0.5117311093090056,
      0.39466812811019586
    ],
    [
      0.49252040540714004,
      0.4023638216058016
    ],
    [
      0.47613478693269745,
      0.40833779024643563
    ],
    [
      0.4617731007561833,
      0.40939598461071364
    ],
    [
      0.44820145496779074,
      0.4086063751725758
    ],
    [
      0.43710563085563603,
      0.404343931208663
    ],
    [
      0.43223632968001197,
      0.3954648243000831
    ],
    [
      0.4503926070507067,
      0.39310978401731667
    ],
    [
      0.46068170008454207,
      0.3927369437809193
    ],
    [
      0.4738375567204829,
      0.3925927476564083
    ],
    [
      0.5087850892038663,
      0.3931686574298637
    ],
    [
      0.4727556504298204,
      0.3957673159234017
    ],
    [
      0.4605325412015526,
      0.39590297236379607
    ],
    [
      0.45008458991143263,
      0.39540236303413984
    ]
  ]
}
