{
  "steersLeft": false,
  "leftEye": [
    [
      0.4797120532028051,
      0.27974724130722717
    ],
    [
      0.490712475096104,
      0.2752851267520647
    ],
    [
      0.5024194387638345,
      0.2749638941296105
    ],
    [
      0.5147441627399669,
      0.28209072647125505
    ],
    [
      0.504767862238414,
      0.28594656508124067
    ],
    [
      0.49043600025271744,
      0.2849760654065887
    ]
  ],
  "rightEye": [
    [
      0.5666163128911853,
      0.2806821474160591
    ],
    [
      0.5797212174391745,
      0.2730686434597636
    ],
    [
      0.5913465621231252,
      0.2727093974863227
    ],
    [
      0.5991521535088448,
      0.27770839112755
    ],
    [
      0.5908682052218993,
      0.2833799775673274
    ],
    [
      0.5788137173096884,
      0.28398316736517876
    ]
  ],
  "mouth": [
    [
      0.5077986067889916,
      0.37285738703487464
    ],
    [
      0.5252145458040918,
      0.3704929866972811
    ],
    [
      0.5419200589502633,
      0.36851566600413105
    ],
    [
      0.5497277097389132,
      0.3702862486052038
    ],
    [
      0.5569444178852605,
      0.3688401628799255
    ],
    [
      0.5699257128294286,
      0.3704433135439117
    ],
    [
      0.5786145003615236,
      0.37213017403485443
    ],
    [
      0.5693699920343008,
      0.38065561763645267
    ],
    [
      0.5600680929930658,
      0.38580119866944806
    ],
    [
      0.5484439900079406,
      0.38714673433699104
    ],
    [
      0.536593337557819,
      0.3863471488790944
    ],
    [
      0.5239922295943118,
      0.38201947979875994
    ],
    [
      0.5110648955497169,
      0.3728047536367075
    ],
    [
      0.5376761292190744,
      0.3753992055295571
    ],
    [
      0.5477590568216081,
      0.3755026298498761
    ],
    [
      0.5580911267506967,
      0.3746741298017145
    ],
    [
      0.5771279597272583,
      0.3716500247852971
    ],
    [
      0.5576817144196285,
      0.3760140766253447
    ],
    [
      0.5479741584291393,
      0.3765332986495974
    ],
    [
      0.5377853684303895,
      0.37605172455192165
    ]
  ]
}
