{
  "steersLeft": false,
  "leftEye": [
    [
      0.5331250645983151,
      0.2398502984117067
    ],
    [
      0.54525458474103,
      0.23651937944133428
    ],
    [
      0.5572584390603608,
      0.23540180010682352
    ],
    [
      0.569528800910892,
      0.24037849289948152
    ],
    [
      0.5596398408110683,
      0.24472151666415556
    ],
    [
      0.5455552195849287,
      0.24392735506993546
    ]
  ],
  "rightEye": [
    [
      0.6223931548664113,
      0.23666891187369204
    ],
    [
      0.6360183636601521,
      0.23050528213756807
    ],
    [
      0.6471121890671298,
      0.2296788475492951
    ],
    [
      0.6539628928781281,
      0.23305975556821007
    ],
    [
      0.6469983330793374,
      0.2382277966367979
    ],
    [
      0.6349336278040796,
      0.23887954795031394
    ]
  ],
  "mouth": [
    [
      0.5687080582867645,
      0.31726400772851504
    ],
    [
      0.587513026573468,
      0.31317626188782943
    ],
    [
      0.6052389673642988,
      0.3096889205775213
    ],
    [
      0.6128303001990374,
      0.3108598475672072
    ],
    [
      0.6201996539880904,
      0.3090792262841174
    ],
    [
      0.6328652194561528,
      0.30965129703726374
    ],
    [
      0.6395530261590239,
      0.3118688230214637
    ],
    [
      0.6335636049764379,
      0.32092436492021637
    ],
    [
      0.6254373242629322,
      0.3257297925945132
    ],
    [
      0.6139281890342779,
      0.32754609609558705
    ],
    [
      0.602099631331456,
      0.3280123588298515
    ],
    [
      0.5880812418254486,
      0.3249074460974695
    ],
    [
      0.5723571992058175,
      0.3172889233493503
    ],
    [
      0.6005295292503424,
      0.31636727166754347
    ],
    [
      0.6110414131331816,
      0.3158571683977652
    ],
    [
      0.6212478301312073,
      0.3141796277544122
    ],
    [
      0.6381310793662976,
      0.3114906105667572
    ],
    [
      0.6223010348728357,
      0.3164117910703553
    ],
    [
      0.6129124285147892,
      0.31762404559555674
    ],
    [
      0.6023726825926412,
      0.31810836381796004
    ]
  ]
}
