{
  "steersLeft": true,
  "leftEye": [
    [
      0.4494262140811961,
      0.3057254683269463
    ],
    [
      0.4554941031139347,
      0.3032032249224212
    ],
    [
      0.46710705566227295,
      0.3026001591182056
    ],
    [
      0.4793485384526985,
      0.3073536620261809
    ],
    [
      0.4689565100846656,
      0.3110015404054949
    ],
    [
      0.4570335418514625,
      0.3098531279856896
    ]
  ],
  "rightEye": [
    [
      0.5291397857731711,
      0.30703372814410657
    ],
    [
      0.5407480864766014,
      0.30177252030194995
    ],
    [
      0.5518490463507871,
      0.30169724568623185
    ],
    [
      0.5644268623569578,
      0.3050717859782497
    ],
    [
      0.5530513953441593,
      0.31003339402711133
    ],
    [
      0.5394507690231721,
      0.309462774127676
    ]
  ],
  "mouth": [
    [
      0.473133279295205,
      0.38902731693250014
    ],
    [
      0.48056179272262806,
      0.38619161249893913
    ],
    [
      0.4900443854111688,
      0.38318717070004377
    ],
    [
      0.49688003810624803,
      0.3849025000808346
    ],
    [
      0.5038088162294054,
      0.38378506405322776
    ],
    [
      0.5197586564215746,
      0.38628150934798516
    ],
    [
      0.5347748278805877,
      0.3889063154004747
    ],
    [
      0.5205436109848206,
      0.39117082262608605
    ],
    [
      0.5086486423509852,
      0.39449431193438744
    ],
    [
      0.49836800071915505,
      0.39517001947761227
    ],
    [
      0.48870040464151804,
      0.39460903888094495
    ],
    [
      0.4802194314241217,
      0.39260678133717686
    ],
    [
      0.4755403997824982,
      0.3890086331296756
    ],
    [
      0.49014223511772603,
      0.3900608041381774
    ],
    [
      0.49773697554294755,
      0.38954010684672613
    ],
    [
      0.508408629688627,
      0.38923301370554425
    ],
    [
      0.5335170108680025,
      0.3876458118265203
    ],
    [
      0.5067334665349631,
      0.38618095270132263
    ],
    [
      0.49773991312666965,
      0.38559221464477866
    ],
    [
      0.4898328069496056,
      0.3855161382116797
    ]
  ]
}
