{
  "steersLeft": false,
  "leftEye": [
    [
      0.3858973402148845,
      0.5424919001701809
    ],
    [
      0.4081058884267553,
      0.5363563162577875
    ],
    [
      0.4335749264522558,
      0.5358395342377573
    ],
    [
      0.4590006536535974,
      0.5446410667526903
    ],
    [
      0.43898673773818303,
      0.5546323512963277
    ],
    [
      0.40950469337953077,
      0.5519795106906643
    ]
  ],
  "rightEye": [
    [
      0.5720937155170748,
      0.5403432663838496
    ],
    [
      0.6024149125239496,
      0.5283382726314259
    ],
    [
      0.6263552710457281,
      0.5254444507363099
    ],
    [
      0.6412575829659081,
      0.5334046557048617
    ],
    [
      0.6256539571588459,
      0.5438547564661769
    ],
    [
      0.598633042056804,
      0.5450920181722426
    ]
  ],
  "mouth": [
    [
      0.4571480769533569,
      0.7245174398632636
    ],
    [
      0.48776134327594056,
      0.7181612783332291
    ],
    [
      0.5188738207863808,
      0.7107771592320062
    ],
    [
      0.5334149340446349,
      0.7138413669230063
    ],
    [
      0.5474362305306871,
      0.7105217076827225
    ],
    [
      0.5734918833330187,
      0.7134735195981987
    ],
    [
      0.5928912807744591,
      0.716170364324553
    ],
    [
      0.5747472166556482,
      0.727124895921775
    ],
    [
      0.5586946410685046,
      0.7344416889605208
    ],
    [
      0.5343807755596466,
      0.7368329750788629
    ],
    [
      0.5126873959171846,
      0.7389740891736838
    ],
    [
      0.4884516810328621,
      0.7329443621746312
    ],
    [
      0.4626503182282084,
      0.7231263574788441
    ],
    [
      0.5110687208360144,
      0.7245548324677472
    ],
    [
      0.5304786310351745,
      0.7237249539846884
    ],
    [
      0.5510501864819696,
      0.720886143294938
    ],
    [
      0.5916961279216406,
      0.7149351006041544
    ],
    [
      0.5512442815294539,
      0.7156907024564158
    ],
    [
      0.5333733174252326,
      0.7175279289857824
    ],
    [
      0.5132276010679946,
      0.7180599744054083
    ]
  ]
}
