{
  "steersLeft": true,
  "leftEye": [
    [
      0.4030270748742076,
      0.24798478910123337
    ],
    [
      0.40964020595368983,
      0.2454089113869548
    ],
    [
      0.42141988551190207,
      0.24541165690854894
    ],
    [
      0.4334759746852757,
      0.25057153090777395
    ],
    [
      0.42304711658425914,
      0.25397384803466416
    ],
    [
      0.4108327144427936,
      0.252517950311154
    ]
  ],
  "rightEye": [
    [
      0.48395265713617264,
      0.2516676501862392
    ],
    [
      0.49595366886390435,
      0.24685010589261952
    ],
    [
      0.5071853782270507,
      0.2468422895020013
    ],
    [
      0.518238535011843,
      0.2506244670966661
    ],
    [
      0.5077236065350196,
      0.25541749163768385
    ],
    [
      0.49414826495691827,
      0.25453341066112095
    ]
  ],
  "mouth": [
    [
      0.4281548157397718,
      0.32785261663557974
    ],
    [
      0.43613896407012814,
      0.32471483655788835
    ],
    [
      0.4470933947892041,
      0.32166158631275854
    ],
    [
      0.4539191714004981,
      0.3236368538382139
    ],
    [
      0.4607147291746048,
      0.32263721921065636
    ],
    [
      0.47524533069828134,
      0.3254679383113971
    ],
    [
      0.4883824261095279,
      0.32911651203343345
    ],
    [
      0.47564455089463603,
      0.3328941540494479
    ],
    [
      0.46475326717535664,
      0.3366039120367798
    ],
    [
      0.4548205880675375,
      0.3369999002854912
    ],
    [
      0.4451043190663416,
      0.33624608481148416
    ],
    [
      0.4363864401345558,
      0.33344626290134616
    ],
    [
      0.4306896489202262,
      0.3279616201742596
    ],
    [
      0.44603244924387675,
      0.32870757321116467
    ],
    [
      0.45398283689653446,
      0.32853177924779153
    ],
    [
      0.46375462881197266,
      0.3282766126580379
    ],
    [
      0.4871562628328026,
      0.32781695363390795
    ],
    [
      0.4629665510412953,
      0.32798882213454056
    ],
    [
      0.45425051240602254,
      0.32736619309276455
    ],
    [
      0.44649795662852254,
      0.3268701688580855
    ]
  ]
}
